dataset,split,setting,measurement,update_step,n,mean_entropy,std_entropy,min_entropy,max_entropy,epochs,optim_lr,spec_augment_n_freq_masks,spec_augment_freq_mask_param,spec_augment_n_time_masks,paths
earnings22,test,freq_mask,post_update,1,6,0.2669198910,0.0864621084,0.1575858593,0.3753045797,5,9e-05,6,34,0,raw/earnings22-test-epoch-5-freq_mask.jsonl
earnings22,test,freq_mask,post_update,2,6,0.2177466204,0.0855201267,0.1217875034,0.3727992773,5,9e-05,6,34,0,raw/earnings22-test-epoch-5-freq_mask.jsonl
earnings22,test,freq_mask,post_update,3,6,0.2069940070,0.0667339630,0.1593261063,0.3399077058,5,9e-05,6,34,0,raw/earnings22-test-epoch-5-freq_mask.jsonl
earnings22,test,freq_mask,post_update,4,6,0.2687363873,0.1186644444,0.1385475397,0.4889323115,5,9e-05,6,34,0,raw/earnings22-test-epoch-5-freq_mask.jsonl
earnings22,test,freq_mask,post_update,5,6,0.2409710760,0.1390308455,0.1330712289,0.4854496121,5,9e-05,6,34,0,raw/earnings22-test-epoch-5-freq_mask.jsonl
earnings22,test,freq_mask,post_update,6,6,0.3144590879,0.1320949492,0.1852972209,0.5540525317,5,9e-05,6,34,0,raw/earnings22-test-epoch-5-freq_mask.jsonl
earnings22,test,freq_mask,post_update,7,6,0.2456706812,0.0419813950,0.2069242895,0.3068774343,5,9e-05,6,34,0,raw/earnings22-test-epoch-5-freq_mask.jsonl
earnings22,test,freq_mask,post_update,8,6,0.2841797347,0.1138071957,0.1724396199,0.4925866127,5,9e-05,6,34,0,raw/earnings22-test-epoch-5-freq_mask.jsonl
earnings22,test,freq_mask,post_update,9,6,0.3355569417,0.1848664587,0.1878902316,0.6829873323,5,9e-05,6,34,0,raw/earnings22-test-epoch-5-freq_mask.jsonl
earnings22,test,freq_mask,post_update,10,6,0.2561790397,0.0499649447,0.2036820501,0.3041306734,5,9e-05,6,34,0,raw/earnings22-test-epoch-5-freq_mask.jsonl
earnings22,test,freq_mask,post_update,11,6,0.2851302748,0.0964714276,0.1868835092,0.4276156425,5,9e-05,6,34,0,raw/earnings22-test-epoch-5-freq_mask.jsonl
earnings22,test,freq_mask,post_update,12,6,0.2781551406,0.0515446322,0.2121030539,0.3444594741,5,9e-05,6,34,0,raw/earnings22-test-epoch-5-freq_mask.jsonl
earnings22,test,freq_mask,post_update,13,6,0.2540959890,0.1003595544,0.1600958109,0.4443301558,5,9e-05,6,34,0,raw/earnings22-test-epoch-5-freq_mask.jsonl
earnings22,test,freq_mask,post_update,14,6,0.2708047281,0.0832392193,0.1824717522,0.3741956353,5,9e-05,6,34,0,raw/earnings22-test-epoch-5-freq_mask.jsonl
earnings22,test,freq_mask,post_update,15,6,0.2304993620,0.0758171400,0.1347484291,0.3323535919,5,9e-05,6,34,0,raw/earnings22-test-epoch-5-freq_mask.jsonl
earnings22,test,freq_mask,post_update,16,6,0.2592531691,0.0981344041,0.1353632212,0.3988822699,5,9e-05,6,34,0,raw/earnings22-test-epoch-5-freq_mask.jsonl
earnings22,test,freq_mask,post_update,17,6,0.2311070859,0.0538752495,0.1508444250,0.3002640307,5,9e-05,6,34,0,raw/earnings22-test-epoch-5-freq_mask.jsonl
earnings22,test,freq_mask,post_update,18,6,0.2377720078,0.0805473246,0.1537199914,0.3715585768,5,9e-05,6,34,0,raw/earnings22-test-epoch-5-freq_mask.jsonl
earnings22,test,freq_mask,post_update,19,6,0.2497900029,0.0659012945,0.1852604002,0.3483125567,5,9e-05,6,34,0,raw/earnings22-test-epoch-5-freq_mask.jsonl
earnings22,test,freq_mask,post_update,20,6,0.1984928573,0.0550574374,0.1424533725,0.2664185166,5,9e-05,6,34,0,raw/earnings22-test-epoch-5-freq_mask.jsonl
earnings22,test,freq_mask,post_update,21,6,0.2580034708,0.1192071331,0.1228269488,0.4517130256,5,9e-05,6,34,0,raw/earnings22-test-epoch-5-freq_mask.jsonl
earnings22,test,freq_mask,post_update,22,6,0.2150224000,0.0401367357,0.1661997736,0.2592362761,5,9e-05,6,34,0,raw/earnings22-test-epoch-5-freq_mask.jsonl
earnings22,test,freq_mask,post_update,23,6,0.2388824200,0.0620236525,0.1525111794,0.3293786645,5,9e-05,6,34,0,raw/earnings22-test-epoch-5-freq_mask.jsonl
earnings22,test,freq_mask,post_update,24,6,0.2260919437,0.0818260071,0.1453374624,0.3401454091,5,9e-05,6,34,0,raw/earnings22-test-epoch-5-freq_mask.jsonl
earnings22,test,freq_mask,post_update,25,6,0.2354818061,0.0534141749,0.1691020727,0.3119856417,5,9e-05,6,34,0,raw/earnings22-test-epoch-5-freq_mask.jsonl
earnings22,test,freq_mask,post_update,26,6,0.2730142996,0.1111432322,0.1363601238,0.4603812695,5,9e-05,6,34,0,raw/earnings22-test-epoch-5-freq_mask.jsonl
earnings22,test,freq_mask,post_update,27,6,0.2585854009,0.0796416645,0.1802287996,0.3958002329,5,9e-05,6,34,0,raw/earnings22-test-epoch-5-freq_mask.jsonl
earnings22,test,freq_mask,post_update,28,6,0.2057678401,0.0172946870,0.1839869618,0.2292200327,5,9e-05,6,34,0,raw/earnings22-test-epoch-5-freq_mask.jsonl
earnings22,test,freq_mask,post_update,29,6,0.2841295029,0.1793496928,0.1497034281,0.6427469254,5,9e-05,6,34,0,raw/earnings22-test-epoch-5-freq_mask.jsonl
earnings22,test,freq_mask,post_update,30,6,0.2348331710,0.0539746921,0.1654832810,0.2935466468,5,9e-05,6,34,0,raw/earnings22-test-epoch-5-freq_mask.jsonl
earnings22,test,freq_mask,post_update,31,6,0.2189182689,0.0542224090,0.1438569129,0.2891071439,5,9e-05,6,34,0,raw/earnings22-test-epoch-5-freq_mask.jsonl
earnings22,test,freq_mask,post_update,32,6,0.2271390508,0.0520911472,0.1561383307,0.2940381169,5,9e-05,6,34,0,raw/earnings22-test-epoch-5-freq_mask.jsonl
earnings22,test,freq_mask,post_update,33,6,0.2283472568,0.0971940129,0.1280977577,0.3947407603,5,9e-05,6,34,0,raw/earnings22-test-epoch-5-freq_mask.jsonl
earnings22,test,freq_mask,post_update,34,6,0.2370161091,0.0687069939,0.1503814757,0.3329212964,5,9e-05,6,34,0,raw/earnings22-test-epoch-5-freq_mask.jsonl
earnings22,test,freq_mask,post_update,35,6,0.1843687644,0.0311889356,0.1470966935,0.2197257280,5,9e-05,6,34,0,raw/earnings22-test-epoch-5-freq_mask.jsonl
earnings22,test,freq_mask,post_update,36,6,0.2004218747,0.0523559081,0.1427752972,0.2919497788,5,9e-05,6,34,0,raw/earnings22-test-epoch-5-freq_mask.jsonl
earnings22,test,freq_mask,post_update,37,6,0.2372539937,0.0975642775,0.1542485952,0.4226570427,5,9e-05,6,34,0,raw/earnings22-test-epoch-5-freq_mask.jsonl
earnings22,test,freq_mask,post_update,38,6,0.1823643943,0.0350558579,0.1484392434,0.2286158353,5,9e-05,6,34,0,raw/earnings22-test-epoch-5-freq_mask.jsonl
earnings22,test,freq_mask,post_update,39,6,0.2379672912,0.0858745220,0.1169332489,0.3324632347,5,9e-05,6,34,0,raw/earnings22-test-epoch-5-freq_mask.jsonl
earnings22,test,freq_mask,post_update,40,6,0.2345510696,0.0760293714,0.1175642759,0.3128855526,5,9e-05,6,34,0,raw/earnings22-test-epoch-5-freq_mask.jsonl
earnings22,test,freq_mask,post_update,41,6,0.2532008464,0.0963788833,0.1240424067,0.3847863674,5,9e-05,6,34,0,raw/earnings22-test-epoch-5-freq_mask.jsonl
earnings22,test,freq_mask,post_update,42,6,0.2361475527,0.0733970568,0.1445998251,0.3180458546,5,9e-05,6,34,0,raw/earnings22-test-epoch-5-freq_mask.jsonl
earnings22,test,freq_mask,post_update,43,6,0.2140148940,0.0660116362,0.1208183393,0.2998276353,5,9e-05,6,34,0,raw/earnings22-test-epoch-5-freq_mask.jsonl
earnings22,test,freq_mask,post_update,44,6,0.2173401043,0.0750416316,0.1384208649,0.3160944581,5,9e-05,6,34,0,raw/earnings22-test-epoch-5-freq_mask.jsonl
earnings22,test,freq_mask,post_update,45,6,0.2272890657,0.0630764348,0.1613768637,0.2934310436,5,9e-05,6,34,0,raw/earnings22-test-epoch-5-freq_mask.jsonl
earnings22,test,freq_mask,post_update,46,6,0.2162123869,0.0279744636,0.1731612533,0.2549300194,5,9e-05,6,34,0,raw/earnings22-test-epoch-5-freq_mask.jsonl
earnings22,test,freq_mask,post_update,47,6,0.2790657803,0.1566043152,0.1396155655,0.5729146004,5,9e-05,6,34,0,raw/earnings22-test-epoch-5-freq_mask.jsonl
earnings22,test,freq_mask,post_update,48,6,0.1807726249,0.0462799848,0.1195258796,0.2374702096,5,9e-05,6,34,0,raw/earnings22-test-epoch-5-freq_mask.jsonl
earnings22,test,freq_mask,post_update,49,6,0.2153554261,0.0216328831,0.1837683320,0.2445501983,5,9e-05,6,34,0,raw/earnings22-test-epoch-5-freq_mask.jsonl
earnings22,test,freq_mask,post_update,50,6,0.2148011948,0.0480773678,0.1524140537,0.2709474564,5,9e-05,6,34,0,raw/earnings22-test-epoch-5-freq_mask.jsonl
earnings22,test,freq_mask,post_update,51,6,0.1932530801,0.0673318689,0.1025097370,0.2644240260,5,9e-05,6,34,0,raw/earnings22-test-epoch-5-freq_mask.jsonl
earnings22,test,freq_mask,post_update,52,6,0.2499920403,0.1061419986,0.1023302525,0.4050077796,5,9e-05,6,34,0,raw/earnings22-test-epoch-5-freq_mask.jsonl
earnings22,test,freq_mask,post_update,53,6,0.1946090509,0.0643110709,0.1368576735,0.2832989693,5,9e-05,6,34,0,raw/earnings22-test-epoch-5-freq_mask.jsonl
earnings22,test,freq_mask,post_update,54,6,0.2344881122,0.1858879101,0.1048285142,0.6011490822,5,9e-05,6,34,0,raw/earnings22-test-epoch-5-freq_mask.jsonl
earnings22,test,freq_mask,post_update,55,6,0.2221259090,0.0823820855,0.1034075543,0.3373617530,5,9e-05,6,34,0,raw/earnings22-test-epoch-5-freq_mask.jsonl
earnings22,test,freq_mask,post_update,56,6,0.2192609385,0.0783615094,0.1421755254,0.3496854305,5,9e-05,6,34,0,raw/earnings22-test-epoch-5-freq_mask.jsonl
earnings22,test,freq_mask,post_update,57,6,0.2128758455,0.0609510448,0.0959715545,0.2717877626,5,9e-05,6,34,0,raw/earnings22-test-epoch-5-freq_mask.jsonl
earnings22,test,freq_mask,post_update,58,6,0.1776461725,0.0635193080,0.0866845995,0.2751122415,5,9e-05,6,34,0,raw/earnings22-test-epoch-5-freq_mask.jsonl
earnings22,test,freq_mask,post_update,59,6,0.1650163134,0.0347872524,0.1244930029,0.2013216317,5,9e-05,6,34,0,raw/earnings22-test-epoch-5-freq_mask.jsonl
earnings22,test,freq_mask,post_update,60,6,0.2031393995,0.0557806232,0.1181106120,0.2669987679,5,9e-05,6,34,0,raw/earnings22-test-epoch-5-freq_mask.jsonl
earnings22,test,freq_mask,post_update,61,6,0.2060890645,0.0898917505,0.0832720548,0.3339418173,5,9e-05,6,34,0,raw/earnings22-test-epoch-5-freq_mask.jsonl
earnings22,test,freq_mask,post_update,62,6,0.2169808572,0.0810030517,0.1017289758,0.3239660859,5,9e-05,6,34,0,raw/earnings22-test-epoch-5-freq_mask.jsonl
earnings22,test,freq_mask,post_update,63,6,0.1673866982,0.0308026996,0.1276223809,0.1994363666,5,9e-05,6,34,0,raw/earnings22-test-epoch-5-freq_mask.jsonl
earnings22,test,freq_mask,post_update,64,6,0.2012566477,0.0721488639,0.1331709623,0.3049434423,5,9e-05,6,34,0,raw/earnings22-test-epoch-5-freq_mask.jsonl
earnings22,test,freq_mask,post_update,65,6,0.1944222276,0.0552867383,0.1220320314,0.2622762322,5,9e-05,6,34,0,raw/earnings22-test-epoch-5-freq_mask.jsonl
earnings22,test,freq_mask,post_update,66,6,0.1951779723,0.0358661883,0.1355665028,0.2455097288,5,9e-05,6,34,0,raw/earnings22-test-epoch-5-freq_mask.jsonl
earnings22,test,freq_mask,post_update,67,6,0.1827767069,0.0461079820,0.1290956587,0.2512162328,5,9e-05,6,34,0,raw/earnings22-test-epoch-5-freq_mask.jsonl
earnings22,test,freq_mask,post_update,68,6,0.2032925958,0.0932353160,0.1116300374,0.3426864147,5,9e-05,6,34,0,raw/earnings22-test-epoch-5-freq_mask.jsonl
earnings22,test,freq_mask,post_update,69,6,0.1875103116,0.0531531113,0.1145833731,0.2413631082,5,9e-05,6,34,0,raw/earnings22-test-epoch-5-freq_mask.jsonl
earnings22,test,freq_mask,post_update,70,6,0.2490936058,0.1752904795,0.0866304114,0.5744249821,5,9e-05,6,34,0,raw/earnings22-test-epoch-5-freq_mask.jsonl
earnings22,test,freq_mask,post_update,71,6,0.1912907064,0.0760429698,0.1277346015,0.3228634298,5,9e-05,6,34,0,raw/earnings22-test-epoch-5-freq_mask.jsonl
earnings22,test,freq_mask,post_update,72,6,0.1983361418,0.0443965312,0.1370164454,0.2335657924,5,9e-05,6,34,0,raw/earnings22-test-epoch-5-freq_mask.jsonl
earnings22,test,freq_mask,post_update,73,6,0.1705261394,0.0317746623,0.1313689351,0.2237884551,5,9e-05,6,34,0,raw/earnings22-test-epoch-5-freq_mask.jsonl
earnings22,test,freq_mask,post_update,74,6,0.1821576258,0.0656915505,0.0849109888,0.2692372799,5,9e-05,6,34,0,raw/earnings22-test-epoch-5-freq_mask.jsonl
earnings22,test,freq_mask,post_update,75,6,0.1916046838,0.0688373244,0.1148396879,0.2722309828,5,9e-05,6,34,0,raw/earnings22-test-epoch-5-freq_mask.jsonl
earnings22,test,freq_mask,post_update,76,6,0.1783223674,0.0485570376,0.1298862100,0.2717561126,5,9e-05,6,34,0,raw/earnings22-test-epoch-5-freq_mask.jsonl
earnings22,test,freq_mask,post_update,77,6,0.2421816364,0.1391161736,0.1017262936,0.5004071593,5,9e-05,6,34,0,raw/earnings22-test-epoch-5-freq_mask.jsonl
earnings22,test,freq_mask,post_update,78,6,0.2235966921,0.0673727488,0.1399330795,0.3274922967,5,9e-05,6,34,0,raw/earnings22-test-epoch-5-freq_mask.jsonl
earnings22,test,freq_mask,post_update,79,6,0.1654386148,0.0418867491,0.1133636981,0.2330733836,5,9e-05,6,34,0,raw/earnings22-test-epoch-5-freq_mask.jsonl
earnings22,test,freq_mask,post_update,80,6,0.1615306077,0.0446641765,0.1023572311,0.2373288870,5,9e-05,6,34,0,raw/earnings22-test-epoch-5-freq_mask.jsonl
earnings22,test,freq_mask,post_update,81,6,0.1722546977,0.0848965697,0.0912866592,0.2824461460,5,9e-05,6,34,0,raw/earnings22-test-epoch-5-freq_mask.jsonl
earnings22,test,freq_mask,post_update,82,6,0.1906458264,0.0475012678,0.1223245561,0.2448536754,5,9e-05,6,34,0,raw/earnings22-test-epoch-5-freq_mask.jsonl
earnings22,test,freq_mask,post_update,83,6,0.1698657796,0.0534695150,0.0896916389,0.2378347069,5,9e-05,6,34,0,raw/earnings22-test-epoch-5-freq_mask.jsonl
earnings22,test,freq_mask,post_update,84,6,0.1681883683,0.0285270250,0.1305644810,0.2074001431,5,9e-05,6,34,0,raw/earnings22-test-epoch-5-freq_mask.jsonl
earnings22,test,freq_mask,post_update,85,6,0.1646174341,0.0442392311,0.0974696279,0.2141100168,5,9e-05,6,34,0,raw/earnings22-test-epoch-5-freq_mask.jsonl
earnings22,test,freq_mask,post_update,86,6,0.1704433759,0.0606361899,0.0985807478,0.2777132988,5,9e-05,6,34,0,raw/earnings22-test-epoch-5-freq_mask.jsonl
earnings22,test,freq_mask,post_update,87,6,0.1700897627,0.0734884489,0.0848700032,0.3019900024,5,9e-05,6,34,0,raw/earnings22-test-epoch-5-freq_mask.jsonl
earnings22,test,freq_mask,post_update,88,6,0.1572769160,0.0320307542,0.1072356850,0.2014188915,5,9e-05,6,34,0,raw/earnings22-test-epoch-5-freq_mask.jsonl
earnings22,test,freq_mask,post_update,89,6,0.1540222168,0.0526152226,0.0937268436,0.2319121957,5,9e-05,6,34,0,raw/earnings22-test-epoch-5-freq_mask.jsonl
earnings22,test,freq_mask,post_update,90,6,0.1692193200,0.0737144551,0.0954971910,0.2928004265,5,9e-05,6,34,0,raw/earnings22-test-epoch-5-freq_mask.jsonl
earnings22,test,freq_mask,post_update,91,6,0.1728028804,0.0449009368,0.1171340346,0.2242832780,5,9e-05,6,34,0,raw/earnings22-test-epoch-5-freq_mask.jsonl
earnings22,test,freq_mask,post_update,92,6,0.1634797441,0.0445347865,0.1167405918,0.2168010473,5,9e-05,6,34,0,raw/earnings22-test-epoch-5-freq_mask.jsonl
earnings22,test,freq_mask,post_update,93,6,0.1995508969,0.1030277579,0.0941951722,0.3877048492,5,9e-05,6,34,0,raw/earnings22-test-epoch-5-freq_mask.jsonl
earnings22,test,freq_mask,post_update,94,6,0.1432460460,0.0408516071,0.1005884632,0.1939122081,5,9e-05,6,34,0,raw/earnings22-test-epoch-5-freq_mask.jsonl
earnings22,test,freq_mask,post_update,95,6,0.1638555527,0.0448033442,0.0790926963,0.2098020315,5,9e-05,6,34,0,raw/earnings22-test-epoch-5-freq_mask.jsonl
earnings22,test,freq_mask,post_update,96,6,0.1634084533,0.0504351360,0.0947023034,0.2284555286,5,9e-05,6,34,0,raw/earnings22-test-epoch-5-freq_mask.jsonl
earnings22,test,freq_mask,post_update,97,6,0.1721372095,0.0469381860,0.1073923483,0.2399403155,5,9e-05,6,34,0,raw/earnings22-test-epoch-5-freq_mask.jsonl
earnings22,test,freq_mask,post_update,98,6,0.1620466113,0.0653102075,0.0842572600,0.2624512911,5,9e-05,6,34,0,raw/earnings22-test-epoch-5-freq_mask.jsonl
earnings22,test,freq_mask,post_update,99,6,0.1662794550,0.0397054732,0.1208646297,0.2150398940,5,9e-05,6,34,0,raw/earnings22-test-epoch-5-freq_mask.jsonl
earnings22,test,freq_mask,post_update,100,6,0.1530720269,0.0490182720,0.0909385383,0.2191476822,5,9e-05,6,34,0,raw/earnings22-test-epoch-5-freq_mask.jsonl
earnings22,test,freq_mask,post_update,101,6,0.1747322331,0.0705278974,0.0966746658,0.2793800235,5,9e-05,6,34,0,raw/earnings22-test-epoch-5-freq_mask.jsonl
earnings22,test,freq_mask,post_update,102,6,0.1330315545,0.0437076239,0.0857519358,0.1806306839,5,9e-05,6,34,0,raw/earnings22-test-epoch-5-freq_mask.jsonl
earnings22,test,freq_mask,post_update,103,6,0.1717344001,0.0551955029,0.1041592360,0.2560172677,5,9e-05,6,34,0,raw/earnings22-test-epoch-5-freq_mask.jsonl
earnings22,test,freq_mask,post_update,104,6,0.1495792717,0.0416754336,0.0889271647,0.1928943992,5,9e-05,6,34,0,raw/earnings22-test-epoch-5-freq_mask.jsonl
earnings22,test,freq_mask,post_update,105,6,0.1724322016,0.0477368818,0.1145785004,0.2502617538,5,9e-05,6,34,0,raw/earnings22-test-epoch-5-freq_mask.jsonl
earnings22,test,freq_mask,post_update,106,6,0.1642577139,0.0423333133,0.1188859940,0.2286590934,5,9e-05,6,34,0,raw/earnings22-test-epoch-5-freq_mask.jsonl
earnings22,test,freq_mask,post_update,107,6,0.1461177704,0.0347988157,0.1037645638,0.1869838834,5,9e-05,6,34,0,raw/earnings22-test-epoch-5-freq_mask.jsonl
earnings22,test,freq_mask,post_update,108,6,0.1515095805,0.0425630321,0.0989776850,0.2264791131,5,9e-05,6,34,0,raw/earnings22-test-epoch-5-freq_mask.jsonl
earnings22,test,freq_mask,post_update,109,6,0.1713646551,0.0457149446,0.1067680269,0.2330458313,5,9e-05,6,34,0,raw/earnings22-test-epoch-5-freq_mask.jsonl
earnings22,test,freq_mask,post_update,110,6,0.1436381737,0.0246802725,0.1058232635,0.1632942557,5,9e-05,6,34,0,raw/earnings22-test-epoch-5-freq_mask.jsonl
earnings22,test,freq_mask,post_update,111,6,0.1416302460,0.0373889028,0.0697680041,0.1766139418,5,9e-05,6,34,0,raw/earnings22-test-epoch-5-freq_mask.jsonl
earnings22,test,freq_mask,post_update,112,6,0.2023407159,0.1177437169,0.0903069153,0.4192410111,5,9e-05,6,34,0,raw/earnings22-test-epoch-5-freq_mask.jsonl
earnings22,test,freq_mask,post_update,113,6,0.1506147509,0.0347623528,0.1051481813,0.1939108372,5,9e-05,6,34,0,raw/earnings22-test-epoch-5-freq_mask.jsonl
earnings22,test,freq_mask,post_update,114,6,0.1345681126,0.0333822815,0.0769319087,0.1636783779,5,9e-05,6,34,0,raw/earnings22-test-epoch-5-freq_mask.jsonl
earnings22,test,freq_mask,post_update,115,6,0.1929580544,0.0756351578,0.0925795734,0.3196285963,5,9e-05,6,34,0,raw/earnings22-test-epoch-5-freq_mask.jsonl
earnings22,test,freq_mask,post_update,116,6,0.1532075951,0.0440157820,0.1029864997,0.2240687311,5,9e-05,6,34,0,raw/earnings22-test-epoch-5-freq_mask.jsonl
earnings22,test,freq_mask,post_update,117,6,0.1538731605,0.0404784665,0.0935030580,0.2084329277,5,9e-05,6,34,0,raw/earnings22-test-epoch-5-freq_mask.jsonl
earnings22,test,freq_mask,post_update,118,6,0.1333227567,0.0404011987,0.0905996636,0.1836256385,5,9e-05,6,34,0,raw/earnings22-test-epoch-5-freq_mask.jsonl
earnings22,test,freq_mask,post_update,119,6,0.1459104779,0.0306043074,0.1100148708,0.1879444122,5,9e-05,6,34,0,raw/earnings22-test-epoch-5-freq_mask.jsonl
earnings22,test,freq_mask,post_update,120,6,0.1514229750,0.0285829947,0.1235724092,0.2039932311,5,9e-05,6,34,0,raw/earnings22-test-epoch-5-freq_mask.jsonl
earnings22,test,freq_mask,post_update,121,6,0.1749085064,0.0549996722,0.1069326848,0.2463686466,5,9e-05,6,34,0,raw/earnings22-test-epoch-5-freq_mask.jsonl
earnings22,test,freq_mask,post_update,122,6,0.1714393074,0.0380660032,0.1349264085,0.2415925264,5,9e-05,6,34,0,raw/earnings22-test-epoch-5-freq_mask.jsonl
earnings22,test,freq_mask,post_update,123,6,0.1657473296,0.0478667312,0.0996758789,0.2005133778,5,9e-05,6,34,0,raw/earnings22-test-epoch-5-freq_mask.jsonl
earnings22,test,freq_mask,post_update,124,6,0.1454949590,0.0220808089,0.1123050079,0.1762990803,5,9e-05,6,34,0,raw/earnings22-test-epoch-5-freq_mask.jsonl
earnings22,test,freq_mask,post_update,125,6,0.1478430952,0.0305730846,0.0904121846,0.1729059368,5,9e-05,6,34,0,raw/earnings22-test-epoch-5-freq_mask.jsonl
earnings22,test,freq_mask,post_update,126,6,0.1626817932,0.0443366744,0.1172585711,0.2266981751,5,9e-05,6,34,0,raw/earnings22-test-epoch-5-freq_mask.jsonl
earnings22,test,freq_mask,post_update,127,6,0.1385672291,0.0538590871,0.0898765102,0.2405154407,5,9e-05,6,34,0,raw/earnings22-test-epoch-5-freq_mask.jsonl
earnings22,test,freq_mask,post_update,128,6,0.1638735210,0.0550005271,0.0743000656,0.2205316722,5,9e-05,6,34,0,raw/earnings22-test-epoch-5-freq_mask.jsonl
earnings22,test,freq_mask,post_update,129,6,0.1649128497,0.0425093412,0.0987202674,0.2244012803,5,9e-05,6,34,0,raw/earnings22-test-epoch-5-freq_mask.jsonl
earnings22,test,freq_mask,post_update,130,6,0.1264984123,0.0302566108,0.0845800787,0.1661209166,5,9e-05,6,34,0,raw/earnings22-test-epoch-5-freq_mask.jsonl
earnings22,test,freq_mask,post_update,131,6,0.1496478356,0.0401029005,0.1096736044,0.2045247704,5,9e-05,6,34,0,raw/earnings22-test-epoch-5-freq_mask.jsonl
earnings22,test,freq_mask,post_update,132,6,0.1465115274,0.0542804871,0.0867237449,0.2413669378,5,9e-05,6,34,0,raw/earnings22-test-epoch-5-freq_mask.jsonl
earnings22,test,freq_mask,post_update,133,6,0.1490283509,0.0386615242,0.1169134974,0.2021589875,5,9e-05,6,34,0,raw/earnings22-test-epoch-5-freq_mask.jsonl
earnings22,test,freq_mask,post_update,134,6,0.1454680264,0.0293137715,0.1273032427,0.2045333982,5,9e-05,6,34,0,raw/earnings22-test-epoch-5-freq_mask.jsonl
earnings22,test,freq_mask,post_update,135,6,0.1400620043,0.0371143578,0.1022210345,0.1834234297,5,9e-05,6,34,0,raw/earnings22-test-epoch-5-freq_mask.jsonl
earnings22,test,freq_mask,post_update,136,6,0.1429069402,0.0276958910,0.1028163582,0.1760353446,5,9e-05,6,34,0,raw/earnings22-test-epoch-5-freq_mask.jsonl
earnings22,test,freq_mask,post_update,137,6,0.1410869261,0.0277422929,0.0951876640,0.1801362038,5,9e-05,6,34,0,raw/earnings22-test-epoch-5-freq_mask.jsonl
earnings22,test,freq_mask,post_update,138,6,0.1569403062,0.0390990253,0.0865163207,0.2018967569,5,9e-05,6,34,0,raw/earnings22-test-epoch-5-freq_mask.jsonl
earnings22,test,freq_mask,post_update,139,6,0.1406306053,0.0448388508,0.0961516500,0.1979339719,5,9e-05,6,34,0,raw/earnings22-test-epoch-5-freq_mask.jsonl
earnings22,test,freq_mask,post_update,140,6,0.1362112065,0.0526523882,0.0780818760,0.2224232852,5,9e-05,6,34,0,raw/earnings22-test-epoch-5-freq_mask.jsonl
earnings22,test,freq_mask,post_update,141,6,0.1363670503,0.0444406964,0.0893841758,0.2173853815,5,9e-05,6,34,0,raw/earnings22-test-epoch-5-freq_mask.jsonl
earnings22,test,freq_mask,post_update,142,6,0.1448140293,0.0418862056,0.0936359018,0.2056987584,5,9e-05,6,34,0,raw/earnings22-test-epoch-5-freq_mask.jsonl
earnings22,test,freq_mask,post_update,143,6,0.2025654962,0.1491416746,0.0847024173,0.4931100905,5,9e-05,6,34,0,raw/earnings22-test-epoch-5-freq_mask.jsonl
earnings22,test,freq_mask,post_update,144,6,0.1474004164,0.0350012623,0.1229321361,0.2170609236,5,9e-05,6,34,0,raw/earnings22-test-epoch-5-freq_mask.jsonl
earnings22,test,freq_mask,post_update,145,6,0.2073625575,0.1363130247,0.1065432876,0.4716110229,5,9e-05,6,34,0,raw/earnings22-test-epoch-5-freq_mask.jsonl
earnings22,test,freq_mask,post_update,146,6,0.1488629157,0.0382116620,0.1090752035,0.2026333213,5,9e-05,6,34,0,raw/earnings22-test-epoch-5-freq_mask.jsonl
earnings22,test,freq_mask,post_update,147,6,0.1472849275,0.0375076278,0.0962976515,0.2026932240,5,9e-05,6,34,0,raw/earnings22-test-epoch-5-freq_mask.jsonl
earnings22,test,freq_mask,post_update,148,6,0.1389150433,0.0385015468,0.0900368989,0.1820260882,5,9e-05,6,34,0,raw/earnings22-test-epoch-5-freq_mask.jsonl
earnings22,test,freq_mask,post_update,149,6,0.1256897015,0.0404362952,0.0898924246,0.1982813030,5,9e-05,6,34,0,raw/earnings22-test-epoch-5-freq_mask.jsonl
earnings22,test,freq_mask,post_update,150,6,0.1307059353,0.0428139039,0.0779096186,0.1806771159,5,9e-05,6,34,0,raw/earnings22-test-epoch-5-freq_mask.jsonl
earnings22,test,freq_mask,post_update,151,6,0.1247315680,0.0238789715,0.0977668539,0.1560937613,5,9e-05,6,34,0,raw/earnings22-test-epoch-5-freq_mask.jsonl
earnings22,test,freq_mask,post_update,152,6,0.1562074522,0.0469077378,0.1083660126,0.2309596241,5,9e-05,6,34,0,raw/earnings22-test-epoch-5-freq_mask.jsonl
earnings22,test,freq_mask,post_update,153,6,0.1473765646,0.0544868350,0.0777190030,0.2020212114,5,9e-05,6,34,0,raw/earnings22-test-epoch-5-freq_mask.jsonl
earnings22,test,freq_mask,post_update,154,6,0.1553611010,0.0470867304,0.0973625183,0.2085605562,5,9e-05,6,34,0,raw/earnings22-test-epoch-5-freq_mask.jsonl
earnings22,test,freq_mask,post_update,155,6,0.1311411684,0.0402118121,0.0792214125,0.1840922534,5,9e-05,6,34,0,raw/earnings22-test-epoch-5-freq_mask.jsonl
earnings22,test,freq_mask,post_update,156,6,0.1477655768,0.0343848417,0.1001593769,0.1999030113,5,9e-05,6,34,0,raw/earnings22-test-epoch-5-freq_mask.jsonl
earnings22,test,freq_mask,post_update,157,6,0.1472215677,0.0450358123,0.0969092250,0.1908408552,5,9e-05,6,34,0,raw/earnings22-test-epoch-5-freq_mask.jsonl
earnings22,test,freq_mask,post_update,158,6,0.1422971624,0.0420189861,0.0749823600,0.1943521053,5,9e-05,6,34,0,raw/earnings22-test-epoch-5-freq_mask.jsonl
earnings22,test,freq_mask,post_update,159,6,0.1336994742,0.0308796981,0.1007575840,0.1824920475,5,9e-05,6,34,0,raw/earnings22-test-epoch-5-freq_mask.jsonl
earnings22,test,freq_mask,post_update,160,6,0.1293848716,0.0314164167,0.0949450210,0.1762751639,5,9e-05,6,34,0,raw/earnings22-test-epoch-5-freq_mask.jsonl
earnings22,test,freq_mask,post_update,161,6,0.1320770023,0.0314451995,0.1029969305,0.1807340384,5,9e-05,6,34,0,raw/earnings22-test-epoch-5-freq_mask.jsonl
earnings22,test,freq_mask,post_update,162,6,0.1417407592,0.0371980557,0.0876782984,0.1952638328,5,9e-05,6,34,0,raw/earnings22-test-epoch-5-freq_mask.jsonl
earnings22,test,freq_mask,post_update,163,6,0.1332895545,0.0297293247,0.1013148427,0.1834461987,5,9e-05,6,34,0,raw/earnings22-test-epoch-5-freq_mask.jsonl
earnings22,test,freq_mask,post_update,164,6,0.1311677881,0.0407502253,0.0865778923,0.1803011894,5,9e-05,6,34,0,raw/earnings22-test-epoch-5-freq_mask.jsonl
earnings22,test,freq_mask,post_update,165,6,0.1452548119,0.0356755002,0.0938721076,0.1865173280,5,9e-05,6,34,0,raw/earnings22-test-epoch-5-freq_mask.jsonl
earnings22,test,freq_mask,post_update,166,6,0.1066720113,0.0353376996,0.0725417137,0.1682319641,5,9e-05,6,34,0,raw/earnings22-test-epoch-5-freq_mask.jsonl
earnings22,test,freq_mask,post_update,167,6,0.1276233196,0.0298235241,0.1007851213,0.1684055030,5,9e-05,6,34,0,raw/earnings22-test-epoch-5-freq_mask.jsonl
earnings22,test,freq_mask,post_update,168,6,0.1500934723,0.0429739360,0.0869432986,0.2047751993,5,9e-05,6,34,0,raw/earnings22-test-epoch-5-freq_mask.jsonl
earnings22,test,freq_mask,post_update,169,6,0.1440023407,0.0190008087,0.1163058132,0.1653831303,5,9e-05,6,34,0,raw/earnings22-test-epoch-5-freq_mask.jsonl
earnings22,test,freq_mask,post_update,170,6,0.1137305635,0.0385365425,0.0755656064,0.1740059257,5,9e-05,6,34,0,raw/earnings22-test-epoch-5-freq_mask.jsonl
earnings22,test,freq_mask,post_update,171,6,0.1687814097,0.0927457859,0.0988882333,0.3515340686,5,9e-05,6,34,0,raw/earnings22-test-epoch-5-freq_mask.jsonl
earnings22,test,freq_mask,post_update,172,6,0.1119362488,0.0147571156,0.0886744261,0.1336397827,5,9e-05,6,34,0,raw/earnings22-test-epoch-5-freq_mask.jsonl
earnings22,test,freq_mask,post_update,173,6,0.1334921084,0.0555088726,0.0732364357,0.2324073911,5,9e-05,6,34,0,raw/earnings22-test-epoch-5-freq_mask.jsonl
earnings22,test,freq_mask,post_update,174,6,0.1336306371,0.0334450328,0.0984468609,0.1950479150,5,9e-05,6,34,0,raw/earnings22-test-epoch-5-freq_mask.jsonl
earnings22,test,freq_mask,post_update,175,6,0.1087219243,0.0269135911,0.0852378979,0.1561584771,5,9e-05,6,34,0,raw/earnings22-test-epoch-5-freq_mask.jsonl
earnings22,test,freq_mask,post_update,176,6,0.1138649185,0.0233044932,0.0807431489,0.1535727680,5,9e-05,6,34,0,raw/earnings22-test-epoch-5-freq_mask.jsonl
earnings22,test,freq_mask,post_update,177,6,0.1466896981,0.0442289382,0.0878772140,0.2109321803,5,9e-05,6,34,0,raw/earnings22-test-epoch-5-freq_mask.jsonl
earnings22,test,freq_mask,post_update,178,6,0.1820637099,0.1211386275,0.0837161168,0.4207258821,5,9e-05,6,34,0,raw/earnings22-test-epoch-5-freq_mask.jsonl
earnings22,test,freq_mask,post_update,179,6,0.1322080903,0.0459285954,0.0807622522,0.2032917440,5,9e-05,6,34,0,raw/earnings22-test-epoch-5-freq_mask.jsonl
earnings22,test,freq_mask,post_update,180,6,0.1233097687,0.0410129542,0.0740396827,0.1749885380,5,9e-05,6,34,0,raw/earnings22-test-epoch-5-freq_mask.jsonl
earnings22,test,freq_mask,post_update,181,6,0.1290486703,0.0288131954,0.0901281908,0.1713449657,5,9e-05,6,34,0,raw/earnings22-test-epoch-5-freq_mask.jsonl
earnings22,test,freq_mask,post_update,182,6,0.1379231612,0.0267277451,0.0966382474,0.1744171083,5,9e-05,6,34,0,raw/earnings22-test-epoch-5-freq_mask.jsonl
earnings22,test,freq_mask,post_update,183,6,0.1526002052,0.0523233361,0.0774888471,0.2190524936,5,9e-05,6,34,0,raw/earnings22-test-epoch-5-freq_mask.jsonl
earnings22,test,freq_mask,post_update,184,6,0.1299864116,0.0311709523,0.0939672515,0.1654715389,5,9e-05,6,34,0,raw/earnings22-test-epoch-5-freq_mask.jsonl
earnings22,test,freq_mask,post_update,185,6,0.1385321903,0.0456937620,0.0914279297,0.1989513487,5,9e-05,6,34,0,raw/earnings22-test-epoch-5-freq_mask.jsonl
earnings22,test,freq_mask,post_update,186,6,0.1211378078,0.0384766662,0.0911304057,0.1948170960,5,9e-05,6,34,0,raw/earnings22-test-epoch-5-freq_mask.jsonl
earnings22,test,freq_mask,post_update,187,6,0.1319958369,0.0419476284,0.0892613232,0.1852089465,5,9e-05,6,34,0,raw/earnings22-test-epoch-5-freq_mask.jsonl
earnings22,test,freq_mask,post_update,188,6,0.1358081599,0.0643961083,0.0990250111,0.2665486634,5,9e-05,6,34,0,raw/earnings22-test-epoch-5-freq_mask.jsonl
earnings22,test,freq_mask,post_update,189,6,0.1470763038,0.0475065165,0.0974808484,0.2061106712,5,9e-05,6,34,0,raw/earnings22-test-epoch-5-freq_mask.jsonl
earnings22,test,freq_mask,post_update,190,6,0.1172127438,0.0299258086,0.0955093652,0.1689748764,5,9e-05,6,34,0,raw/earnings22-test-epoch-5-freq_mask.jsonl
earnings22,test,freq_mask,post_update,191,6,0.1224429843,0.0269693355,0.0836811960,0.1665089726,5,9e-05,6,34,0,raw/earnings22-test-epoch-5-freq_mask.jsonl
earnings22,test,freq_mask,post_update,192,6,0.1174995651,0.0481245233,0.0680940151,0.1837469339,5,9e-05,6,34,0,raw/earnings22-test-epoch-5-freq_mask.jsonl
earnings22,test,freq_mask,post_update,193,6,0.1102765948,0.0306434688,0.0742844939,0.1427712142,5,9e-05,6,34,0,raw/earnings22-test-epoch-5-freq_mask.jsonl
earnings22,test,freq_mask,post_update,194,6,0.1349033937,0.0365639239,0.0834092647,0.1867173761,5,9e-05,6,34,0,raw/earnings22-test-epoch-5-freq_mask.jsonl
earnings22,test,freq_mask,post_update,195,6,0.1376586345,0.0531059428,0.0900169313,0.2201179564,5,9e-05,6,34,0,raw/earnings22-test-epoch-5-freq_mask.jsonl
earnings22,test,freq_mask,post_update,196,6,0.1356495594,0.0594816102,0.0747976378,0.2306601405,5,9e-05,6,34,0,raw/earnings22-test-epoch-5-freq_mask.jsonl
earnings22,test,freq_mask,post_update,197,6,0.1434759243,0.0456941765,0.0610509031,0.1899819076,5,9e-05,6,34,0,raw/earnings22-test-epoch-5-freq_mask.jsonl
earnings22,test,freq_mask,post_update,198,6,0.1458557248,0.0380041308,0.0967089832,0.1908577979,5,9e-05,6,34,0,raw/earnings22-test-epoch-5-freq_mask.jsonl
earnings22,test,freq_mask,post_update,199,6,0.1402128190,0.0394712051,0.0975943804,0.1882817745,5,9e-05,6,34,0,raw/earnings22-test-epoch-5-freq_mask.jsonl
earnings22,test,freq_mask,post_update,200,6,0.1265545040,0.0295513570,0.0881123394,0.1732615083,5,9e-05,6,34,0,raw/earnings22-test-epoch-5-freq_mask.jsonl
earnings22,test,freq_mask,post_update,201,6,0.1269953847,0.0227631501,0.0943972915,0.1469588429,5,9e-05,6,34,0,raw/earnings22-test-epoch-5-freq_mask.jsonl
earnings22,test,freq_mask,post_update,202,6,0.1380029569,0.0415930439,0.0914753973,0.2058188319,5,9e-05,6,34,0,raw/earnings22-test-epoch-5-freq_mask.jsonl
earnings22,test,freq_mask,post_update,203,6,0.1256639039,0.0332708211,0.0762629658,0.1566005349,5,9e-05,6,34,0,raw/earnings22-test-epoch-5-freq_mask.jsonl
earnings22,test,freq_mask,post_update,204,6,0.1843035320,0.1291187947,0.0787239522,0.4389592111,5,9e-05,6,34,0,raw/earnings22-test-epoch-5-freq_mask.jsonl
earnings22,test,freq_mask,post_update,205,6,0.1367881857,0.0416345834,0.0985110328,0.1983660758,5,9e-05,6,34,0,raw/earnings22-test-epoch-5-freq_mask.jsonl
earnings22,test,freq_mask,post_update,206,6,0.1286898665,0.0357704677,0.0756833702,0.1804190576,5,9e-05,6,34,0,raw/earnings22-test-epoch-5-freq_mask.jsonl
earnings22,test,freq_mask,post_update,207,6,0.1288844260,0.0254139670,0.1008600369,0.1686784625,5,9e-05,6,34,0,raw/earnings22-test-epoch-5-freq_mask.jsonl
earnings22,test,freq_mask,post_update,208,6,0.1537211041,0.0439030124,0.0747260004,0.1893960834,5,9e-05,6,34,0,raw/earnings22-test-epoch-5-freq_mask.jsonl
earnings22,test,freq_mask,post_update,209,6,0.1317913917,0.0385500961,0.1001927182,0.2048804164,5,9e-05,6,34,0,raw/earnings22-test-epoch-5-freq_mask.jsonl
earnings22,test,freq_mask,post_update,210,6,0.1301810804,0.0340186270,0.0844167322,0.1690201759,5,9e-05,6,34,0,raw/earnings22-test-epoch-5-freq_mask.jsonl
earnings22,test,freq_mask,post_update,211,6,0.1243106388,0.0474571834,0.0815652609,0.2074621916,5,9e-05,6,34,0,raw/earnings22-test-epoch-5-freq_mask.jsonl
earnings22,test,freq_mask,post_update,212,6,0.1199335456,0.0239310407,0.0998454168,0.1611592770,5,9e-05,6,34,0,raw/earnings22-test-epoch-5-freq_mask.jsonl
earnings22,test,freq_mask,post_update,213,6,0.1423434565,0.0563507738,0.0811706632,0.2253322303,5,9e-05,6,34,0,raw/earnings22-test-epoch-5-freq_mask.jsonl
earnings22,test,freq_mask,post_update,214,6,0.1662430068,0.1215877334,0.0810890645,0.4010460675,5,9e-05,6,34,0,raw/earnings22-test-epoch-5-freq_mask.jsonl
earnings22,test,freq_mask,post_update,215,6,0.1169148137,0.0234966433,0.0772919357,0.1488234103,5,9e-05,6,34,0,raw/earnings22-test-epoch-5-freq_mask.jsonl
earnings22,test,freq_mask,post_update,216,6,0.1140091183,0.0438804414,0.0740593746,0.1887518167,5,9e-05,6,34,0,raw/earnings22-test-epoch-5-freq_mask.jsonl
earnings22,test,freq_mask,post_update,217,6,0.1584648713,0.0645820065,0.0835490450,0.2690348029,5,9e-05,6,34,0,raw/earnings22-test-epoch-5-freq_mask.jsonl
earnings22,test,freq_mask,post_update,218,6,0.1294340591,0.0366573213,0.0821044743,0.1778815389,5,9e-05,6,34,0,raw/earnings22-test-epoch-5-freq_mask.jsonl
earnings22,test,freq_mask,post_update,219,6,0.1215273092,0.0341585942,0.0854118168,0.1667346507,5,9e-05,6,34,0,raw/earnings22-test-epoch-5-freq_mask.jsonl
earnings22,test,freq_mask,post_update,220,6,0.1146235193,0.0499225663,0.0634440556,0.2007859051,5,9e-05,6,34,0,raw/earnings22-test-epoch-5-freq_mask.jsonl
earnings22,test,freq_mask,post_update,221,6,0.1120022138,0.0391131245,0.0662294924,0.1680069566,5,9e-05,6,34,0,raw/earnings22-test-epoch-5-freq_mask.jsonl
earnings22,test,freq_mask,post_update,222,6,0.1039805400,0.0336615536,0.0596891865,0.1539884210,5,9e-05,6,34,0,raw/earnings22-test-epoch-5-freq_mask.jsonl
earnings22,test,freq_mask,post_update,223,6,0.1265581648,0.0307171527,0.0825441778,0.1625639200,5,9e-05,6,34,0,raw/earnings22-test-epoch-5-freq_mask.jsonl
earnings22,test,freq_mask,post_update,224,6,0.1272160237,0.0298824769,0.0887032077,0.1689181626,5,9e-05,6,34,0,raw/earnings22-test-epoch-5-freq_mask.jsonl
earnings22,test,freq_mask,post_update,225,6,0.1307288744,0.0491820558,0.0844998360,0.1937909126,5,9e-05,6,34,0,raw/earnings22-test-epoch-5-freq_mask.jsonl
earnings22,test,freq_mask,post_update,226,6,0.1193581534,0.0212547933,0.0876295418,0.1409508884,5,9e-05,6,34,0,raw/earnings22-test-epoch-5-freq_mask.jsonl
earnings22,test,freq_mask,post_update,227,6,0.1248749184,0.0423024576,0.0700500906,0.1759742200,5,9e-05,6,34,0,raw/earnings22-test-epoch-5-freq_mask.jsonl
earnings22,test,freq_mask,post_update,228,6,0.1125292480,0.0140319277,0.0974213555,0.1296617240,5,9e-05,6,34,0,raw/earnings22-test-epoch-5-freq_mask.jsonl
earnings22,test,freq_mask,post_update,229,6,0.1176270557,0.0363563373,0.0647794753,0.1670195609,5,9e-05,6,34,0,raw/earnings22-test-epoch-5-freq_mask.jsonl
earnings22,test,freq_mask,post_update,230,6,0.1115175573,0.0271846681,0.0771632120,0.1414852440,5,9e-05,6,34,0,raw/earnings22-test-epoch-5-freq_mask.jsonl
earnings22,test,freq_mask,post_update,231,6,0.1176069503,0.0390703141,0.0717993081,0.1730993390,5,9e-05,6,34,0,raw/earnings22-test-epoch-5-freq_mask.jsonl
earnings22,test,freq_mask,post_update,232,6,0.1180149242,0.0371525159,0.0865527242,0.1782565564,5,9e-05,6,34,0,raw/earnings22-test-epoch-5-freq_mask.jsonl
earnings22,test,freq_mask,post_update,233,6,0.1092538474,0.0320795186,0.0822140276,0.1683054566,5,9e-05,6,34,0,raw/earnings22-test-epoch-5-freq_mask.jsonl
earnings22,test,freq_mask,post_update,234,6,0.1733879733,0.1214475947,0.0790082365,0.4066239595,5,9e-05,6,34,0,raw/earnings22-test-epoch-5-freq_mask.jsonl
earnings22,test,freq_mask,post_update,235,6,0.1296197027,0.0396270832,0.0786513388,0.1744841188,5,9e-05,6,34,0,raw/earnings22-test-epoch-5-freq_mask.jsonl
earnings22,test,freq_mask,post_update,236,6,0.1198268409,0.0234898965,0.0889405012,0.1455826461,5,9e-05,6,34,0,raw/earnings22-test-epoch-5-freq_mask.jsonl
earnings22,test,freq_mask,post_update,237,6,0.1264150875,0.0436445847,0.0914830863,0.2018855512,5,9e-05,6,34,0,raw/earnings22-test-epoch-5-freq_mask.jsonl
earnings22,test,freq_mask,post_update,238,6,0.1182518403,0.0430130376,0.0734154657,0.1937248409,5,9e-05,6,34,0,raw/earnings22-test-epoch-5-freq_mask.jsonl
earnings22,test,freq_mask,post_update,239,6,0.1082134172,0.0269691417,0.0850137249,0.1549037099,5,9e-05,6,34,0,raw/earnings22-test-epoch-5-freq_mask.jsonl
earnings22,test,freq_mask,post_update,240,6,0.1215136002,0.0449667801,0.0854888260,0.1913569272,5,9e-05,6,34,0,raw/earnings22-test-epoch-5-freq_mask.jsonl
earnings22,test,freq_mask,post_update,241,6,0.1345879324,0.0322261794,0.0917797983,0.1660790294,5,9e-05,6,34,0,raw/earnings22-test-epoch-5-freq_mask.jsonl
earnings22,test,freq_mask,post_update,242,6,0.1022162711,0.0249285896,0.0741645545,0.1426203847,5,9e-05,6,34,0,raw/earnings22-test-epoch-5-freq_mask.jsonl
earnings22,test,freq_mask,post_update,243,6,0.1291814893,0.0200522439,0.1027806699,0.1553488076,5,9e-05,6,34,0,raw/earnings22-test-epoch-5-freq_mask.jsonl
earnings22,test,freq_mask,post_update,244,6,0.1260020969,0.0392459076,0.0815241039,0.1778698266,5,9e-05,6,34,0,raw/earnings22-test-epoch-5-freq_mask.jsonl
earnings22,test,freq_mask,post_update,245,6,0.1273930731,0.0300350812,0.0919720232,0.1806729436,5,9e-05,6,34,0,raw/earnings22-test-epoch-5-freq_mask.jsonl
earnings22,test,freq_mask,post_update,246,6,0.1002567348,0.0337255906,0.0696675628,0.1512061954,5,9e-05,6,34,0,raw/earnings22-test-epoch-5-freq_mask.jsonl
earnings22,test,freq_mask,post_update,247,6,0.1335488508,0.0222377532,0.1024302095,0.1695346534,5,9e-05,6,34,0,raw/earnings22-test-epoch-5-freq_mask.jsonl
earnings22,test,freq_mask,post_update,248,6,0.1129928504,0.0330976927,0.0817888677,0.1599575281,5,9e-05,6,34,0,raw/earnings22-test-epoch-5-freq_mask.jsonl
earnings22,test,freq_mask,post_update,249,6,0.1159071599,0.0303356267,0.0831817091,0.1718555987,5,9e-05,6,34,0,raw/earnings22-test-epoch-5-freq_mask.jsonl
earnings22,test,freq_mask,post_update,250,6,0.1029719698,0.0384989003,0.0582389608,0.1460348666,5,9e-05,6,34,0,raw/earnings22-test-epoch-5-freq_mask.jsonl
earnings22,test,freq_mask,post_update,251,6,0.1190461876,0.0404878175,0.0651001036,0.1660622209,5,9e-05,6,34,0,raw/earnings22-test-epoch-5-freq_mask.jsonl
earnings22,test,freq_mask,post_update,252,6,0.1376602116,0.0772713509,0.0916234106,0.2930981815,5,9e-05,6,34,0,raw/earnings22-test-epoch-5-freq_mask.jsonl
earnings22,test,freq_mask,post_update,253,6,0.1139187713,0.0192111650,0.0913599581,0.1374811679,5,9e-05,6,34,0,raw/earnings22-test-epoch-5-freq_mask.jsonl
earnings22,test,freq_mask,post_update,254,6,0.1312023774,0.0476136045,0.0737684369,0.2096918523,5,9e-05,6,34,0,raw/earnings22-test-epoch-5-freq_mask.jsonl
earnings22,test,freq_mask,post_update,255,6,0.1139147965,0.0394999565,0.0768972039,0.1792679131,5,9e-05,6,34,0,raw/earnings22-test-epoch-5-freq_mask.jsonl
earnings22,test,freq_mask,post_update,256,6,0.1161936683,0.0343591902,0.0912168026,0.1813643277,5,9e-05,6,34,0,raw/earnings22-test-epoch-5-freq_mask.jsonl
earnings22,test,freq_mask,post_update,257,6,0.1202030716,0.0358092815,0.0787007660,0.1662346423,5,9e-05,6,34,0,raw/earnings22-test-epoch-5-freq_mask.jsonl
earnings22,test,freq_mask,post_update,258,6,0.1166574359,0.0400599962,0.0674475804,0.1596306711,5,9e-05,6,34,0,raw/earnings22-test-epoch-5-freq_mask.jsonl
earnings22,test,freq_mask,post_update,259,6,0.1148052141,0.0337431346,0.0672915205,0.1672510207,5,9e-05,6,34,0,raw/earnings22-test-epoch-5-freq_mask.jsonl
earnings22,test,freq_mask,post_update,260,6,0.1054470378,0.0621956873,0.0667648911,0.2309186757,5,9e-05,6,34,0,raw/earnings22-test-epoch-5-freq_mask.jsonl
earnings22,test,freq_mask,post_update,261,6,0.1025061334,0.0291671280,0.0770581216,0.1570038944,5,9e-05,6,34,0,raw/earnings22-test-epoch-5-freq_mask.jsonl
earnings22,test,freq_mask,post_update,262,6,0.0956594323,0.0208483637,0.0769962743,0.1301348954,5,9e-05,6,34,0,raw/earnings22-test-epoch-5-freq_mask.jsonl
earnings22,test,freq_mask,post_update,263,6,0.1037130741,0.0131241817,0.0898100883,0.1209818497,5,9e-05,6,34,0,raw/earnings22-test-epoch-5-freq_mask.jsonl
earnings22,test,freq_mask,post_update,264,6,0.1091674119,0.0370096467,0.0695579425,0.1718646884,5,9e-05,6,34,0,raw/earnings22-test-epoch-5-freq_mask.jsonl
earnings22,test,freq_mask,post_update,265,6,0.1011372867,0.0242436101,0.0726764649,0.1319754571,5,9e-05,6,34,0,raw/earnings22-test-epoch-5-freq_mask.jsonl
earnings22,test,freq_mask,post_update,266,6,0.0880379919,0.0200487840,0.0620136298,0.1130607873,5,9e-05,6,34,0,raw/earnings22-test-epoch-5-freq_mask.jsonl
earnings22,test,freq_mask,post_update,267,6,0.1047216132,0.0195804134,0.0751130134,0.1280175745,5,9e-05,6,34,0,raw/earnings22-test-epoch-5-freq_mask.jsonl
earnings22,test,freq_mask,post_update,268,6,0.1094504980,0.0334030930,0.0689048693,0.1684600711,5,9e-05,6,34,0,raw/earnings22-test-epoch-5-freq_mask.jsonl
earnings22,test,freq_mask,post_update,269,6,0.1161019380,0.0371762968,0.0771380514,0.1778579950,5,9e-05,6,34,0,raw/earnings22-test-epoch-5-freq_mask.jsonl
earnings22,test,freq_mask,post_update,270,6,0.1252224377,0.0417632580,0.0587112941,0.1768023670,5,9e-05,6,34,0,raw/earnings22-test-epoch-5-freq_mask.jsonl
earnings22,test,freq_mask,post_update,271,6,0.1236434256,0.0283333376,0.0958019048,0.1716755927,5,9e-05,6,34,0,raw/earnings22-test-epoch-5-freq_mask.jsonl
earnings22,test,freq_mask,post_update,272,6,0.0895551915,0.0171418009,0.0680661798,0.1106274500,5,9e-05,6,34,0,raw/earnings22-test-epoch-5-freq_mask.jsonl
earnings22,test,freq_mask,post_update,273,6,0.1024642326,0.0297439586,0.0716644600,0.1540469676,5,9e-05,6,34,0,raw/earnings22-test-epoch-5-freq_mask.jsonl
earnings22,test,freq_mask,post_update,274,6,0.1101712696,0.0357952958,0.0733006075,0.1745037884,5,9e-05,6,34,0,raw/earnings22-test-epoch-5-freq_mask.jsonl
earnings22,test,freq_mask,post_update,275,6,0.1043552421,0.0384739273,0.0666519627,0.1568976343,5,9e-05,6,34,0,raw/earnings22-test-epoch-5-freq_mask.jsonl
earnings22,test,freq_mask,post_update,276,6,0.1170895584,0.0239797829,0.0860831216,0.1527909040,5,9e-05,6,34,0,raw/earnings22-test-epoch-5-freq_mask.jsonl
earnings22,test,freq_mask,post_update,277,6,0.1028591630,0.0324109691,0.0695298314,0.1579287350,5,9e-05,6,34,0,raw/earnings22-test-epoch-5-freq_mask.jsonl
earnings22,test,freq_mask,post_update,278,6,0.1446897909,0.1013580597,0.0593988672,0.3436749578,5,9e-05,6,34,0,raw/earnings22-test-epoch-5-freq_mask.jsonl
earnings22,test,freq_mask,post_update,279,6,0.1235910878,0.0459058646,0.0618131161,0.1811167300,5,9e-05,6,34,0,raw/earnings22-test-epoch-5-freq_mask.jsonl
earnings22,test,freq_mask,post_update,280,6,0.1115997769,0.0329363690,0.0749219060,0.1564885378,5,9e-05,6,34,0,raw/earnings22-test-epoch-5-freq_mask.jsonl
earnings22,test,freq_mask,post_update,281,6,0.1079613057,0.0260040419,0.0646425113,0.1345458329,5,9e-05,6,34,0,raw/earnings22-test-epoch-5-freq_mask.jsonl
earnings22,test,freq_mask,post_update,282,6,0.1180140860,0.0384833101,0.0701912194,0.1646803617,5,9e-05,6,34,0,raw/earnings22-test-epoch-5-freq_mask.jsonl
earnings22,test,freq_mask,post_update,283,6,0.1427067369,0.0569368169,0.0863087475,0.2212755680,5,9e-05,6,34,0,raw/earnings22-test-epoch-5-freq_mask.jsonl
earnings22,test,freq_mask,post_update,284,6,0.1134958590,0.0397163880,0.0868702158,0.1929837912,5,9e-05,6,34,0,raw/earnings22-test-epoch-5-freq_mask.jsonl
earnings22,test,freq_mask,post_update,285,6,0.1522058360,0.0947494429,0.0643800646,0.3222403526,5,9e-05,6,34,0,raw/earnings22-test-epoch-5-freq_mask.jsonl
earnings22,test,freq_mask,post_update,286,6,0.1178049694,0.0409067960,0.0615609288,0.1819790006,5,9e-05,6,34,0,raw/earnings22-test-epoch-5-freq_mask.jsonl
earnings22,test,freq_mask,post_update,287,6,0.0941991061,0.0393235651,0.0508584678,0.1635335833,5,9e-05,6,34,0,raw/earnings22-test-epoch-5-freq_mask.jsonl
earnings22,test,freq_mask,post_update,288,6,0.1079859436,0.0404494723,0.0661148578,0.1711682975,5,9e-05,6,34,0,raw/earnings22-test-epoch-5-freq_mask.jsonl
earnings22,test,freq_mask,post_update,289,6,0.1159950309,0.0549811478,0.0661473349,0.1936418414,5,9e-05,6,34,0,raw/earnings22-test-epoch-5-freq_mask.jsonl
earnings22,test,freq_mask,post_update,290,6,0.1096570070,0.0269077658,0.0718696192,0.1311705112,5,9e-05,6,34,0,raw/earnings22-test-epoch-5-freq_mask.jsonl
earnings22,test,freq_mask,post_update,291,6,0.1173078430,0.0328403882,0.0780581459,0.1614353955,5,9e-05,6,34,0,raw/earnings22-test-epoch-5-freq_mask.jsonl
earnings22,test,freq_mask,post_update,292,6,0.0974653748,0.0148336377,0.0779416412,0.1190171465,5,9e-05,6,34,0,raw/earnings22-test-epoch-5-freq_mask.jsonl
earnings22,test,freq_mask,post_update,293,6,0.0949969043,0.0224544052,0.0717577338,0.1365230680,5,9e-05,6,34,0,raw/earnings22-test-epoch-5-freq_mask.jsonl
earnings22,test,freq_mask,post_update,294,6,0.1167865011,0.0522087921,0.0765636414,0.2077144384,5,9e-05,6,34,0,raw/earnings22-test-epoch-5-freq_mask.jsonl
earnings22,test,freq_mask,post_update,295,6,0.1018699842,0.0292649657,0.0685490817,0.1418064982,5,9e-05,6,34,0,raw/earnings22-test-epoch-5-freq_mask.jsonl
earnings22,test,freq_mask,post_update,296,6,0.0993911730,0.0401174875,0.0580038764,0.1554012001,5,9e-05,6,34,0,raw/earnings22-test-epoch-5-freq_mask.jsonl
earnings22,test,freq_mask,post_update,297,6,0.0908540400,0.0404998356,0.0689950138,0.1727777272,5,9e-05,6,34,0,raw/earnings22-test-epoch-5-freq_mask.jsonl
earnings22,test,freq_mask,post_update,298,6,0.1042319673,0.0318426382,0.0746838823,0.1493223906,5,9e-05,6,34,0,raw/earnings22-test-epoch-5-freq_mask.jsonl
earnings22,test,freq_mask,post_update,299,6,0.1109396306,0.0418960660,0.0729683489,0.1643747091,5,9e-05,6,34,0,raw/earnings22-test-epoch-5-freq_mask.jsonl
earnings22,test,freq_mask,post_update,300,6,0.1001347043,0.0333778427,0.0660498664,0.1558236629,5,9e-05,6,34,0,raw/earnings22-test-epoch-5-freq_mask.jsonl
earnings22,test,freq_mask,post_update,301,6,0.1160110782,0.0219062163,0.0819159821,0.1472702175,5,9e-05,6,34,0,raw/earnings22-test-epoch-5-freq_mask.jsonl
earnings22,test,freq_mask,post_update,302,6,0.0929276906,0.0198521456,0.0734314471,0.1255971491,5,9e-05,6,34,0,raw/earnings22-test-epoch-5-freq_mask.jsonl
earnings22,test,freq_mask,post_update,303,6,0.0992795477,0.0272111144,0.0704576820,0.1264407337,5,9e-05,6,34,0,raw/earnings22-test-epoch-5-freq_mask.jsonl
earnings22,test,freq_mask,post_update,304,6,0.0996830637,0.0277611103,0.0679430887,0.1411495060,5,9e-05,6,34,0,raw/earnings22-test-epoch-5-freq_mask.jsonl
earnings22,test,freq_mask,post_update,305,6,0.0999984952,0.0262026628,0.0660066009,0.1295269728,5,9e-05,6,34,0,raw/earnings22-test-epoch-5-freq_mask.jsonl
earnings22,test,freq_mask,post_update,306,6,0.1153791472,0.0396162362,0.0712503940,0.1684442759,5,9e-05,6,34,0,raw/earnings22-test-epoch-5-freq_mask.jsonl
earnings22,test,freq_mask,post_update,307,6,0.1020358093,0.0339371496,0.0726690739,0.1581807435,5,9e-05,6,34,0,raw/earnings22-test-epoch-5-freq_mask.jsonl
earnings22,test,freq_mask,post_update,308,6,0.1032923174,0.0342370272,0.0596266165,0.1464539319,5,9e-05,6,34,0,raw/earnings22-test-epoch-5-freq_mask.jsonl
earnings22,test,freq_mask,post_update,309,6,0.0901848407,0.0322376388,0.0598679595,0.1383309364,5,9e-05,6,34,0,raw/earnings22-test-epoch-5-freq_mask.jsonl
earnings22,test,freq_mask,post_update,310,6,0.1017228353,0.0258422397,0.0750745684,0.1322627664,5,9e-05,6,34,0,raw/earnings22-test-epoch-5-freq_mask.jsonl
earnings22,test,freq_mask,post_update,311,6,0.0930960551,0.0231282329,0.0564274937,0.1221325174,5,9e-05,6,34,0,raw/earnings22-test-epoch-5-freq_mask.jsonl
earnings22,test,freq_mask,post_update,312,6,0.1049175176,0.0365623749,0.0642232746,0.1601018608,5,9e-05,6,34,0,raw/earnings22-test-epoch-5-freq_mask.jsonl
earnings22,test,freq_mask,post_update,313,6,0.1247039624,0.0363346069,0.0719669163,0.1675966829,5,9e-05,6,34,0,raw/earnings22-test-epoch-5-freq_mask.jsonl
earnings22,test,freq_mask,post_update,314,6,0.1118780250,0.0264512708,0.0879305899,0.1631926000,5,9e-05,6,34,0,raw/earnings22-test-epoch-5-freq_mask.jsonl
earnings22,test,freq_mask,post_update,315,6,0.1348017020,0.0495787342,0.0655249804,0.1969050169,5,9e-05,6,34,0,raw/earnings22-test-epoch-5-freq_mask.jsonl
earnings22,test,freq_mask,post_update,316,6,0.1163352157,0.0363186035,0.0689254925,0.1478292346,5,9e-05,6,34,0,raw/earnings22-test-epoch-5-freq_mask.jsonl
earnings22,test,freq_mask,post_update,317,6,0.1102885728,0.0303751210,0.0844020993,0.1644644588,5,9e-05,6,34,0,raw/earnings22-test-epoch-5-freq_mask.jsonl
earnings22,test,freq_mask,post_update,318,6,0.1052662246,0.0367451556,0.0684032887,0.1631134003,5,9e-05,6,34,0,raw/earnings22-test-epoch-5-freq_mask.jsonl
earnings22,test,freq_mask,post_update,319,6,0.0995733204,0.0159860344,0.0785131454,0.1201195121,5,9e-05,6,34,0,raw/earnings22-test-epoch-5-freq_mask.jsonl
earnings22,test,freq_mask,post_update,320,6,0.1131342947,0.0182618208,0.0932809561,0.1437330097,5,9e-05,6,34,0,raw/earnings22-test-epoch-5-freq_mask.jsonl
earnings22,test,freq_mask,post_update,321,6,0.1037205545,0.0303386137,0.0703352392,0.1481664181,5,9e-05,6,34,0,raw/earnings22-test-epoch-5-freq_mask.jsonl
earnings22,test,freq_mask,post_update,322,6,0.1023613624,0.0167065363,0.0852061138,0.1332545877,5,9e-05,6,34,0,raw/earnings22-test-epoch-5-freq_mask.jsonl
earnings22,test,freq_mask,post_update,323,6,0.1295073479,0.0414817454,0.0743829459,0.1791158915,5,9e-05,6,34,0,raw/earnings22-test-epoch-5-freq_mask.jsonl
earnings22,test,freq_mask,post_update,324,6,0.1037753125,0.0301277477,0.0691586286,0.1490278989,5,9e-05,6,34,0,raw/earnings22-test-epoch-5-freq_mask.jsonl
earnings22,test,freq_mask,post_update,325,6,0.1046877603,0.0313873598,0.0671298206,0.1409716010,5,9e-05,6,34,0,raw/earnings22-test-epoch-5-freq_mask.jsonl
earnings22,test,freq_mask,post_update,326,6,0.0844081951,0.0190349969,0.0608428344,0.1052021906,5,9e-05,6,34,0,raw/earnings22-test-epoch-5-freq_mask.jsonl
earnings22,test,freq_mask,post_update,327,6,0.1014156019,0.0463653730,0.0596244335,0.1742347181,5,9e-05,6,34,0,raw/earnings22-test-epoch-5-freq_mask.jsonl
earnings22,test,freq_mask,post_update,328,6,0.1122128293,0.0386567252,0.0651946962,0.1723381132,5,9e-05,6,34,0,raw/earnings22-test-epoch-5-freq_mask.jsonl
earnings22,test,freq_mask,post_update,329,6,0.1154035988,0.0377969159,0.0760577470,0.1779765636,5,9e-05,6,34,0,raw/earnings22-test-epoch-5-freq_mask.jsonl
earnings22,test,freq_mask,post_update,330,6,0.0865289159,0.0285883697,0.0556540638,0.1265615672,5,9e-05,6,34,0,raw/earnings22-test-epoch-5-freq_mask.jsonl
earnings22,test,freq_mask,post_update,331,6,0.1263814357,0.0331770681,0.0854885355,0.1685579568,5,9e-05,6,34,0,raw/earnings22-test-epoch-5-freq_mask.jsonl
earnings22,test,freq_mask,post_update,332,6,0.1121577658,0.0137289501,0.0873458013,0.1234826073,5,9e-05,6,34,0,raw/earnings22-test-epoch-5-freq_mask.jsonl
earnings22,test,freq_mask,post_update,333,6,0.0966905802,0.0210337363,0.0673944280,0.1300992221,5,9e-05,6,34,0,raw/earnings22-test-epoch-5-freq_mask.jsonl
earnings22,test,freq_mask,post_update,334,6,0.0881858443,0.0460335007,0.0622709319,0.1816367060,5,9e-05,6,34,0,raw/earnings22-test-epoch-5-freq_mask.jsonl
earnings22,test,freq_mask,post_update,335,6,0.0972331030,0.0235671209,0.0613457859,0.1352241337,5,9e-05,6,34,0,raw/earnings22-test-epoch-5-freq_mask.jsonl
earnings22,test,freq_mask,post_update,336,6,0.1025365690,0.0328770560,0.0678977370,0.1590477973,5,9e-05,6,34,0,raw/earnings22-test-epoch-5-freq_mask.jsonl
earnings22,test,freq_mask,post_update,337,6,0.1065453254,0.0377881709,0.0563445762,0.1561538875,5,9e-05,6,34,0,raw/earnings22-test-epoch-5-freq_mask.jsonl
earnings22,test,freq_mask,post_update,338,6,0.0988559400,0.0355866225,0.0747524798,0.1698609591,5,9e-05,6,34,0,raw/earnings22-test-epoch-5-freq_mask.jsonl
earnings22,test,freq_mask,post_update,339,6,0.1056655608,0.0396068956,0.0624276772,0.1548932642,5,9e-05,6,34,0,raw/earnings22-test-epoch-5-freq_mask.jsonl
earnings22,test,freq_mask,post_update,340,6,0.1321203162,0.0813898963,0.0750784278,0.2894896567,5,9e-05,6,34,0,raw/earnings22-test-epoch-5-freq_mask.jsonl
earnings22,test,freq_mask,post_update,341,6,0.1068256355,0.0474269692,0.0582877137,0.1626800746,5,9e-05,6,34,0,raw/earnings22-test-epoch-5-freq_mask.jsonl
earnings22,test,freq_mask,post_update,342,6,0.1140271220,0.0544100339,0.0591024719,0.2128596306,5,9e-05,6,34,0,raw/earnings22-test-epoch-5-freq_mask.jsonl
earnings22,test,freq_mask,post_update,343,6,0.0936314973,0.0305760041,0.0661035329,0.1489637494,5,9e-05,6,34,0,raw/earnings22-test-epoch-5-freq_mask.jsonl
earnings22,test,freq_mask,post_update,344,6,0.1074476261,0.0559133561,0.0537673868,0.2110848725,5,9e-05,6,34,0,raw/earnings22-test-epoch-5-freq_mask.jsonl
earnings22,test,freq_mask,post_update,345,6,0.0848568243,0.0251372998,0.0518721417,0.1190438420,5,9e-05,6,34,0,raw/earnings22-test-epoch-5-freq_mask.jsonl
earnings22,test,freq_mask,post_update,346,6,0.1375875125,0.0781289812,0.0681702346,0.2845941782,5,9e-05,6,34,0,raw/earnings22-test-epoch-5-freq_mask.jsonl
earnings22,test,freq_mask,post_update,347,6,0.1060884191,0.0441189283,0.0613712110,0.1607891023,5,9e-05,6,34,0,raw/earnings22-test-epoch-5-freq_mask.jsonl
earnings22,test,freq_mask,post_update,348,6,0.0986638827,0.0285768607,0.0663518757,0.1339086741,5,9e-05,6,34,0,raw/earnings22-test-epoch-5-freq_mask.jsonl
earnings22,test,freq_mask,post_update,349,6,0.1049726630,0.0446555051,0.0556823425,0.1675015688,5,9e-05,6,34,0,raw/earnings22-test-epoch-5-freq_mask.jsonl
earnings22,test,freq_mask,post_update,350,6,0.0967487283,0.0432799957,0.0562451407,0.1573271602,5,9e-05,6,34,0,raw/earnings22-test-epoch-5-freq_mask.jsonl
earnings22,test,freq_mask,post_update,351,6,0.0961745102,0.0321508630,0.0606246032,0.1353533268,5,9e-05,6,34,0,raw/earnings22-test-epoch-5-freq_mask.jsonl
earnings22,test,freq_mask,post_update,352,6,0.1076937318,0.0370567879,0.0732105821,0.1742467731,5,9e-05,6,34,0,raw/earnings22-test-epoch-5-freq_mask.jsonl
earnings22,test,freq_mask,post_update,353,6,0.1077063897,0.0365515201,0.0610274412,0.1570746750,5,9e-05,6,34,0,raw/earnings22-test-epoch-5-freq_mask.jsonl
earnings22,test,freq_mask,post_update,354,6,0.0958422230,0.0423881738,0.0601283573,0.1749626398,5,9e-05,6,34,0,raw/earnings22-test-epoch-5-freq_mask.jsonl
earnings22,test,freq_mask,post_update,355,6,0.0967031159,0.0330125265,0.0556114241,0.1326991022,5,9e-05,6,34,0,raw/earnings22-test-epoch-5-freq_mask.jsonl
earnings22,test,freq_mask,post_update,356,6,0.0942504878,0.0265729966,0.0717833862,0.1395361573,5,9e-05,6,34,0,raw/earnings22-test-epoch-5-freq_mask.jsonl
earnings22,test,freq_mask,post_update,357,6,0.0820776771,0.0256151371,0.0644313246,0.1333230436,5,9e-05,6,34,0,raw/earnings22-test-epoch-5-freq_mask.jsonl
earnings22,test,freq_mask,post_update,358,6,0.0963538711,0.0264660595,0.0557778925,0.1332571805,5,9e-05,6,34,0,raw/earnings22-test-epoch-5-freq_mask.jsonl
earnings22,test,freq_mask,post_update,359,6,0.0858411888,0.0211651780,0.0628855973,0.1147796810,5,9e-05,6,34,0,raw/earnings22-test-epoch-5-freq_mask.jsonl
earnings22,test,freq_mask,post_update,360,6,0.1108793896,0.0417313164,0.0579448901,0.1616047621,5,9e-05,6,34,0,raw/earnings22-test-epoch-5-freq_mask.jsonl
earnings22,test,freq_mask,post_update,361,6,0.1092963318,0.0312155089,0.0750459284,0.1629019082,5,9e-05,6,34,0,raw/earnings22-test-epoch-5-freq_mask.jsonl
earnings22,test,freq_mask,post_update,362,6,0.0922577300,0.0212344147,0.0610343032,0.1207451373,5,9e-05,6,34,0,raw/earnings22-test-epoch-5-freq_mask.jsonl
earnings22,test,freq_mask,post_update,363,6,0.0881612015,0.0160438987,0.0648643076,0.1107693911,5,9e-05,6,34,0,raw/earnings22-test-epoch-5-freq_mask.jsonl
earnings22,test,freq_mask,post_update,364,6,0.1426484274,0.0979567494,0.0734884739,0.3344053924,5,9e-05,6,34,0,raw/earnings22-test-epoch-5-freq_mask.jsonl
earnings22,test,freq_mask,post_update,365,6,0.1342899911,0.0612062687,0.0931846052,0.2514299154,5,9e-05,6,34,0,raw/earnings22-test-epoch-5-freq_mask.jsonl
earnings22,test,freq_mask,post_update,366,5,0.1065379128,0.0234095332,0.0800576955,0.1440994143,5,9e-05,6,34,0,raw/earnings22-test-epoch-5-freq_mask.jsonl
earnings22,test,freq_mask,post_update,367,5,0.1037577413,0.0354928190,0.0557323955,0.1544157267,5,9e-05,6,34,0,raw/earnings22-test-epoch-5-freq_mask.jsonl
earnings22,test,freq_mask,post_update,368,5,0.1225184537,0.0383478350,0.0595160164,0.1527931988,5,9e-05,6,34,0,raw/earnings22-test-epoch-5-freq_mask.jsonl
earnings22,test,freq_mask,post_update,369,5,0.1011409834,0.0353549192,0.0687290430,0.1606843174,5,9e-05,6,34,0,raw/earnings22-test-epoch-5-freq_mask.jsonl
earnings22,test,freq_mask,post_update,370,5,0.1113581270,0.0465530452,0.0626316667,0.1866659820,5,9e-05,6,34,0,raw/earnings22-test-epoch-5-freq_mask.jsonl
earnings22,test,freq_mask,post_update,371,5,0.0954335943,0.0107894404,0.0830802992,0.1081969962,5,9e-05,6,34,0,raw/earnings22-test-epoch-5-freq_mask.jsonl
earnings22,test,freq_mask,post_update,372,5,0.0965769373,0.0416108854,0.0603187196,0.1629367173,5,9e-05,6,34,0,raw/earnings22-test-epoch-5-freq_mask.jsonl
earnings22,test,freq_mask,post_update,373,5,0.0967833132,0.0228676028,0.0638978183,0.1254504323,5,9e-05,6,34,0,raw/earnings22-test-epoch-5-freq_mask.jsonl
earnings22,test,freq_mask,post_update,374,5,0.0968361363,0.0428263523,0.0742825046,0.1727713048,5,9e-05,6,34,0,raw/earnings22-test-epoch-5-freq_mask.jsonl
earnings22,test,freq_mask,post_update,375,5,0.1138783649,0.0242779594,0.0869408995,0.1420890689,5,9e-05,6,34,0,raw/earnings22-test-epoch-5-freq_mask.jsonl
earnings22,test,freq_mask,post_update,376,5,0.1113369554,0.0293582145,0.0848851204,0.1534990966,5,9e-05,6,34,0,raw/earnings22-test-epoch-5-freq_mask.jsonl
earnings22,test,freq_mask,post_update,377,5,0.1039331585,0.0258792154,0.0805848390,0.1471050680,5,9e-05,6,34,0,raw/earnings22-test-epoch-5-freq_mask.jsonl
earnings22,test,freq_mask,post_update,378,5,0.1113070741,0.0299403195,0.0644651726,0.1408906877,5,9e-05,6,34,0,raw/earnings22-test-epoch-5-freq_mask.jsonl
earnings22,test,freq_mask,post_update,379,5,0.0973405257,0.0191774410,0.0737463087,0.1265290380,5,9e-05,6,34,0,raw/earnings22-test-epoch-5-freq_mask.jsonl
earnings22,test,freq_mask,post_update,380,5,0.0953699023,0.0173522479,0.0760220066,0.1202381402,5,9e-05,6,34,0,raw/earnings22-test-epoch-5-freq_mask.jsonl
earnings22,test,freq_mask,post_update,381,5,0.1153131768,0.0310264483,0.0790928528,0.1586159468,5,9e-05,6,34,0,raw/earnings22-test-epoch-5-freq_mask.jsonl
earnings22,test,freq_mask,post_update,382,5,0.0988437265,0.0315671525,0.0652543381,0.1489175707,5,9e-05,6,34,0,raw/earnings22-test-epoch-5-freq_mask.jsonl
earnings22,test,freq_mask,post_update,383,5,0.0846796811,0.0124334626,0.0654572546,0.0986074880,5,9e-05,6,34,0,raw/earnings22-test-epoch-5-freq_mask.jsonl
earnings22,test,freq_mask,post_update,384,5,0.1064294919,0.0242367769,0.0814965069,0.1455522776,5,9e-05,6,34,0,raw/earnings22-test-epoch-5-freq_mask.jsonl
earnings22,test,freq_mask,post_update,385,5,0.0786794014,0.0160135852,0.0593426712,0.1020319015,5,9e-05,6,34,0,raw/earnings22-test-epoch-5-freq_mask.jsonl
earnings22,test,freq_mask,post_update,386,5,0.0930147737,0.0111774885,0.0773186982,0.1055745259,5,9e-05,6,34,0,raw/earnings22-test-epoch-5-freq_mask.jsonl
earnings22,test,freq_mask,post_update,387,5,0.0979349583,0.0233918029,0.0733839869,0.1351123005,5,9e-05,6,34,0,raw/earnings22-test-epoch-5-freq_mask.jsonl
earnings22,test,freq_mask,post_update,388,5,0.0980984986,0.0301857246,0.0677571520,0.1417453885,5,9e-05,6,34,0,raw/earnings22-test-epoch-5-freq_mask.jsonl
earnings22,test,freq_mask,post_update,389,5,0.0835227162,0.0349021819,0.0615300685,0.1453644782,5,9e-05,6,34,0,raw/earnings22-test-epoch-5-freq_mask.jsonl
earnings22,test,freq_mask,post_update,390,5,0.0875232369,0.0181385135,0.0702249855,0.1159170717,5,9e-05,6,34,0,raw/earnings22-test-epoch-5-freq_mask.jsonl
earnings22,test,freq_mask,post_update,391,5,0.0932219863,0.0358942047,0.0539800003,0.1434246302,5,9e-05,6,34,0,raw/earnings22-test-epoch-5-freq_mask.jsonl
earnings22,test,freq_mask,post_update,392,5,0.0929735154,0.0301718091,0.0689487383,0.1434883177,5,9e-05,6,34,0,raw/earnings22-test-epoch-5-freq_mask.jsonl
earnings22,test,freq_mask,post_update,393,5,0.0837539554,0.0168775124,0.0690431073,0.1055805087,5,9e-05,6,34,0,raw/earnings22-test-epoch-5-freq_mask.jsonl
earnings22,test,freq_mask,post_update,394,5,0.0952173457,0.0186768682,0.0803819597,0.1262943745,5,9e-05,6,34,0,raw/earnings22-test-epoch-5-freq_mask.jsonl
earnings22,test,freq_mask,post_update,395,5,0.1150736466,0.0466178402,0.0651045442,0.1733096242,5,9e-05,6,34,0,raw/earnings22-test-epoch-5-freq_mask.jsonl
earnings22,test,freq_mask,post_update,396,5,0.0889411449,0.0361127743,0.0584946573,0.1460774243,5,9e-05,6,34,0,raw/earnings22-test-epoch-5-freq_mask.jsonl
earnings22,test,freq_mask,post_update,397,5,0.1049812838,0.0250644823,0.0698323175,0.1400356442,5,9e-05,6,34,0,raw/earnings22-test-epoch-5-freq_mask.jsonl
earnings22,test,freq_mask,post_update,398,5,0.0940074109,0.0368243237,0.0594842546,0.1554047465,5,9e-05,6,34,0,raw/earnings22-test-epoch-5-freq_mask.jsonl
earnings22,test,freq_mask,post_update,399,5,0.1029679090,0.0301519784,0.0779367760,0.1550394297,5,9e-05,6,34,0,raw/earnings22-test-epoch-5-freq_mask.jsonl
earnings22,test,freq_mask,post_update,400,5,0.0850247726,0.0147175392,0.0662725568,0.1065222397,5,9e-05,6,34,0,raw/earnings22-test-epoch-5-freq_mask.jsonl
earnings22,test,freq_mask,post_update,401,5,0.0921487875,0.0467025131,0.0587914325,0.1733832955,5,9e-05,6,34,0,raw/earnings22-test-epoch-5-freq_mask.jsonl
earnings22,test,freq_mask,post_update,402,5,0.1124670729,0.0387184109,0.0796106309,0.1779605001,5,9e-05,6,34,0,raw/earnings22-test-epoch-5-freq_mask.jsonl
earnings22,test,freq_mask,post_update,403,5,0.0872792095,0.0277321787,0.0632317066,0.1339752674,5,9e-05,6,34,0,raw/earnings22-test-epoch-5-freq_mask.jsonl
earnings22,test,freq_mask,post_update,404,5,0.0858035371,0.0174924092,0.0596890002,0.1088292003,5,9e-05,6,34,0,raw/earnings22-test-epoch-5-freq_mask.jsonl
earnings22,test,freq_mask,post_update,405,5,0.0928833902,0.0358308704,0.0699892044,0.1548992991,5,9e-05,6,34,0,raw/earnings22-test-epoch-5-freq_mask.jsonl
earnings22,test,freq_mask,post_update,406,5,0.1099361524,0.0287402129,0.0610068738,0.1354212761,5,9e-05,6,34,0,raw/earnings22-test-epoch-5-freq_mask.jsonl
earnings22,test,freq_mask,post_update,407,5,0.1011847757,0.0293608245,0.0592700504,0.1276160479,5,9e-05,6,34,0,raw/earnings22-test-epoch-5-freq_mask.jsonl
earnings22,test,freq_mask,post_update,408,5,0.1002001047,0.0199809365,0.0772561356,0.1311558932,5,9e-05,6,34,0,raw/earnings22-test-epoch-5-freq_mask.jsonl
earnings22,test,freq_mask,post_update,409,5,0.1099078953,0.0365923742,0.0670725703,0.1601037830,5,9e-05,6,34,0,raw/earnings22-test-epoch-5-freq_mask.jsonl
earnings22,test,freq_mask,post_update,410,5,0.0981626332,0.0314361916,0.0646874160,0.1314612031,5,9e-05,6,34,0,raw/earnings22-test-epoch-5-freq_mask.jsonl
earnings22,test,freq_mask,post_update,411,5,0.1155047923,0.0440247983,0.0645103604,0.1744035184,5,9e-05,6,34,0,raw/earnings22-test-epoch-5-freq_mask.jsonl
earnings22,test,freq_mask,post_update,412,5,0.1038884491,0.0296851846,0.0632405132,0.1464526206,5,9e-05,6,34,0,raw/earnings22-test-epoch-5-freq_mask.jsonl
earnings22,test,freq_mask,post_update,413,5,0.1037237629,0.0194339241,0.0767410547,0.1243655682,5,9e-05,6,34,0,raw/earnings22-test-epoch-5-freq_mask.jsonl
earnings22,test,freq_mask,post_update,414,5,0.1065079033,0.0417534946,0.0662029535,0.1723288894,5,9e-05,6,34,0,raw/earnings22-test-epoch-5-freq_mask.jsonl
earnings22,test,freq_mask,post_update,415,5,0.1180401191,0.0523480946,0.0738591254,0.2024815381,5,9e-05,6,34,0,raw/earnings22-test-epoch-5-freq_mask.jsonl
earnings22,test,freq_mask,post_update,416,5,0.0932595253,0.0206926731,0.0743690878,0.1274162978,5,9e-05,6,34,0,raw/earnings22-test-epoch-5-freq_mask.jsonl
earnings22,test,freq_mask,post_update,417,5,0.1104177400,0.0248342191,0.0878621936,0.1394435167,5,9e-05,6,34,0,raw/earnings22-test-epoch-5-freq_mask.jsonl
earnings22,test,freq_mask,post_update,418,5,0.0787016012,0.0346330395,0.0540106073,0.1368918270,5,9e-05,6,34,0,raw/earnings22-test-epoch-5-freq_mask.jsonl
earnings22,test,freq_mask,post_update,419,5,0.1022263795,0.0351394168,0.0705707967,0.1586432308,5,9e-05,6,34,0,raw/earnings22-test-epoch-5-freq_mask.jsonl
earnings22,test,freq_mask,post_update,420,5,0.1166955337,0.0428318874,0.0678021386,0.1703040898,5,9e-05,6,34,0,raw/earnings22-test-epoch-5-freq_mask.jsonl
earnings22,test,freq_mask,post_update,421,5,0.1014190987,0.0373276093,0.0624890402,0.1434077770,5,9e-05,6,34,0,raw/earnings22-test-epoch-5-freq_mask.jsonl
earnings22,test,freq_mask,post_update,422,5,0.0840267524,0.0274437712,0.0592188984,0.1266868114,5,9e-05,6,34,0,raw/earnings22-test-epoch-5-freq_mask.jsonl
earnings22,test,freq_mask,post_update,423,5,0.1006910920,0.0432861619,0.0650675893,0.1676599383,5,9e-05,6,34,0,raw/earnings22-test-epoch-5-freq_mask.jsonl
earnings22,test,freq_mask,post_update,424,5,0.1181885108,0.0406171899,0.0654085502,0.1636198610,5,9e-05,6,34,0,raw/earnings22-test-epoch-5-freq_mask.jsonl
earnings22,test,freq_mask,post_update,425,5,0.0830937266,0.0356362692,0.0527255461,0.1448920220,5,9e-05,6,34,0,raw/earnings22-test-epoch-5-freq_mask.jsonl
earnings22,test,freq_mask,post_update,426,5,0.1024522111,0.0354602039,0.0583651587,0.1513566077,5,9e-05,6,34,0,raw/earnings22-test-epoch-5-freq_mask.jsonl
earnings22,test,freq_mask,post_update,427,5,0.1035037972,0.0349772827,0.0569324978,0.1433480084,5,9e-05,6,34,0,raw/earnings22-test-epoch-5-freq_mask.jsonl
earnings22,test,freq_mask,post_update,428,5,0.0714811251,0.0114277203,0.0570698828,0.0888092518,5,9e-05,6,34,0,raw/earnings22-test-epoch-5-freq_mask.jsonl
earnings22,test,freq_mask,post_update,429,5,0.0846755370,0.0088615061,0.0706417859,0.0934492424,5,9e-05,6,34,0,raw/earnings22-test-epoch-5-freq_mask.jsonl
earnings22,test,freq_mask,post_update,430,5,0.1005921379,0.0515014672,0.0509579256,0.1803552657,5,9e-05,6,34,0,raw/earnings22-test-epoch-5-freq_mask.jsonl
earnings22,test,freq_mask,post_update,431,5,0.1106460541,0.0456587636,0.0580197424,0.1634022743,5,9e-05,6,34,0,raw/earnings22-test-epoch-5-freq_mask.jsonl
earnings22,test,freq_mask,post_update,432,5,0.0861549065,0.0302844278,0.0532865375,0.1336597800,5,9e-05,6,34,0,raw/earnings22-test-epoch-5-freq_mask.jsonl
earnings22,test,freq_mask,post_update,433,5,0.0848036006,0.0104749937,0.0711120293,0.0987070501,5,9e-05,6,34,0,raw/earnings22-test-epoch-5-freq_mask.jsonl
earnings22,test,freq_mask,post_update,434,5,0.0911615446,0.0447860929,0.0581527054,0.1682564616,5,9e-05,6,34,0,raw/earnings22-test-epoch-5-freq_mask.jsonl
earnings22,test,freq_mask,post_update,435,5,0.0902686089,0.0202689248,0.0697001740,0.1181343272,5,9e-05,6,34,0,raw/earnings22-test-epoch-5-freq_mask.jsonl
earnings22,test,freq_mask,post_update,436,5,0.1157988027,0.0348650944,0.0705310926,0.1525013149,5,9e-05,6,34,0,raw/earnings22-test-epoch-5-freq_mask.jsonl
earnings22,test,freq_mask,post_update,437,5,0.0894470394,0.0261524777,0.0579620227,0.1208072305,5,9e-05,6,34,0,raw/earnings22-test-epoch-5-freq_mask.jsonl
earnings22,test,freq_mask,post_update,438,5,0.0879518300,0.0268829444,0.0598190427,0.1237918735,5,9e-05,6,34,0,raw/earnings22-test-epoch-5-freq_mask.jsonl
earnings22,test,freq_mask,post_update,439,5,0.0999032706,0.0280669773,0.0659546405,0.1306631565,5,9e-05,6,34,0,raw/earnings22-test-epoch-5-freq_mask.jsonl
earnings22,test,freq_mask,post_update,440,5,0.0841380589,0.0209524258,0.0570236929,0.1067572609,5,9e-05,6,34,0,raw/earnings22-test-epoch-5-freq_mask.jsonl
earnings22,test,freq_mask,post_update,441,5,0.0988057241,0.0337457437,0.0700253695,0.1421519518,5,9e-05,6,34,0,raw/earnings22-test-epoch-5-freq_mask.jsonl
earnings22,test,freq_mask,post_update,442,5,0.0918453880,0.0421104364,0.0481086187,0.1495583653,5,9e-05,6,34,0,raw/earnings22-test-epoch-5-freq_mask.jsonl
earnings22,test,freq_mask,post_update,443,5,0.1024494246,0.0521754837,0.0619417429,0.1612812281,5,9e-05,6,34,0,raw/earnings22-test-epoch-5-freq_mask.jsonl
earnings22,test,freq_mask,post_update,444,5,0.0852743417,0.0141037825,0.0689270571,0.1054283231,5,9e-05,6,34,0,raw/earnings22-test-epoch-5-freq_mask.jsonl
earnings22,test,freq_mask,post_update,445,5,0.0988931626,0.0468261044,0.0624853671,0.1804641485,5,9e-05,6,34,0,raw/earnings22-test-epoch-5-freq_mask.jsonl
earnings22,test,freq_mask,post_update,446,5,0.1043624625,0.0415879227,0.0549766272,0.1494468153,5,9e-05,6,34,0,raw/earnings22-test-epoch-5-freq_mask.jsonl
earnings22,test,freq_mask,post_update,447,5,0.0891992390,0.0445302911,0.0545305982,0.1511770040,5,9e-05,6,34,0,raw/earnings22-test-epoch-5-freq_mask.jsonl
earnings22,test,freq_mask,post_update,448,5,0.1003062338,0.0385410809,0.0679837465,0.1661311090,5,9e-05,6,34,0,raw/earnings22-test-epoch-5-freq_mask.jsonl
earnings22,test,freq_mask,post_update,449,5,0.0923764378,0.0250915598,0.0670967549,0.1238322407,5,9e-05,6,34,0,raw/earnings22-test-epoch-5-freq_mask.jsonl
earnings22,test,freq_mask,post_update,450,5,0.0805302501,0.0187604480,0.0587521344,0.0983376279,5,9e-05,6,34,0,raw/earnings22-test-epoch-5-freq_mask.jsonl
earnings22,test,freq_mask,post_update,451,5,0.1039531663,0.0385350934,0.0574407727,0.1610382348,5,9e-05,6,34,0,raw/earnings22-test-epoch-5-freq_mask.jsonl
earnings22,test,freq_mask,post_update,452,5,0.0958263755,0.0402951242,0.0556708053,0.1612406522,5,9e-05,6,34,0,raw/earnings22-test-epoch-5-freq_mask.jsonl
earnings22,test,freq_mask,post_update,453,5,0.1233859718,0.0405841000,0.0832205415,0.1800804585,5,9e-05,6,34,0,raw/earnings22-test-epoch-5-freq_mask.jsonl
earnings22,test,freq_mask,post_update,454,5,0.0864390984,0.0331393447,0.0486050397,0.1197041646,5,9e-05,6,34,0,raw/earnings22-test-epoch-5-freq_mask.jsonl
earnings22,test,freq_mask,post_update,455,5,0.0805974983,0.0203619077,0.0568998121,0.1031358913,5,9e-05,6,34,0,raw/earnings22-test-epoch-5-freq_mask.jsonl
earnings22,test,freq_mask,post_update,456,5,0.0958934776,0.0384069033,0.0528280102,0.1456533074,5,9e-05,6,34,0,raw/earnings22-test-epoch-5-freq_mask.jsonl
earnings22,test,freq_mask,post_update,457,5,0.0993316002,0.0357104414,0.0586209819,0.1289636195,5,9e-05,6,34,0,raw/earnings22-test-epoch-5-freq_mask.jsonl
earnings22,test,freq_mask,post_update,458,5,0.1087621689,0.0479821523,0.0660440698,0.1726961136,5,9e-05,6,34,0,raw/earnings22-test-epoch-5-freq_mask.jsonl
earnings22,test,freq_mask,post_update,459,5,0.0927482449,0.0391559418,0.0489414819,0.1448426992,5,9e-05,6,34,0,raw/earnings22-test-epoch-5-freq_mask.jsonl
earnings22,test,freq_mask,post_update,460,5,0.0844417542,0.0284947314,0.0466914847,0.1238962263,5,9e-05,6,34,0,raw/earnings22-test-epoch-5-freq_mask.jsonl
earnings22,test,freq_mask,post_update,461,5,0.0917056672,0.0335350468,0.0519972108,0.1318778098,5,9e-05,6,34,0,raw/earnings22-test-epoch-5-freq_mask.jsonl
earnings22,test,freq_mask,post_update,462,5,0.0983103320,0.0269246702,0.0793549418,0.1436809003,5,9e-05,6,34,0,raw/earnings22-test-epoch-5-freq_mask.jsonl
earnings22,test,freq_mask,post_update,463,5,0.0852055676,0.0271249700,0.0528806634,0.1219582781,5,9e-05,6,34,0,raw/earnings22-test-epoch-5-freq_mask.jsonl
earnings22,test,freq_mask,post_update,464,5,0.1039540127,0.0469724379,0.0538453385,0.1758941412,5,9e-05,6,34,0,raw/earnings22-test-epoch-5-freq_mask.jsonl
earnings22,test,freq_mask,post_update,465,5,0.0893750474,0.0200964085,0.0657160357,0.1056484282,5,9e-05,6,34,0,raw/earnings22-test-epoch-5-freq_mask.jsonl
earnings22,test,freq_mask,post_update,466,5,0.1080586277,0.0390033821,0.0512080900,0.1472928077,5,9e-05,6,34,0,raw/earnings22-test-epoch-5-freq_mask.jsonl
earnings22,test,freq_mask,post_update,467,5,0.0995093212,0.0424705070,0.0674185306,0.1638244689,5,9e-05,6,34,0,raw/earnings22-test-epoch-5-freq_mask.jsonl
earnings22,test,freq_mask,post_update,468,5,0.0916397341,0.0430774766,0.0529248752,0.1590474993,5,9e-05,6,34,0,raw/earnings22-test-epoch-5-freq_mask.jsonl
earnings22,test,freq_mask,post_update,469,5,0.1042423092,0.0485362919,0.0542690270,0.1713226587,5,9e-05,6,34,0,raw/earnings22-test-epoch-5-freq_mask.jsonl
earnings22,test,freq_mask,post_update,470,5,0.0887243435,0.0379854605,0.0644332841,0.1548902094,5,9e-05,6,34,0,raw/earnings22-test-epoch-5-freq_mask.jsonl
earnings22,test,freq_mask,post_update,471,5,0.0998961687,0.0302166595,0.0699849129,0.1396617442,5,9e-05,6,34,0,raw/earnings22-test-epoch-5-freq_mask.jsonl
earnings22,test,freq_mask,post_update,472,5,0.0876490593,0.0369982195,0.0504506640,0.1279752254,5,9e-05,6,34,0,raw/earnings22-test-epoch-5-freq_mask.jsonl
earnings22,test,freq_mask,post_update,473,5,0.0998498410,0.0354443739,0.0770570040,0.1608827710,5,9e-05,6,34,0,raw/earnings22-test-epoch-5-freq_mask.jsonl
earnings22,test,freq_mask,post_update,474,5,0.0950339869,0.0267496472,0.0497905314,0.1134624109,5,9e-05,6,34,0,raw/earnings22-test-epoch-5-freq_mask.jsonl
earnings22,test,freq_mask,post_update,475,5,0.0838284388,0.0158625220,0.0716411620,0.1101527438,5,9e-05,6,34,0,raw/earnings22-test-epoch-5-freq_mask.jsonl
earnings22,test,freq_mask,post_update,476,5,0.0850063965,0.0348129285,0.0471364036,0.1358297169,5,9e-05,6,34,0,raw/earnings22-test-epoch-5-freq_mask.jsonl
earnings22,test,freq_mask,post_update,477,5,0.0881299205,0.0332067011,0.0586966798,0.1327070445,5,9e-05,6,34,0,raw/earnings22-test-epoch-5-freq_mask.jsonl
earnings22,test,freq_mask,post_update,478,5,0.1014854535,0.0381890103,0.0729752928,0.1678932011,5,9e-05,6,34,0,raw/earnings22-test-epoch-5-freq_mask.jsonl
earnings22,test,freq_mask,post_update,479,5,0.1008645087,0.0442277412,0.0630773082,0.1766792834,5,9e-05,6,34,0,raw/earnings22-test-epoch-5-freq_mask.jsonl
earnings22,test,freq_mask,post_update,480,5,0.0924111947,0.0329371573,0.0660443455,0.1307283342,5,9e-05,6,34,0,raw/earnings22-test-epoch-5-freq_mask.jsonl
earnings22,test,freq_mask,post_update,481,5,0.0762440376,0.0198445468,0.0470107086,0.1010877490,5,9e-05,6,34,0,raw/earnings22-test-epoch-5-freq_mask.jsonl
earnings22,test,freq_mask,post_update,482,5,0.1118119881,0.0332894445,0.0664021075,0.1474870741,5,9e-05,6,34,0,raw/earnings22-test-epoch-5-freq_mask.jsonl
earnings22,test,freq_mask,post_update,483,5,0.1004534625,0.0488717612,0.0427408703,0.1638415307,5,9e-05,6,34,0,raw/earnings22-test-epoch-5-freq_mask.jsonl
earnings22,test,freq_mask,post_update,484,5,0.0932637960,0.0326898677,0.0515420958,0.1275965124,5,9e-05,6,34,0,raw/earnings22-test-epoch-5-freq_mask.jsonl
earnings22,test,freq_mask,post_update,485,5,0.0989254624,0.0466195774,0.0634551495,0.1501497328,5,9e-05,6,34,0,raw/earnings22-test-epoch-5-freq_mask.jsonl
earnings22,test,freq_mask,post_update,486,5,0.0922665156,0.0279622460,0.0559999458,0.1301424205,5,9e-05,6,34,0,raw/earnings22-test-epoch-5-freq_mask.jsonl
earnings22,test,freq_mask,post_update,487,5,0.0948681116,0.0415388796,0.0573324710,0.1653862149,5,9e-05,6,34,0,raw/earnings22-test-epoch-5-freq_mask.jsonl
earnings22,test,freq_mask,post_update,488,5,0.0739514485,0.0073073133,0.0656018406,0.0835159570,5,9e-05,6,34,0,raw/earnings22-test-epoch-5-freq_mask.jsonl
earnings22,test,freq_mask,post_update,489,5,0.0781360626,0.0174758408,0.0611498281,0.1045807153,5,9e-05,6,34,0,raw/earnings22-test-epoch-5-freq_mask.jsonl
earnings22,test,freq_mask,post_update,490,5,0.0990146115,0.0337338701,0.0728564709,0.1423938125,5,9e-05,6,34,0,raw/earnings22-test-epoch-5-freq_mask.jsonl
earnings22,test,freq_mask,post_update,491,5,0.1018179715,0.0482518450,0.0490573347,0.1526405811,5,9e-05,6,34,0,raw/earnings22-test-epoch-5-freq_mask.jsonl
earnings22,test,freq_mask,post_update,492,5,0.0891839802,0.0340470889,0.0533507019,0.1368028671,5,9e-05,6,34,0,raw/earnings22-test-epoch-5-freq_mask.jsonl
earnings22,test,freq_mask,post_update,493,5,0.0880520999,0.0477175468,0.0520921126,0.1622715443,5,9e-05,6,34,0,raw/earnings22-test-epoch-5-freq_mask.jsonl
earnings22,test,freq_mask,post_update,494,5,0.0993537754,0.0364159265,0.0587154254,0.1397972107,5,9e-05,6,34,0,raw/earnings22-test-epoch-5-freq_mask.jsonl
earnings22,test,freq_mask,post_update,495,5,0.0889482707,0.0307259679,0.0599700511,0.1310644746,5,9e-05,6,34,0,raw/earnings22-test-epoch-5-freq_mask.jsonl
earnings22,test,freq_mask,post_update,496,5,0.0957651801,0.0440661910,0.0511371158,0.1680132896,5,9e-05,6,34,0,raw/earnings22-test-epoch-5-freq_mask.jsonl
earnings22,test,freq_mask,post_update,497,5,0.0925193951,0.0375395619,0.0614784881,0.1423352361,5,9e-05,6,34,0,raw/earnings22-test-epoch-5-freq_mask.jsonl
earnings22,test,freq_mask,post_update,498,5,0.0813232452,0.0236737573,0.0564978421,0.1199817061,5,9e-05,6,34,0,raw/earnings22-test-epoch-5-freq_mask.jsonl
earnings22,test,freq_mask,post_update,499,5,0.0919252224,0.0422340850,0.0567160286,0.1522284150,5,9e-05,6,34,0,raw/earnings22-test-epoch-5-freq_mask.jsonl
earnings22,test,freq_mask,post_update,500,5,0.0813132711,0.0252906971,0.0536488555,0.1133354828,5,9e-05,6,34,0,raw/earnings22-test-epoch-5-freq_mask.jsonl
earnings22,test,freq_mask,post_update,501,5,0.0843618758,0.0223442417,0.0591068827,0.1195860058,5,9e-05,6,34,0,raw/earnings22-test-epoch-5-freq_mask.jsonl
earnings22,test,freq_mask,post_update,502,5,0.0767363690,0.0201706499,0.0567096956,0.1104301736,5,9e-05,6,34,0,raw/earnings22-test-epoch-5-freq_mask.jsonl
earnings22,test,freq_mask,post_update,503,5,0.0897464044,0.0384248396,0.0508436039,0.1304674596,5,9e-05,6,34,0,raw/earnings22-test-epoch-5-freq_mask.jsonl
earnings22,test,freq_mask,post_update,504,5,0.0815389328,0.0291888645,0.0574005656,0.1248514354,5,9e-05,6,34,0,raw/earnings22-test-epoch-5-freq_mask.jsonl
earnings22,test,freq_mask,post_update,505,5,0.0905425318,0.0434943510,0.0418679640,0.1495183110,5,9e-05,6,34,0,raw/earnings22-test-epoch-5-freq_mask.jsonl
earnings22,test,freq_mask,post_update,506,5,0.1049393460,0.0446109875,0.0565384030,0.1624340266,5,9e-05,6,34,0,raw/earnings22-test-epoch-5-freq_mask.jsonl
earnings22,test,freq_mask,post_update,507,5,0.0814841226,0.0430179977,0.0515594408,0.1565704197,5,9e-05,6,34,0,raw/earnings22-test-epoch-5-freq_mask.jsonl
earnings22,test,freq_mask,post_update,508,5,0.1086773857,0.0454743038,0.0711236671,0.1695187390,5,9e-05,6,34,0,raw/earnings22-test-epoch-5-freq_mask.jsonl
earnings22,test,freq_mask,post_update,509,5,0.0858703807,0.0335944835,0.0563488752,0.1423665583,5,9e-05,6,34,0,raw/earnings22-test-epoch-5-freq_mask.jsonl
earnings22,test,freq_mask,post_update,510,5,0.0755877912,0.0373928271,0.0521503240,0.1388796270,5,9e-05,6,34,0,raw/earnings22-test-epoch-5-freq_mask.jsonl
earnings22,test,freq_mask,post_update,511,5,0.0837960005,0.0307801361,0.0486714616,0.1294105053,5,9e-05,6,34,0,raw/earnings22-test-epoch-5-freq_mask.jsonl
earnings22,test,freq_mask,post_update,512,5,0.0816955373,0.0212967607,0.0562748834,0.1155246496,5,9e-05,6,34,0,raw/earnings22-test-epoch-5-freq_mask.jsonl
earnings22,test,freq_mask,post_update,513,5,0.1017817408,0.0389874935,0.0542935953,0.1427118033,5,9e-05,6,34,0,raw/earnings22-test-epoch-5-freq_mask.jsonl
earnings22,test,freq_mask,post_update,514,5,0.0888884783,0.0383157621,0.0601358637,0.1558453292,5,9e-05,6,34,0,raw/earnings22-test-epoch-5-freq_mask.jsonl
earnings22,test,freq_mask,post_update,515,5,0.0878226146,0.0413542842,0.0518737212,0.1547736079,5,9e-05,6,34,0,raw/earnings22-test-epoch-5-freq_mask.jsonl
earnings22,test,freq_mask,post_update,516,5,0.0799173966,0.0234448059,0.0557297617,0.1179263815,5,9e-05,6,34,0,raw/earnings22-test-epoch-5-freq_mask.jsonl
earnings22,test,freq_mask,post_update,517,5,0.0920393184,0.0403819002,0.0554255024,0.1510073841,5,9e-05,6,34,0,raw/earnings22-test-epoch-5-freq_mask.jsonl
earnings22,test,freq_mask,post_update,518,5,0.1004792325,0.0487764895,0.0586642660,0.1623334289,5,9e-05,6,34,0,raw/earnings22-test-epoch-5-freq_mask.jsonl
earnings22,test,freq_mask,post_update,519,5,0.0988786846,0.0432614808,0.0555314869,0.1655836254,5,9e-05,6,34,0,raw/earnings22-test-epoch-5-freq_mask.jsonl
earnings22,test,freq_mask,post_update,520,5,0.1008916020,0.0318653675,0.0760993659,0.1539388150,5,9e-05,6,34,0,raw/earnings22-test-epoch-5-freq_mask.jsonl
earnings22,test,freq_mask,post_update,521,5,0.0654314339,0.0090207320,0.0590908751,0.0810886323,5,9e-05,6,34,0,raw/earnings22-test-epoch-5-freq_mask.jsonl
earnings22,test,freq_mask,post_update,522,5,0.0783823967,0.0251685707,0.0561721250,0.1199621558,5,9e-05,6,34,0,raw/earnings22-test-epoch-5-freq_mask.jsonl
earnings22,test,freq_mask,post_update,523,5,0.0971791722,0.0371416910,0.0488453396,0.1366424263,5,9e-05,6,34,0,raw/earnings22-test-epoch-5-freq_mask.jsonl
earnings22,test,freq_mask,post_update,524,5,0.0896190919,0.0334087053,0.0526416190,0.1245149896,5,9e-05,6,34,0,raw/earnings22-test-epoch-5-freq_mask.jsonl
earnings22,test,freq_mask,post_update,525,5,0.0843617409,0.0304842155,0.0472343937,0.1175940558,5,9e-05,6,34,0,raw/earnings22-test-epoch-5-freq_mask.jsonl
earnings22,test,freq_mask,post_update,526,5,0.1011243463,0.0332467597,0.0622592866,0.1399516463,5,9e-05,6,34,0,raw/earnings22-test-epoch-5-freq_mask.jsonl
earnings22,test,freq_mask,post_update,527,5,0.0995729104,0.0395800984,0.0745546967,0.1694108248,5,9e-05,6,34,0,raw/earnings22-test-epoch-5-freq_mask.jsonl
earnings22,test,freq_mask,post_update,528,5,0.0922601476,0.0281416939,0.0662599802,0.1403903067,5,9e-05,6,34,0,raw/earnings22-test-epoch-5-freq_mask.jsonl
earnings22,test,freq_mask,post_update,529,5,0.0846206926,0.0335864198,0.0563448593,0.1378641278,5,9e-05,6,34,0,raw/earnings22-test-epoch-5-freq_mask.jsonl
earnings22,test,freq_mask,post_update,530,5,0.0944756165,0.0383626687,0.0643322468,0.1561274529,5,9e-05,6,34,0,raw/earnings22-test-epoch-5-freq_mask.jsonl
earnings22,test,freq_mask,post_update,531,5,0.0818274014,0.0196984695,0.0599450059,0.1115235761,5,9e-05,6,34,0,raw/earnings22-test-epoch-5-freq_mask.jsonl
earnings22,test,freq_mask,post_update,532,5,0.0932274997,0.0402390052,0.0551176965,0.1601158977,5,9e-05,6,34,0,raw/earnings22-test-epoch-5-freq_mask.jsonl
earnings22,test,freq_mask,post_update,533,5,0.0904771224,0.0245315171,0.0554748252,0.1169244647,5,9e-05,6,34,0,raw/earnings22-test-epoch-5-freq_mask.jsonl
earnings22,test,freq_mask,post_update,534,5,0.0844604813,0.0330189308,0.0456859209,0.1290364265,5,9e-05,6,34,0,raw/earnings22-test-epoch-5-freq_mask.jsonl
earnings22,test,freq_mask,post_update,535,5,0.0842894286,0.0339521755,0.0559397340,0.1389574707,5,9e-05,6,34,0,raw/earnings22-test-epoch-5-freq_mask.jsonl
earnings22,test,freq_mask,post_update,536,5,0.1086125210,0.0354944508,0.0573323593,0.1534475684,5,9e-05,6,34,0,raw/earnings22-test-epoch-5-freq_mask.jsonl
earnings22,test,freq_mask,post_update,537,5,0.0932534859,0.0426383705,0.0467187837,0.1599200070,5,9e-05,6,34,0,raw/earnings22-test-epoch-5-freq_mask.jsonl
earnings22,test,freq_mask,post_update,538,5,0.0887289092,0.0302208952,0.0580089688,0.1311039329,5,9e-05,6,34,0,raw/earnings22-test-epoch-5-freq_mask.jsonl
earnings22,test,freq_mask,post_update,539,5,0.0953187525,0.0284545401,0.0736207068,0.1448329985,5,9e-05,6,34,0,raw/earnings22-test-epoch-5-freq_mask.jsonl
earnings22,test,freq_mask,post_update,540,5,0.0870989725,0.0312171097,0.0510576740,0.1334879398,5,9e-05,6,34,0,raw/earnings22-test-epoch-5-freq_mask.jsonl
earnings22,test,freq_mask,post_update,541,5,0.0847223565,0.0307035648,0.0559134260,0.1361167729,5,9e-05,6,34,0,raw/earnings22-test-epoch-5-freq_mask.jsonl
earnings22,test,freq_mask,post_update,542,5,0.0898945346,0.0304869551,0.0639131367,0.1315107197,5,9e-05,6,34,0,raw/earnings22-test-epoch-5-freq_mask.jsonl
earnings22,test,freq_mask,post_update,543,5,0.0706742004,0.0221348223,0.0476007685,0.1023189425,5,9e-05,6,34,0,raw/earnings22-test-epoch-5-freq_mask.jsonl
earnings22,test,freq_mask,post_update,544,5,0.0816028163,0.0295418189,0.0496788472,0.1139024720,5,9e-05,6,34,0,raw/earnings22-test-epoch-5-freq_mask.jsonl
earnings22,test,freq_mask,post_update,545,5,0.0773504935,0.0244842985,0.0563377999,0.1150553823,5,9e-05,6,34,0,raw/earnings22-test-epoch-5-freq_mask.jsonl
earnings22,test,freq_mask,post_update,546,5,0.0899516121,0.0348098307,0.0568827614,0.1407761574,5,9e-05,6,34,0,raw/earnings22-test-epoch-5-freq_mask.jsonl
earnings22,test,freq_mask,post_update,547,5,0.0916988179,0.0347472602,0.0591184273,0.1371466368,5,9e-05,6,34,0,raw/earnings22-test-epoch-5-freq_mask.jsonl
earnings22,test,freq_mask,post_update,548,5,0.0771843597,0.0190062530,0.0606056601,0.1012239307,5,9e-05,6,34,0,raw/earnings22-test-epoch-5-freq_mask.jsonl
earnings22,test,freq_mask,post_update,549,5,0.0732093148,0.0194415829,0.0536296330,0.1040375009,5,9e-05,6,34,0,raw/earnings22-test-epoch-5-freq_mask.jsonl
earnings22,test,freq_mask,post_update,550,5,0.0795457959,0.0250159142,0.0486068353,0.1154896915,5,9e-05,6,34,0,raw/earnings22-test-epoch-5-freq_mask.jsonl
earnings22,test,freq_mask,post_update,551,5,0.0955425173,0.0354081899,0.0508074909,0.1445837319,5,9e-05,6,34,0,raw/earnings22-test-epoch-5-freq_mask.jsonl
earnings22,test,freq_mask,post_update,552,5,0.0943158910,0.0431929902,0.0548244938,0.1418330073,5,9e-05,6,34,0,raw/earnings22-test-epoch-5-freq_mask.jsonl
earnings22,test,freq_mask,post_update,553,5,0.0992340468,0.0416995437,0.0574644171,0.1479903907,5,9e-05,6,34,0,raw/earnings22-test-epoch-5-freq_mask.jsonl
earnings22,test,freq_mask,post_update,554,5,0.0957428247,0.0275978164,0.0749699026,0.1436097026,5,9e-05,6,34,0,raw/earnings22-test-epoch-5-freq_mask.jsonl
earnings22,test,freq_mask,post_update,555,5,0.0822013199,0.0220122792,0.0494563803,0.1069561690,5,9e-05,6,34,0,raw/earnings22-test-epoch-5-freq_mask.jsonl
earnings22,test,freq_mask,post_update,556,5,0.0737452984,0.0299196309,0.0470152795,0.1246715337,5,9e-05,6,34,0,raw/earnings22-test-epoch-5-freq_mask.jsonl
earnings22,test,freq_mask,post_update,557,5,0.0744973540,0.0167749241,0.0603763461,0.1034335941,5,9e-05,6,34,0,raw/earnings22-test-epoch-5-freq_mask.jsonl
earnings22,test,freq_mask,post_update,558,5,0.0774509996,0.0284465123,0.0514154211,0.1241755933,5,9e-05,6,34,0,raw/earnings22-test-epoch-5-freq_mask.jsonl
earnings22,test,freq_mask,post_update,559,5,0.0856722854,0.0460353386,0.0497737713,0.1495991945,5,9e-05,6,34,0,raw/earnings22-test-epoch-5-freq_mask.jsonl
earnings22,test,freq_mask,post_update,560,5,0.0887366831,0.0264668336,0.0625986457,0.1308062971,5,9e-05,6,34,0,raw/earnings22-test-epoch-5-freq_mask.jsonl
earnings22,test,freq_mask,post_update,561,5,0.0893878013,0.0251618425,0.0614693314,0.1245925874,5,9e-05,6,34,0,raw/earnings22-test-epoch-5-freq_mask.jsonl
earnings22,test,freq_mask,post_update,562,5,0.0885790959,0.0485132223,0.0531226769,0.1681577861,5,9e-05,6,34,0,raw/earnings22-test-epoch-5-freq_mask.jsonl
earnings22,test,freq_mask,post_update,563,5,0.0839818165,0.0257397892,0.0626666546,0.1274723113,5,9e-05,6,34,0,raw/earnings22-test-epoch-5-freq_mask.jsonl
earnings22,test,freq_mask,post_update,564,5,0.0750794291,0.0192933153,0.0538772121,0.1012068540,5,9e-05,6,34,0,raw/earnings22-test-epoch-5-freq_mask.jsonl
earnings22,test,freq_mask,post_update,565,5,0.0797799282,0.0143425325,0.0599985011,0.0937092677,5,9e-05,6,34,0,raw/earnings22-test-epoch-5-freq_mask.jsonl
earnings22,test,freq_mask,post_update,566,5,0.0998299733,0.0285149535,0.0762674138,0.1337837130,5,9e-05,6,34,0,raw/earnings22-test-epoch-5-freq_mask.jsonl
earnings22,test,freq_mask,post_update,567,5,0.0883834943,0.0269420732,0.0701006502,0.1359917074,5,9e-05,6,34,0,raw/earnings22-test-epoch-5-freq_mask.jsonl
earnings22,test,freq_mask,post_update,568,5,0.0682260536,0.0253723319,0.0406559706,0.1100016981,5,9e-05,6,34,0,raw/earnings22-test-epoch-5-freq_mask.jsonl
earnings22,test,freq_mask,post_update,569,5,0.0934231959,0.0346878037,0.0595425330,0.1456975639,5,9e-05,6,34,0,raw/earnings22-test-epoch-5-freq_mask.jsonl
earnings22,test,freq_mask,post_update,570,5,0.0706070840,0.0128618037,0.0511924326,0.0870232582,5,9e-05,6,34,0,raw/earnings22-test-epoch-5-freq_mask.jsonl
earnings22,test,freq_mask,post_update,571,5,0.0916362599,0.0454118913,0.0547578596,0.1648984253,5,9e-05,6,34,0,raw/earnings22-test-epoch-5-freq_mask.jsonl
earnings22,test,freq_mask,post_update,572,5,0.0845534131,0.0293920424,0.0422157273,0.1239828169,5,9e-05,6,34,0,raw/earnings22-test-epoch-5-freq_mask.jsonl
earnings22,test,freq_mask,post_update,573,5,0.0706214957,0.0251190760,0.0492154770,0.1142039895,5,9e-05,6,34,0,raw/earnings22-test-epoch-5-freq_mask.jsonl
earnings22,test,freq_mask,post_update,574,5,0.0859243877,0.0449792598,0.0518266484,0.1490791589,5,9e-05,6,34,0,raw/earnings22-test-epoch-5-freq_mask.jsonl
earnings22,test,freq_mask,post_update,575,5,0.1051077828,0.0360432717,0.0571671650,0.1578041315,5,9e-05,6,34,0,raw/earnings22-test-epoch-5-freq_mask.jsonl
earnings22,test,freq_mask,post_update,576,5,0.0879962042,0.0353079295,0.0636399537,0.1503728926,5,9e-05,6,34,0,raw/earnings22-test-epoch-5-freq_mask.jsonl
earnings22,test,freq_mask,post_update,577,5,0.0960499242,0.0326709810,0.0661148280,0.1394394040,5,9e-05,6,34,0,raw/earnings22-test-epoch-5-freq_mask.jsonl
earnings22,test,freq_mask,post_update,578,5,0.1054455869,0.0461936337,0.0599119104,0.1610271186,5,9e-05,6,34,0,raw/earnings22-test-epoch-5-freq_mask.jsonl
earnings22,test,freq_mask,post_update,579,5,0.0975125641,0.0305687980,0.0625293851,0.1373930722,5,9e-05,6,34,0,raw/earnings22-test-epoch-5-freq_mask.jsonl
earnings22,test,freq_mask,post_update,580,5,0.0992264211,0.0377208515,0.0517645851,0.1466001272,5,9e-05,6,34,0,raw/earnings22-test-epoch-5-freq_mask.jsonl
earnings22,test,freq_mask,post_update,581,5,0.0772382922,0.0322171066,0.0520462394,0.1327426732,5,9e-05,6,34,0,raw/earnings22-test-epoch-5-freq_mask.jsonl
earnings22,test,freq_mask,post_update,582,5,0.0776963592,0.0328712679,0.0514544025,0.1349140108,5,9e-05,6,34,0,raw/earnings22-test-epoch-5-freq_mask.jsonl
earnings22,test,freq_mask,post_update,583,5,0.0910252802,0.0374846522,0.0564140528,0.1510367393,5,9e-05,6,34,0,raw/earnings22-test-epoch-5-freq_mask.jsonl
earnings22,test,freq_mask,post_update,584,5,0.0911147609,0.0184182189,0.0710746199,0.1121902615,5,9e-05,6,34,0,raw/earnings22-test-epoch-5-freq_mask.jsonl
earnings22,test,freq_mask,post_update,585,5,0.0865068696,0.0301207050,0.0544203110,0.1332515776,5,9e-05,6,34,0,raw/earnings22-test-epoch-5-freq_mask.jsonl
earnings22,test,freq_mask,post_update,586,5,0.0751766495,0.0128688029,0.0543605722,0.0894511417,5,9e-05,6,34,0,raw/earnings22-test-epoch-5-freq_mask.jsonl
earnings22,test,freq_mask,post_update,587,5,0.0882802427,0.0268885689,0.0604713634,0.1173665226,5,9e-05,6,34,0,raw/earnings22-test-epoch-5-freq_mask.jsonl
earnings22,test,freq_mask,post_update,588,5,0.0712685570,0.0130646374,0.0550174117,0.0840339214,5,9e-05,6,34,0,raw/earnings22-test-epoch-5-freq_mask.jsonl
earnings22,test,freq_mask,post_update,589,5,0.0980235532,0.0317319771,0.0644628257,0.1418775916,5,9e-05,6,34,0,raw/earnings22-test-epoch-5-freq_mask.jsonl
earnings22,test,freq_mask,post_update,590,5,0.0852264069,0.0216427023,0.0605368800,0.1056547016,5,9e-05,6,34,0,raw/earnings22-test-epoch-5-freq_mask.jsonl
earnings22,test,freq_mask,post_update,591,5,0.0776336148,0.0275647132,0.0507515669,0.1150938272,5,9e-05,6,34,0,raw/earnings22-test-epoch-5-freq_mask.jsonl
earnings22,test,freq_mask,post_update,592,5,0.0836931579,0.0287329563,0.0521914698,0.1241443008,5,9e-05,6,34,0,raw/earnings22-test-epoch-5-freq_mask.jsonl
earnings22,test,freq_mask,post_update,593,5,0.0891931474,0.0235435951,0.0682469457,0.1194195449,5,9e-05,6,34,0,raw/earnings22-test-epoch-5-freq_mask.jsonl
earnings22,test,freq_mask,post_update,594,5,0.0877885982,0.0240709022,0.0693605691,0.1268502474,5,9e-05,6,34,0,raw/earnings22-test-epoch-5-freq_mask.jsonl
earnings22,test,freq_mask,post_update,595,5,0.0884624451,0.0338468354,0.0553538799,0.1314169466,5,9e-05,6,34,0,raw/earnings22-test-epoch-5-freq_mask.jsonl
earnings22,test,freq_mask,post_update,596,5,0.0737515405,0.0208788051,0.0553845391,0.1064416915,5,9e-05,6,34,0,raw/earnings22-test-epoch-5-freq_mask.jsonl
earnings22,test,freq_mask,post_update,597,5,0.0889118500,0.0403155560,0.0566922836,0.1557538360,5,9e-05,6,34,0,raw/earnings22-test-epoch-5-freq_mask.jsonl
earnings22,test,freq_mask,post_update,598,5,0.0838269010,0.0253062283,0.0577011034,0.1257967353,5,9e-05,6,34,0,raw/earnings22-test-epoch-5-freq_mask.jsonl
earnings22,test,freq_mask,post_update,599,5,0.0861436330,0.0427448926,0.0552898422,0.1594204754,5,9e-05,6,34,0,raw/earnings22-test-epoch-5-freq_mask.jsonl
earnings22,test,freq_mask,post_update,600,5,0.0823982373,0.0244408954,0.0556592643,0.1158869565,5,9e-05,6,34,0,raw/earnings22-test-epoch-5-freq_mask.jsonl
earnings22,test,freq_mask,post_update,601,5,0.0943212926,0.0213199451,0.0722801983,0.1259116828,5,9e-05,6,34,0,raw/earnings22-test-epoch-5-freq_mask.jsonl
earnings22,test,freq_mask,post_update,602,5,0.0900765650,0.0467651129,0.0493744314,0.1617582738,5,9e-05,6,34,0,raw/earnings22-test-epoch-5-freq_mask.jsonl
earnings22,test,freq_mask,post_update,603,5,0.0710431851,0.0281725271,0.0447757579,0.1153219640,5,9e-05,6,34,0,raw/earnings22-test-epoch-5-freq_mask.jsonl
earnings22,test,freq_mask,post_update,604,5,0.0725434959,0.0205610730,0.0485813394,0.1053732410,5,9e-05,6,34,0,raw/earnings22-test-epoch-5-freq_mask.jsonl
earnings22,test,freq_mask,post_update,605,5,0.0803956844,0.0433315975,0.0536360145,0.1566758156,5,9e-05,6,34,0,raw/earnings22-test-epoch-5-freq_mask.jsonl
earnings22,test,freq_mask,post_update,606,5,0.1021148741,0.0381518451,0.0520020425,0.1438857913,5,9e-05,6,34,0,raw/earnings22-test-epoch-5-freq_mask.jsonl
earnings22,test,freq_mask,post_update,607,5,0.0687755547,0.0185364078,0.0464786887,0.0866775662,5,9e-05,6,34,0,raw/earnings22-test-epoch-5-freq_mask.jsonl
earnings22,test,freq_mask,post_update,608,5,0.0774425536,0.0180894182,0.0538172498,0.0951779783,5,9e-05,6,34,0,raw/earnings22-test-epoch-5-freq_mask.jsonl
earnings22,test,freq_mask,post_update,609,5,0.0871074095,0.0221884804,0.0595452562,0.1146329194,5,9e-05,6,34,0,raw/earnings22-test-epoch-5-freq_mask.jsonl
earnings22,test,freq_mask,post_update,610,5,0.0932607137,0.0354601628,0.0596194193,0.1369846463,5,9e-05,6,34,0,raw/earnings22-test-epoch-5-freq_mask.jsonl
earnings22,test,freq_mask,post_update,611,5,0.0815492645,0.0392533490,0.0431089178,0.1404943913,5,9e-05,6,34,0,raw/earnings22-test-epoch-5-freq_mask.jsonl
earnings22,test,freq_mask,post_update,612,5,0.0858456641,0.0149310300,0.0734148473,0.1117909104,5,9e-05,6,34,0,raw/earnings22-test-epoch-5-freq_mask.jsonl
earnings22,test,freq_mask,post_update,613,5,0.0816709034,0.0287168548,0.0589830428,0.1274764836,5,9e-05,6,34,0,raw/earnings22-test-epoch-5-freq_mask.jsonl
earnings22,test,freq_mask,post_update,614,5,0.0700609468,0.0082055388,0.0591906868,0.0797389597,5,9e-05,6,34,0,raw/earnings22-test-epoch-5-freq_mask.jsonl
earnings22,test,freq_mask,post_update,615,5,0.0833418414,0.0246423225,0.0533710048,0.1200145036,5,9e-05,6,34,0,raw/earnings22-test-epoch-5-freq_mask.jsonl
earnings22,test,freq_mask,post_update,616,4,0.0765560623,0.0354878635,0.0471152440,0.1259992421,5,9e-05,6,34,0,raw/earnings22-test-epoch-5-freq_mask.jsonl
earnings22,test,freq_mask,post_update,617,4,0.0910877474,0.0217456577,0.0653056949,0.1124511734,5,9e-05,6,34,0,raw/earnings22-test-epoch-5-freq_mask.jsonl
earnings22,test,freq_mask,post_update,618,4,0.0840727482,0.0298056710,0.0641107038,0.1277658343,5,9e-05,6,34,0,raw/earnings22-test-epoch-5-freq_mask.jsonl
earnings22,test,freq_mask,post_update,619,4,0.1035828972,0.0416843902,0.0562431552,0.1397370100,5,9e-05,6,34,0,raw/earnings22-test-epoch-5-freq_mask.jsonl
earnings22,test,freq_mask,post_update,620,4,0.0937737077,0.0464664227,0.0643854588,0.1631533056,5,9e-05,6,34,0,raw/earnings22-test-epoch-5-freq_mask.jsonl
earnings22,test,freq_mask,post_update,621,4,0.0700574946,0.0176818701,0.0499760658,0.0930030271,5,9e-05,6,34,0,raw/earnings22-test-epoch-5-freq_mask.jsonl
earnings22,test,freq_mask,post_update,622,4,0.0922201741,0.0474915658,0.0438469946,0.1346137077,5,9e-05,6,34,0,raw/earnings22-test-epoch-5-freq_mask.jsonl
earnings22,test,freq_mask,post_update,623,4,0.0948452782,0.0244323503,0.0718002617,0.1228049174,5,9e-05,6,34,0,raw/earnings22-test-epoch-5-freq_mask.jsonl
earnings22,test,freq_mask,post_update,624,4,0.0987039451,0.0354800476,0.0630868822,0.1381522715,5,9e-05,6,34,0,raw/earnings22-test-epoch-5-freq_mask.jsonl
earnings22,test,freq_mask,post_update,625,4,0.0975927617,0.0218378942,0.0766455531,0.1240942627,5,9e-05,6,34,0,raw/earnings22-test-epoch-5-freq_mask.jsonl
earnings22,test,freq_mask,post_update,626,4,0.0750612710,0.0095250488,0.0679508224,0.0890806168,5,9e-05,6,34,0,raw/earnings22-test-epoch-5-freq_mask.jsonl
earnings22,test,freq_mask,post_update,627,4,0.0844232300,0.0406863903,0.0500441082,0.1434075534,5,9e-05,6,34,0,raw/earnings22-test-epoch-5-freq_mask.jsonl
earnings22,test,freq_mask,post_update,628,4,0.1031399891,0.0358075330,0.0701491833,0.1474742144,5,9e-05,6,34,0,raw/earnings22-test-epoch-5-freq_mask.jsonl
earnings22,test,freq_mask,post_update,629,4,0.0997901298,0.0252097059,0.0745634958,0.1311779916,5,9e-05,6,34,0,raw/earnings22-test-epoch-5-freq_mask.jsonl
earnings22,test,freq_mask,post_update,630,4,0.0859407289,0.0372222381,0.0526309162,0.1271444410,5,9e-05,6,34,0,raw/earnings22-test-epoch-5-freq_mask.jsonl
earnings22,test,freq_mask,post_update,631,4,0.0975599494,0.0400630492,0.0628274679,0.1414076984,5,9e-05,6,34,0,raw/earnings22-test-epoch-5-freq_mask.jsonl
earnings22,test,freq_mask,post_update,632,4,0.0792168900,0.0342602965,0.0555033088,0.1297523230,5,9e-05,6,34,0,raw/earnings22-test-epoch-5-freq_mask.jsonl
earnings22,test,freq_mask,post_update,633,4,0.0984125994,0.0479920178,0.0463521108,0.1457110345,5,9e-05,6,34,0,raw/earnings22-test-epoch-5-freq_mask.jsonl
earnings22,test,freq_mask,post_update,634,4,0.0895767016,0.0347079244,0.0590280034,0.1349980831,5,9e-05,6,34,0,raw/earnings22-test-epoch-5-freq_mask.jsonl
earnings22,test,freq_mask,post_update,635,4,0.0823736107,0.0255395463,0.0549798422,0.1167034358,5,9e-05,6,34,0,raw/earnings22-test-epoch-5-freq_mask.jsonl
earnings22,test,freq_mask,post_update,636,4,0.0932567548,0.0437505206,0.0469433069,0.1486373097,5,9e-05,6,34,0,raw/earnings22-test-epoch-5-freq_mask.jsonl
earnings22,test,freq_mask,post_update,637,4,0.0725762509,0.0149581876,0.0566531867,0.0927430987,5,9e-05,6,34,0,raw/earnings22-test-epoch-5-freq_mask.jsonl
earnings22,test,freq_mask,post_update,638,4,0.0782926446,0.0281480106,0.0575735904,0.1193123832,5,9e-05,6,34,0,raw/earnings22-test-epoch-5-freq_mask.jsonl
earnings22,test,freq_mask,post_update,639,4,0.0790225454,0.0226516335,0.0575907826,0.1067360491,5,9e-05,6,34,0,raw/earnings22-test-epoch-5-freq_mask.jsonl
earnings22,test,freq_mask,post_update,640,4,0.0773832183,0.0264297602,0.0537732616,0.1151367351,5,9e-05,6,34,0,raw/earnings22-test-epoch-5-freq_mask.jsonl
earnings22,test,freq_mask,post_update,641,4,0.0844230819,0.0326566932,0.0542518534,0.1179347038,5,9e-05,6,34,0,raw/earnings22-test-epoch-5-freq_mask.jsonl
earnings22,test,freq_mask,post_update,642,4,0.0838077515,0.0340466862,0.0509882197,0.1313869059,5,9e-05,6,34,0,raw/earnings22-test-epoch-5-freq_mask.jsonl
earnings22,test,freq_mask,post_update,643,4,0.0727863461,0.0252911716,0.0461035371,0.1057953238,5,9e-05,6,34,0,raw/earnings22-test-epoch-5-freq_mask.jsonl
earnings22,test,freq_mask,post_update,644,4,0.0771693606,0.0131631501,0.0665612444,0.0958665162,5,9e-05,6,34,0,raw/earnings22-test-epoch-5-freq_mask.jsonl
earnings22,test,freq_mask,post_update,645,4,0.0690577207,0.0113447159,0.0555581935,0.0824614987,5,9e-05,6,34,0,raw/earnings22-test-epoch-5-freq_mask.jsonl
earnings22,test,freq_mask,post_update,646,4,0.0742082726,0.0134436862,0.0601763055,0.0922502056,5,9e-05,6,34,0,raw/earnings22-test-epoch-5-freq_mask.jsonl
earnings22,test,freq_mask,post_update,647,4,0.0880836491,0.0439202700,0.0560283959,0.1530313343,5,9e-05,6,34,0,raw/earnings22-test-epoch-5-freq_mask.jsonl
earnings22,test,freq_mask,post_update,648,4,0.0929557867,0.0290501030,0.0626766607,0.1320095658,5,9e-05,6,34,0,raw/earnings22-test-epoch-5-freq_mask.jsonl
earnings22,test,freq_mask,post_update,649,4,0.0744229574,0.0216864667,0.0540361479,0.1050323844,5,9e-05,6,34,0,raw/earnings22-test-epoch-5-freq_mask.jsonl
earnings22,test,freq_mask,post_update,650,4,0.1058242489,0.0407651320,0.0686590001,0.1503320336,5,9e-05,6,34,0,raw/earnings22-test-epoch-5-freq_mask.jsonl
earnings22,test,freq_mask,post_update,651,4,0.0942521654,0.0158796262,0.0722927749,0.1074427515,5,9e-05,6,34,0,raw/earnings22-test-epoch-5-freq_mask.jsonl
earnings22,test,freq_mask,post_update,652,4,0.0757348035,0.0136636713,0.0601393282,0.0901048034,5,9e-05,6,34,0,raw/earnings22-test-epoch-5-freq_mask.jsonl
earnings22,test,freq_mask,post_update,653,4,0.0856233407,0.0317816055,0.0645192564,0.1329109967,5,9e-05,6,34,0,raw/earnings22-test-epoch-5-freq_mask.jsonl
earnings22,test,freq_mask,post_update,654,4,0.0781885469,0.0220703683,0.0488778614,0.1024456397,5,9e-05,6,34,0,raw/earnings22-test-epoch-5-freq_mask.jsonl
earnings22,test,freq_mask,post_update,655,4,0.0681129368,0.0125546050,0.0559360832,0.0793441832,5,9e-05,6,34,0,raw/earnings22-test-epoch-5-freq_mask.jsonl
earnings22,test,freq_mask,post_update,656,4,0.0760359969,0.0137808058,0.0636121035,0.0953632891,5,9e-05,6,34,0,raw/earnings22-test-epoch-5-freq_mask.jsonl
earnings22,test,freq_mask,post_update,657,4,0.0901065608,0.0258450280,0.0583895259,0.1196484864,5,9e-05,6,34,0,raw/earnings22-test-epoch-5-freq_mask.jsonl
earnings22,test,freq_mask,post_update,658,4,0.0868901163,0.0505381926,0.0591421872,0.1625225395,5,9e-05,6,34,0,raw/earnings22-test-epoch-5-freq_mask.jsonl
earnings22,test,freq_mask,post_update,659,4,0.0931353830,0.0385085889,0.0556166619,0.1381931901,5,9e-05,6,34,0,raw/earnings22-test-epoch-5-freq_mask.jsonl
earnings22,test,freq_mask,post_update,660,4,0.0793315060,0.0361135915,0.0495393798,0.1317915618,5,9e-05,6,34,0,raw/earnings22-test-epoch-5-freq_mask.jsonl
earnings22,test,freq_mask,post_update,661,4,0.0832727253,0.0215656202,0.0635075867,0.1109253764,5,9e-05,6,34,0,raw/earnings22-test-epoch-5-freq_mask.jsonl
earnings22,test,freq_mask,post_update,662,4,0.0857680868,0.0451635576,0.0424525961,0.1487549245,5,9e-05,6,34,0,raw/earnings22-test-epoch-5-freq_mask.jsonl
earnings22,test,freq_mask,post_update,663,4,0.0781747345,0.0277266281,0.0539090335,0.1176320761,5,9e-05,6,34,0,raw/earnings22-test-epoch-5-freq_mask.jsonl
earnings22,test,freq_mask,post_update,664,4,0.0956519358,0.0407480261,0.0629020333,0.1476860344,5,9e-05,6,34,0,raw/earnings22-test-epoch-5-freq_mask.jsonl
earnings22,test,freq_mask,post_update,665,4,0.0962684378,0.0241226903,0.0684844255,0.1207836866,5,9e-05,6,34,0,raw/earnings22-test-epoch-5-freq_mask.jsonl
earnings22,test,freq_mask,post_update,666,4,0.0689263511,0.0184039073,0.0533224046,0.0945492908,5,9e-05,6,34,0,raw/earnings22-test-epoch-5-freq_mask.jsonl
earnings22,test,freq_mask,post_update,667,4,0.0968641602,0.0497788682,0.0514967367,0.1449409574,5,9e-05,6,34,0,raw/earnings22-test-epoch-5-freq_mask.jsonl
earnings22,test,freq_mask,post_update,668,4,0.0893818056,0.0324587593,0.0605019517,0.1313235164,5,9e-05,6,34,0,raw/earnings22-test-epoch-5-freq_mask.jsonl
earnings22,test,freq_mask,post_update,669,4,0.0861741584,0.0282859045,0.0595221370,0.1236427948,5,9e-05,6,34,0,raw/earnings22-test-epoch-5-freq_mask.jsonl
earnings22,test,freq_mask,post_update,670,4,0.0919109825,0.0328614789,0.0595513359,0.1250060797,5,9e-05,6,34,0,raw/earnings22-test-epoch-5-freq_mask.jsonl
earnings22,test,freq_mask,post_update,671,4,0.0734275077,0.0218786414,0.0521568581,0.1031715870,5,9e-05,6,34,0,raw/earnings22-test-epoch-5-freq_mask.jsonl
earnings22,test,freq_mask,post_update,672,4,0.0953837438,0.0317322094,0.0610368587,0.1345539689,5,9e-05,6,34,0,raw/earnings22-test-epoch-5-freq_mask.jsonl
earnings22,test,freq_mask,post_update,673,4,0.0930158198,0.0383294733,0.0558498129,0.1391063333,5,9e-05,6,34,0,raw/earnings22-test-epoch-5-freq_mask.jsonl
earnings22,test,freq_mask,post_update,674,4,0.0777216442,0.0257431370,0.0565318093,0.1151603609,5,9e-05,6,34,0,raw/earnings22-test-epoch-5-freq_mask.jsonl
earnings22,test,freq_mask,post_update,675,4,0.0790198110,0.0369015698,0.0536774322,0.1335106492,5,9e-05,6,34,0,raw/earnings22-test-epoch-5-freq_mask.jsonl
earnings22,test,freq_mask,post_update,676,4,0.0917008212,0.0379754948,0.0528052561,0.1248078421,5,9e-05,6,34,0,raw/earnings22-test-epoch-5-freq_mask.jsonl
earnings22,test,freq_mask,post_update,677,4,0.0788501743,0.0280767520,0.0555600747,0.1148199812,5,9e-05,6,34,0,raw/earnings22-test-epoch-5-freq_mask.jsonl
earnings22,test,freq_mask,post_update,678,4,0.0791996568,0.0233250831,0.0589917675,0.1122785956,5,9e-05,6,34,0,raw/earnings22-test-epoch-5-freq_mask.jsonl
earnings22,test,freq_mask,post_update,679,4,0.0961308889,0.0295184182,0.0763906687,0.1392165124,5,9e-05,6,34,0,raw/earnings22-test-epoch-5-freq_mask.jsonl
earnings22,test,freq_mask,post_update,680,4,0.0967027973,0.0460345682,0.0559822470,0.1627213955,5,9e-05,6,34,0,raw/earnings22-test-epoch-5-freq_mask.jsonl
earnings22,test,freq_mask,post_update,681,4,0.0693867356,0.0176708797,0.0548393726,0.0920088291,5,9e-05,6,34,0,raw/earnings22-test-epoch-5-freq_mask.jsonl
earnings22,test,freq_mask,post_update,682,4,0.0603207517,0.0110221874,0.0520956367,0.0754326880,5,9e-05,6,34,0,raw/earnings22-test-epoch-5-freq_mask.jsonl
earnings22,test,freq_mask,post_update,683,4,0.0994316172,0.0271957798,0.0753179640,0.1374100298,5,9e-05,6,34,0,raw/earnings22-test-epoch-5-freq_mask.jsonl
earnings22,test,freq_mask,post_update,684,4,0.1087684557,0.0349645049,0.0699522197,0.1482761502,5,9e-05,6,34,0,raw/earnings22-test-epoch-5-freq_mask.jsonl
earnings22,test,freq_mask,post_update,685,4,0.0982087962,0.0281309807,0.0710790381,0.1353422701,5,9e-05,6,34,0,raw/earnings22-test-epoch-5-freq_mask.jsonl
earnings22,test,freq_mask,post_update,686,4,0.0920472853,0.0264521150,0.0639790297,0.1191051751,5,9e-05,6,34,0,raw/earnings22-test-epoch-5-freq_mask.jsonl
earnings22,test,freq_mask,post_update,687,4,0.0912474934,0.0162633173,0.0771917254,0.1138373539,5,9e-05,6,34,0,raw/earnings22-test-epoch-5-freq_mask.jsonl
earnings22,test,freq_mask,post_update,688,4,0.0896242019,0.0223192820,0.0743639171,0.1221057177,5,9e-05,6,34,0,raw/earnings22-test-epoch-5-freq_mask.jsonl
earnings22,test,freq_mask,post_update,689,4,0.0661198664,0.0118584306,0.0548832566,0.0820574239,5,9e-05,6,34,0,raw/earnings22-test-epoch-5-freq_mask.jsonl
earnings22,test,freq_mask,post_update,690,4,0.0849092249,0.0223495293,0.0655599833,0.1083217636,5,9e-05,6,34,0,raw/earnings22-test-epoch-5-freq_mask.jsonl
earnings22,test,freq_mask,post_update,691,4,0.0765944421,0.0245033935,0.0551527627,0.1086905822,5,9e-05,6,34,0,raw/earnings22-test-epoch-5-freq_mask.jsonl
earnings22,test,freq_mask,post_update,692,4,0.1035028975,0.0288485123,0.0663392395,0.1339135170,5,9e-05,6,34,0,raw/earnings22-test-epoch-5-freq_mask.jsonl
earnings22,test,freq_mask,post_update,693,4,0.0809018295,0.0287154197,0.0544148646,0.1104624197,5,9e-05,6,34,0,raw/earnings22-test-epoch-5-freq_mask.jsonl
earnings22,test,freq_mask,post_update,694,4,0.0906182472,0.0371555653,0.0538980290,0.1345820576,5,9e-05,6,34,0,raw/earnings22-test-epoch-5-freq_mask.jsonl
earnings22,test,freq_mask,post_update,695,4,0.0853929427,0.0362528042,0.0478355587,0.1236640662,5,9e-05,6,34,0,raw/earnings22-test-epoch-5-freq_mask.jsonl
earnings22,test,freq_mask,post_update,696,4,0.0844339551,0.0355567207,0.0546523705,0.1279917955,5,9e-05,6,34,0,raw/earnings22-test-epoch-5-freq_mask.jsonl
earnings22,test,freq_mask,post_update,697,4,0.0826177495,0.0382124807,0.0569054969,0.1385348588,5,9e-05,6,34,0,raw/earnings22-test-epoch-5-freq_mask.jsonl
earnings22,test,freq_mask,post_update,698,4,0.0741188060,0.0163074078,0.0605610013,0.0956994817,5,9e-05,6,34,0,raw/earnings22-test-epoch-5-freq_mask.jsonl
earnings22,test,freq_mask,post_update,699,4,0.0844488982,0.0157617540,0.0649325103,0.0995480791,5,9e-05,6,34,0,raw/earnings22-test-epoch-5-freq_mask.jsonl
earnings22,test,freq_mask,post_update,700,4,0.1051092520,0.0377611460,0.0662082210,0.1488371193,5,9e-05,6,34,0,raw/earnings22-test-epoch-5-freq_mask.jsonl
earnings22,test,freq_mask,post_update,701,4,0.0794286998,0.0263417251,0.0529022403,0.1123245358,5,9e-05,6,34,0,raw/earnings22-test-epoch-5-freq_mask.jsonl
earnings22,test,freq_mask,post_update,702,4,0.0837881416,0.0338979905,0.0482631996,0.1290481091,5,9e-05,6,34,0,raw/earnings22-test-epoch-5-freq_mask.jsonl
earnings22,test,freq_mask,post_update,703,4,0.0707317553,0.0172458111,0.0559184998,0.0915825963,5,9e-05,6,34,0,raw/earnings22-test-epoch-5-freq_mask.jsonl
earnings22,test,freq_mask,post_update,704,4,0.0746334065,0.0093035120,0.0620318428,0.0825390443,5,9e-05,6,34,0,raw/earnings22-test-epoch-5-freq_mask.jsonl
earnings22,test,freq_mask,post_update,705,4,0.0907694921,0.0338934545,0.0613835827,0.1302766502,5,9e-05,6,34,0,raw/earnings22-test-epoch-5-freq_mask.jsonl
earnings22,test,freq_mask,post_update,706,4,0.0864422787,0.0439905933,0.0477972850,0.1271893829,5,9e-05,6,34,0,raw/earnings22-test-epoch-5-freq_mask.jsonl
earnings22,test,freq_mask,post_update,707,4,0.0971773248,0.0426874707,0.0546585247,0.1408727020,5,9e-05,6,34,0,raw/earnings22-test-epoch-5-freq_mask.jsonl
earnings22,test,freq_mask,post_update,708,4,0.0809482643,0.0293131169,0.0555370785,0.1199922785,5,9e-05,6,34,0,raw/earnings22-test-epoch-5-freq_mask.jsonl
earnings22,test,freq_mask,post_update,709,4,0.0799278952,0.0211062863,0.0517988801,0.1022901163,5,9e-05,6,34,0,raw/earnings22-test-epoch-5-freq_mask.jsonl
earnings22,test,freq_mask,post_update,710,4,0.0925316121,0.0378350615,0.0526180267,0.1280387342,5,9e-05,6,34,0,raw/earnings22-test-epoch-5-freq_mask.jsonl
earnings22,test,freq_mask,post_update,711,4,0.0874371063,0.0300898214,0.0651279688,0.1317596734,5,9e-05,6,34,0,raw/earnings22-test-epoch-5-freq_mask.jsonl
earnings22,test,freq_mask,post_update,712,4,0.0933361892,0.0456571596,0.0547588021,0.1572554708,5,9e-05,6,34,0,raw/earnings22-test-epoch-5-freq_mask.jsonl
earnings22,test,freq_mask,post_update,713,4,0.0890427474,0.0250283648,0.0649583787,0.1195185855,5,9e-05,6,34,0,raw/earnings22-test-epoch-5-freq_mask.jsonl
earnings22,test,freq_mask,post_update,714,4,0.0811675284,0.0291247407,0.0484301448,0.1181582734,5,9e-05,6,34,0,raw/earnings22-test-epoch-5-freq_mask.jsonl
earnings22,test,freq_mask,post_update,715,4,0.0792826572,0.0234589366,0.0568879656,0.1023922712,5,9e-05,6,34,0,raw/earnings22-test-epoch-5-freq_mask.jsonl
earnings22,test,freq_mask,post_update,716,4,0.0970395608,0.0412596201,0.0555776246,0.1385413408,5,9e-05,6,34,0,raw/earnings22-test-epoch-5-freq_mask.jsonl
earnings22,test,freq_mask,post_update,717,4,0.0765190329,0.0288853559,0.0572777204,0.1192381084,5,9e-05,6,34,0,raw/earnings22-test-epoch-5-freq_mask.jsonl
earnings22,test,freq_mask,post_update,718,4,0.0853295177,0.0326971316,0.0643029213,0.1340549141,5,9e-05,6,34,0,raw/earnings22-test-epoch-5-freq_mask.jsonl
earnings22,test,freq_mask,post_update,719,4,0.0871063229,0.0161387657,0.0778035074,0.1112728491,5,9e-05,6,34,0,raw/earnings22-test-epoch-5-freq_mask.jsonl
earnings22,test,freq_mask,post_update,720,4,0.0989570059,0.0265100948,0.0750072598,0.1298253834,5,9e-05,6,34,0,raw/earnings22-test-epoch-5-freq_mask.jsonl
earnings22,test,freq_mask,post_update,721,4,0.0905997418,0.0328102925,0.0588643849,0.1284746528,5,9e-05,6,34,0,raw/earnings22-test-epoch-5-freq_mask.jsonl
earnings22,test,freq_mask,post_update,722,4,0.0655411435,0.0089959331,0.0531175323,0.0746258572,5,9e-05,6,34,0,raw/earnings22-test-epoch-5-freq_mask.jsonl
earnings22,test,freq_mask,post_update,723,4,0.0753627121,0.0229655664,0.0491260439,0.0987401754,5,9e-05,6,34,0,raw/earnings22-test-epoch-5-freq_mask.jsonl
earnings22,test,freq_mask,post_update,724,4,0.0720043741,0.0268926064,0.0439551845,0.1083511338,5,9e-05,6,34,0,raw/earnings22-test-epoch-5-freq_mask.jsonl
earnings22,test,freq_mask,post_update,725,4,0.0783308698,0.0380035835,0.0499952249,0.1344112754,5,9e-05,6,34,0,raw/earnings22-test-epoch-5-freq_mask.jsonl
earnings22,test,freq_mask,post_update,726,4,0.0813716529,0.0332016072,0.0480220951,0.1110515594,5,9e-05,6,34,0,raw/earnings22-test-epoch-5-freq_mask.jsonl
earnings22,test,freq_mask,post_update,727,4,0.0697114272,0.0265708875,0.0440475382,0.1031229794,5,9e-05,6,34,0,raw/earnings22-test-epoch-5-freq_mask.jsonl
earnings22,test,freq_mask,post_update,728,4,0.0796215106,0.0381738595,0.0480078459,0.1270552278,5,9e-05,6,34,0,raw/earnings22-test-epoch-5-freq_mask.jsonl
earnings22,test,freq_mask,post_update,729,4,0.0730247628,0.0114720802,0.0586305484,0.0829914361,5,9e-05,6,34,0,raw/earnings22-test-epoch-5-freq_mask.jsonl
earnings22,test,freq_mask,post_update,730,4,0.0881090369,0.0246124403,0.0604586452,0.1197220162,5,9e-05,6,34,0,raw/earnings22-test-epoch-5-freq_mask.jsonl
earnings22,test,freq_mask,post_update,731,4,0.0813674526,0.0276991320,0.0518093519,0.1171812564,5,9e-05,6,34,0,raw/earnings22-test-epoch-5-freq_mask.jsonl
earnings22,test,freq_mask,post_update,732,4,0.0872872053,0.0410458952,0.0502170362,0.1450904310,5,9e-05,6,34,0,raw/earnings22-test-epoch-5-freq_mask.jsonl
earnings22,test,freq_mask,post_update,733,4,0.0803781189,0.0179935994,0.0647422522,0.1051420271,5,9e-05,6,34,0,raw/earnings22-test-epoch-5-freq_mask.jsonl
earnings22,test,freq_mask,post_update,734,4,0.0678964127,0.0166091209,0.0533913001,0.0865413323,5,9e-05,6,34,0,raw/earnings22-test-epoch-5-freq_mask.jsonl
earnings22,test,freq_mask,post_update,735,4,0.0786640281,0.0357260820,0.0453536846,0.1287352890,5,9e-05,6,34,0,raw/earnings22-test-epoch-5-freq_mask.jsonl
earnings22,test,freq_mask,post_update,736,4,0.0878747888,0.0340123354,0.0420050099,0.1240424439,5,9e-05,6,34,0,raw/earnings22-test-epoch-5-freq_mask.jsonl
earnings22,test,freq_mask,post_update,737,4,0.1123341629,0.0421914160,0.0549235679,0.1528758258,5,9e-05,6,34,0,raw/earnings22-test-epoch-5-freq_mask.jsonl
earnings22,test,freq_mask,post_update,738,4,0.0682325410,0.0195476316,0.0419024415,0.0858892947,5,9e-05,6,34,0,raw/earnings22-test-epoch-5-freq_mask.jsonl
earnings22,test,freq_mask,post_update,739,4,0.0830518827,0.0362436646,0.0444578156,0.1317856908,5,9e-05,6,34,0,raw/earnings22-test-epoch-5-freq_mask.jsonl
earnings22,test,freq_mask,post_update,740,4,0.0841724612,0.0126670674,0.0730368048,0.1023444682,5,9e-05,6,34,0,raw/earnings22-test-epoch-5-freq_mask.jsonl
earnings22,test,freq_mask,post_update,741,4,0.0887059700,0.0304983746,0.0710122958,0.1343455613,5,9e-05,6,34,0,raw/earnings22-test-epoch-5-freq_mask.jsonl
earnings22,test,freq_mask,post_update,742,4,0.0905350726,0.0268929529,0.0634188429,0.1171468794,5,9e-05,6,34,0,raw/earnings22-test-epoch-5-freq_mask.jsonl
earnings22,test,freq_mask,post_update,743,4,0.1066874508,0.0486248095,0.0638216957,0.1572936773,5,9e-05,6,34,0,raw/earnings22-test-epoch-5-freq_mask.jsonl
earnings22,test,freq_mask,post_update,744,4,0.0874467641,0.0466507258,0.0483231470,0.1449120045,5,9e-05,6,34,0,raw/earnings22-test-epoch-5-freq_mask.jsonl
earnings22,test,freq_mask,post_update,745,4,0.1022165772,0.0335623693,0.0662135631,0.1331087053,5,9e-05,6,34,0,raw/earnings22-test-epoch-5-freq_mask.jsonl
earnings22,test,freq_mask,post_update,746,4,0.0846731793,0.0302371200,0.0433699489,0.1119205803,5,9e-05,6,34,0,raw/earnings22-test-epoch-5-freq_mask.jsonl
earnings22,test,freq_mask,post_update,747,4,0.0818036040,0.0362391148,0.0538205020,0.1343552768,5,9e-05,6,34,0,raw/earnings22-test-epoch-5-freq_mask.jsonl
earnings22,test,freq_mask,post_update,748,4,0.0853828266,0.0381155587,0.0538386181,0.1395810694,5,9e-05,6,34,0,raw/earnings22-test-epoch-5-freq_mask.jsonl
earnings22,test,freq_mask,post_update,749,4,0.0670229364,0.0222872457,0.0495767370,0.0974450856,5,9e-05,6,34,0,raw/earnings22-test-epoch-5-freq_mask.jsonl
earnings22,test,freq_mask,post_update,750,4,0.0830996661,0.0266820588,0.0558261834,0.1166548878,5,9e-05,6,34,0,raw/earnings22-test-epoch-5-freq_mask.jsonl
earnings22,test,freq_mask,post_update,751,4,0.1007540710,0.0509422709,0.0443214923,0.1451540440,5,9e-05,6,34,0,raw/earnings22-test-epoch-5-freq_mask.jsonl
earnings22,test,freq_mask,post_update,752,4,0.0706414171,0.0377368433,0.0335988775,0.1229641065,5,9e-05,6,34,0,raw/earnings22-test-epoch-5-freq_mask.jsonl
earnings22,test,freq_mask,post_update,753,4,0.0814812882,0.0446873096,0.0428857468,0.1412386298,5,9e-05,6,34,0,raw/earnings22-test-epoch-5-freq_mask.jsonl
earnings22,test,freq_mask,post_update,754,4,0.0801395653,0.0432609130,0.0436112247,0.1293455809,5,9e-05,6,34,0,raw/earnings22-test-epoch-5-freq_mask.jsonl
earnings22,test,freq_mask,post_update,755,4,0.0793744419,0.0241507671,0.0626895279,0.1140259057,5,9e-05,6,34,0,raw/earnings22-test-epoch-5-freq_mask.jsonl
earnings22,test,freq_mask,post_update,756,4,0.0774814039,0.0296757077,0.0470422171,0.1068066359,5,9e-05,6,34,0,raw/earnings22-test-epoch-5-freq_mask.jsonl
earnings22,test,freq_mask,post_update,757,4,0.0877942611,0.0220699237,0.0686541721,0.1115706861,5,9e-05,6,34,0,raw/earnings22-test-epoch-5-freq_mask.jsonl
earnings22,test,freq_mask,post_update,758,4,0.0925549250,0.0331841816,0.0602999106,0.1313557029,5,9e-05,6,34,0,raw/earnings22-test-epoch-5-freq_mask.jsonl
earnings22,test,freq_mask,post_update,759,4,0.0972946007,0.0407887479,0.0573392734,0.1514564753,5,9e-05,6,34,0,raw/earnings22-test-epoch-5-freq_mask.jsonl
earnings22,test,freq_mask,post_update,760,4,0.0875799228,0.0301105325,0.0574981272,0.1187667549,5,9e-05,6,34,0,raw/earnings22-test-epoch-5-freq_mask.jsonl
earnings22,test,freq_mask,post_update,761,4,0.0737283118,0.0310154204,0.0507169664,0.1169367582,5,9e-05,6,34,0,raw/earnings22-test-epoch-5-freq_mask.jsonl
earnings22,test,freq_mask,post_update,762,4,0.0707854927,0.0062756490,0.0634109005,0.0762576610,5,9e-05,6,34,0,raw/earnings22-test-epoch-5-freq_mask.jsonl
earnings22,test,freq_mask,post_update,763,4,0.0668598115,0.0107365654,0.0509801656,0.0744371563,5,9e-05,6,34,0,raw/earnings22-test-epoch-5-freq_mask.jsonl
earnings22,test,freq_mask,post_update,764,4,0.0920859938,0.0379758604,0.0513882376,0.1329903603,5,9e-05,6,34,0,raw/earnings22-test-epoch-5-freq_mask.jsonl
earnings22,test,freq_mask,post_update,765,4,0.0826856354,0.0237706080,0.0487808101,0.0994174182,5,9e-05,6,34,0,raw/earnings22-test-epoch-5-freq_mask.jsonl
earnings22,test,freq_mask,post_update,766,4,0.0759335915,0.0150857420,0.0584457032,0.0949172974,5,9e-05,6,34,0,raw/earnings22-test-epoch-5-freq_mask.jsonl
earnings22,test,freq_mask,post_update,767,4,0.0679605072,0.0168647165,0.0554587021,0.0917764977,5,9e-05,6,34,0,raw/earnings22-test-epoch-5-freq_mask.jsonl
earnings22,test,freq_mask,post_update,768,4,0.0913523436,0.0415863197,0.0492807850,0.1341933310,5,9e-05,6,34,0,raw/earnings22-test-epoch-5-freq_mask.jsonl
earnings22,test,freq_mask,post_update,769,4,0.0862297751,0.0282996157,0.0526233986,0.1144497767,5,9e-05,6,34,0,raw/earnings22-test-epoch-5-freq_mask.jsonl
earnings22,test,freq_mask,post_update,770,4,0.0722984150,0.0074823722,0.0653072000,0.0807894319,5,9e-05,6,34,0,raw/earnings22-test-epoch-5-freq_mask.jsonl
earnings22,test,freq_mask,post_update,771,4,0.1057535298,0.0388894288,0.0715021491,0.1421201825,5,9e-05,6,34,0,raw/earnings22-test-epoch-5-freq_mask.jsonl
earnings22,test,freq_mask,post_update,772,4,0.0713564903,0.0256770500,0.0521016940,0.1091815233,5,9e-05,6,34,0,raw/earnings22-test-epoch-5-freq_mask.jsonl
earnings22,test,freq_mask,post_update,773,4,0.0791869527,0.0298374773,0.0608910881,0.1237934008,5,9e-05,6,34,0,raw/earnings22-test-epoch-5-freq_mask.jsonl
earnings22,test,freq_mask,post_update,774,4,0.0904495995,0.0372000534,0.0490511805,0.1353399903,5,9e-05,6,34,0,raw/earnings22-test-epoch-5-freq_mask.jsonl
earnings22,test,freq_mask,post_update,775,4,0.0847072778,0.0216090593,0.0624662675,0.1040721238,5,9e-05,6,34,0,raw/earnings22-test-epoch-5-freq_mask.jsonl
earnings22,test,freq_mask,post_update,776,4,0.0912352726,0.0308985326,0.0543840453,0.1200364381,5,9e-05,6,34,0,raw/earnings22-test-epoch-5-freq_mask.jsonl
earnings22,test,freq_mask,post_update,777,4,0.0943502225,0.0309588837,0.0680474192,0.1327861845,5,9e-05,6,34,0,raw/earnings22-test-epoch-5-freq_mask.jsonl
earnings22,test,freq_mask,post_update,778,4,0.0671104006,0.0053334452,0.0599472374,0.0725271255,5,9e-05,6,34,0,raw/earnings22-test-epoch-5-freq_mask.jsonl
earnings22,test,freq_mask,post_update,779,4,0.0908298716,0.0315675560,0.0483351573,0.1186829731,5,9e-05,6,34,0,raw/earnings22-test-epoch-5-freq_mask.jsonl
earnings22,test,freq_mask,post_update,780,4,0.0770843299,0.0207581052,0.0543706752,0.1028099582,5,9e-05,6,34,0,raw/earnings22-test-epoch-5-freq_mask.jsonl
earnings22,test,freq_mask,post_update,781,4,0.0960620027,0.0343455337,0.0658688769,0.1275941133,5,9e-05,6,34,0,raw/earnings22-test-epoch-5-freq_mask.jsonl
earnings22,test,freq_mask,post_update,782,4,0.0828716122,0.0469056100,0.0464452170,0.1510740072,5,9e-05,6,34,0,raw/earnings22-test-epoch-5-freq_mask.jsonl
earnings22,test,freq_mask,post_update,783,4,0.0671029920,0.0206819779,0.0516646691,0.0965862498,5,9e-05,6,34,0,raw/earnings22-test-epoch-5-freq_mask.jsonl
earnings22,test,freq_mask,post_update,784,4,0.0873647127,0.0377738990,0.0496257693,0.1389813870,5,9e-05,6,34,0,raw/earnings22-test-epoch-5-freq_mask.jsonl
earnings22,test,freq_mask,post_update,785,4,0.0694328658,0.0095246704,0.0604743436,0.0813831985,5,9e-05,6,34,0,raw/earnings22-test-epoch-5-freq_mask.jsonl
earnings22,test,freq_mask,post_update,786,4,0.0748843933,0.0355346968,0.0460882969,0.1234033853,5,9e-05,6,34,0,raw/earnings22-test-epoch-5-freq_mask.jsonl
earnings22,test,freq_mask,post_update,787,4,0.0831444580,0.0312194368,0.0546122305,0.1116920859,5,9e-05,6,34,0,raw/earnings22-test-epoch-5-freq_mask.jsonl
earnings22,test,freq_mask,post_update,788,4,0.0832327865,0.0293352999,0.0658102334,0.1269985735,5,9e-05,6,34,0,raw/earnings22-test-epoch-5-freq_mask.jsonl
earnings22,test,freq_mask,post_update,789,4,0.0581211932,0.0206921388,0.0422265679,0.0879630595,5,9e-05,6,34,0,raw/earnings22-test-epoch-5-freq_mask.jsonl
earnings22,test,freq_mask,post_update,790,4,0.0766742826,0.0404626491,0.0371684805,0.1131379381,5,9e-05,6,34,0,raw/earnings22-test-epoch-5-freq_mask.jsonl
earnings22,test,freq_mask,post_update,791,4,0.0703178486,0.0462096824,0.0378576368,0.1376224309,5,9e-05,6,34,0,raw/earnings22-test-epoch-5-freq_mask.jsonl
earnings22,test,freq_mask,post_update,792,4,0.0603040438,0.0133158685,0.0496115573,0.0789055824,5,9e-05,6,34,0,raw/earnings22-test-epoch-5-freq_mask.jsonl
earnings22,test,freq_mask,post_update,793,4,0.0696012778,0.0256989483,0.0419300906,0.1034943461,5,9e-05,6,34,0,raw/earnings22-test-epoch-5-freq_mask.jsonl
earnings22,test,freq_mask,post_update,794,4,0.0974646099,0.0431784406,0.0428587273,0.1401703954,5,9e-05,6,34,0,raw/earnings22-test-epoch-5-freq_mask.jsonl
earnings22,test,freq_mask,post_update,795,4,0.0713707609,0.0251469596,0.0485788919,0.1037388295,5,9e-05,6,34,0,raw/earnings22-test-epoch-5-freq_mask.jsonl
earnings22,test,freq_mask,post_update,796,4,0.0879379939,0.0396658253,0.0470439382,0.1224700436,5,9e-05,6,34,0,raw/earnings22-test-epoch-5-freq_mask.jsonl
earnings22,test,freq_mask,post_update,797,4,0.0605505658,0.0077881724,0.0522715449,0.0709396303,5,9e-05,6,34,0,raw/earnings22-test-epoch-5-freq_mask.jsonl
earnings22,test,freq_mask,post_update,798,4,0.0815378707,0.0205864223,0.0560600534,0.1064191163,5,9e-05,6,34,0,raw/earnings22-test-epoch-5-freq_mask.jsonl
earnings22,test,freq_mask,post_update,799,4,0.0893561579,0.0421621672,0.0464144871,0.1295758784,5,9e-05,6,34,0,raw/earnings22-test-epoch-5-freq_mask.jsonl
earnings22,test,freq_mask,post_update,800,4,0.0750057269,0.0200705382,0.0543433428,0.1018180922,5,9e-05,6,34,0,raw/earnings22-test-epoch-5-freq_mask.jsonl
earnings22,test,freq_mask,post_update,801,4,0.0748137208,0.0374447005,0.0509468317,0.1307039261,5,9e-05,6,34,0,raw/earnings22-test-epoch-5-freq_mask.jsonl
earnings22,test,freq_mask,post_update,802,4,0.0584028326,0.0088711907,0.0492811650,0.0677834749,5,9e-05,6,34,0,raw/earnings22-test-epoch-5-freq_mask.jsonl
earnings22,test,freq_mask,post_update,803,4,0.0797336837,0.0399777193,0.0358746126,0.1278533340,5,9e-05,6,34,0,raw/earnings22-test-epoch-5-freq_mask.jsonl
earnings22,test,freq_mask,post_update,804,4,0.0711655896,0.0243522914,0.0494337454,0.1060216203,5,9e-05,6,34,0,raw/earnings22-test-epoch-5-freq_mask.jsonl
earnings22,test,freq_mask,post_update,805,4,0.0741003221,0.0337260270,0.0452612266,0.1227252483,5,9e-05,6,34,0,raw/earnings22-test-epoch-5-freq_mask.jsonl
earnings22,test,freq_mask,post_update,806,4,0.1034595883,0.0478442234,0.0588301383,0.1463585496,5,9e-05,6,34,0,raw/earnings22-test-epoch-5-freq_mask.jsonl
earnings22,test,freq_mask,post_update,807,4,0.0632429691,0.0107883757,0.0507536009,0.0770077109,5,9e-05,6,34,0,raw/earnings22-test-epoch-5-freq_mask.jsonl
earnings22,test,freq_mask,post_update,808,4,0.0721258568,0.0175709106,0.0552471094,0.0967377424,5,9e-05,6,34,0,raw/earnings22-test-epoch-5-freq_mask.jsonl
earnings22,test,freq_mask,post_update,809,4,0.0668007061,0.0162260134,0.0456690416,0.0811341405,5,9e-05,6,34,0,raw/earnings22-test-epoch-5-freq_mask.jsonl
earnings22,test,freq_mask,post_update,810,4,0.0615717350,0.0041485103,0.0578659289,0.0675198436,5,9e-05,6,34,0,raw/earnings22-test-epoch-5-freq_mask.jsonl
earnings22,test,freq_mask,post_update,811,4,0.0774699384,0.0437103916,0.0418459959,0.1375080049,5,9e-05,6,34,0,raw/earnings22-test-epoch-5-freq_mask.jsonl
earnings22,test,freq_mask,post_update,812,4,0.0680880370,0.0240477620,0.0445400849,0.1016900912,5,9e-05,6,34,0,raw/earnings22-test-epoch-5-freq_mask.jsonl
earnings22,test,freq_mask,post_update,813,4,0.0839454290,0.0367127449,0.0377874300,0.1181296855,5,9e-05,6,34,0,raw/earnings22-test-epoch-5-freq_mask.jsonl
earnings22,test,freq_mask,post_update,814,4,0.0594961392,0.0258844217,0.0340587124,0.0955237374,5,9e-05,6,34,0,raw/earnings22-test-epoch-5-freq_mask.jsonl
earnings22,test,freq_mask,post_update,815,4,0.0645727348,0.0102389695,0.0522570163,0.0773215368,5,9e-05,6,34,0,raw/earnings22-test-epoch-5-freq_mask.jsonl
earnings22,test,freq_mask,post_update,816,4,0.0873711305,0.0295052115,0.0589540564,0.1169019714,5,9e-05,6,34,0,raw/earnings22-test-epoch-5-freq_mask.jsonl
earnings22,test,freq_mask,post_update,817,4,0.0861864174,0.0248946016,0.0601976030,0.1134398729,5,9e-05,6,34,0,raw/earnings22-test-epoch-5-freq_mask.jsonl
earnings22,test,freq_mask,post_update,818,4,0.0791940987,0.0470426428,0.0449939519,0.1480951607,5,9e-05,6,34,0,raw/earnings22-test-epoch-5-freq_mask.jsonl
earnings22,test,freq_mask,post_update,819,4,0.0659632264,0.0207572180,0.0379555114,0.0878707543,5,9e-05,6,34,0,raw/earnings22-test-epoch-5-freq_mask.jsonl
earnings22,test,freq_mask,post_update,820,4,0.0693673901,0.0248226980,0.0467962697,0.1020895690,5,9e-05,6,34,0,raw/earnings22-test-epoch-5-freq_mask.jsonl
earnings22,test,freq_mask,post_update,821,4,0.0793762170,0.0366806775,0.0486975946,0.1308081895,5,9e-05,6,34,0,raw/earnings22-test-epoch-5-freq_mask.jsonl
earnings22,test,freq_mask,post_update,822,4,0.0796289472,0.0320111469,0.0491278619,0.1113168225,5,9e-05,6,34,0,raw/earnings22-test-epoch-5-freq_mask.jsonl
earnings22,test,freq_mask,post_update,823,4,0.0735865347,0.0347984484,0.0455611050,0.1234595925,5,9e-05,6,34,0,raw/earnings22-test-epoch-5-freq_mask.jsonl
earnings22,test,freq_mask,post_update,824,4,0.0592849841,0.0078815533,0.0511982031,0.0673648864,5,9e-05,6,34,0,raw/earnings22-test-epoch-5-freq_mask.jsonl
earnings22,test,freq_mask,post_update,825,4,0.0833017230,0.0335201744,0.0553989187,0.1240186393,5,9e-05,6,34,0,raw/earnings22-test-epoch-5-freq_mask.jsonl
earnings22,test,freq_mask,post_update,826,4,0.0639006998,0.0221719021,0.0471451506,0.0950492322,5,9e-05,6,34,0,raw/earnings22-test-epoch-5-freq_mask.jsonl
earnings22,test,freq_mask,post_update,827,4,0.0626264131,0.0261926790,0.0383604392,0.0986196920,5,9e-05,6,34,0,raw/earnings22-test-epoch-5-freq_mask.jsonl
earnings22,test,freq_mask,post_update,828,4,0.1087913923,0.0331631571,0.0799611509,0.1417704225,5,9e-05,6,34,0,raw/earnings22-test-epoch-5-freq_mask.jsonl
earnings22,test,freq_mask,post_update,829,4,0.0817360617,0.0363587660,0.0434027761,0.1172994226,5,9e-05,6,34,0,raw/earnings22-test-epoch-5-freq_mask.jsonl
earnings22,test,freq_mask,post_update,830,4,0.0834336421,0.0435050639,0.0545018688,0.1479822099,5,9e-05,6,34,0,raw/earnings22-test-epoch-5-freq_mask.jsonl
earnings22,test,freq_mask,post_update,831,4,0.0626637414,0.0214112571,0.0434686840,0.0884356499,5,9e-05,6,34,0,raw/earnings22-test-epoch-5-freq_mask.jsonl
earnings22,test,freq_mask,post_update,832,4,0.0766709801,0.0281939912,0.0477501601,0.1095983312,5,9e-05,6,34,0,raw/earnings22-test-epoch-5-freq_mask.jsonl
earnings22,test,freq_mask,post_update,833,4,0.0831754543,0.0427947011,0.0449398682,0.1445222199,5,9e-05,6,34,0,raw/earnings22-test-epoch-5-freq_mask.jsonl
earnings22,test,freq_mask,post_update,834,4,0.0702384505,0.0265197546,0.0474752188,0.1068839952,5,9e-05,6,34,0,raw/earnings22-test-epoch-5-freq_mask.jsonl
earnings22,test,freq_mask,post_update,835,4,0.0781441052,0.0350912863,0.0482277796,0.1176900268,5,9e-05,6,34,0,raw/earnings22-test-epoch-5-freq_mask.jsonl
earnings22,test,freq_mask,post_update,836,4,0.0741248559,0.0321758440,0.0432475656,0.1187078729,5,9e-05,6,34,0,raw/earnings22-test-epoch-5-freq_mask.jsonl
earnings22,test,freq_mask,post_update,837,4,0.0893120645,0.0484573768,0.0472436063,0.1372931898,5,9e-05,6,34,0,raw/earnings22-test-epoch-5-freq_mask.jsonl
earnings22,test,freq_mask,post_update,838,4,0.0696051940,0.0401135453,0.0365511179,0.1209902167,5,9e-05,6,34,0,raw/earnings22-test-epoch-5-freq_mask.jsonl
earnings22,test,freq_mask,post_update,839,4,0.0775087504,0.0305298575,0.0492782034,0.1199835092,5,9e-05,6,34,0,raw/earnings22-test-epoch-5-freq_mask.jsonl
earnings22,test,freq_mask,post_update,840,4,0.0678625740,0.0149033848,0.0565513447,0.0894450545,5,9e-05,6,34,0,raw/earnings22-test-epoch-5-freq_mask.jsonl
earnings22,test,freq_mask,post_update,841,4,0.0791307334,0.0317239600,0.0581410453,0.1263193637,5,9e-05,6,34,0,raw/earnings22-test-epoch-5-freq_mask.jsonl
earnings22,test,freq_mask,post_update,842,4,0.0840137322,0.0300371437,0.0458925292,0.1103269234,5,9e-05,6,34,0,raw/earnings22-test-epoch-5-freq_mask.jsonl
earnings22,test,freq_mask,post_update,843,4,0.0837736242,0.0313266762,0.0547802001,0.1280175894,5,9e-05,6,34,0,raw/earnings22-test-epoch-5-freq_mask.jsonl
earnings22,test,freq_mask,post_update,844,4,0.0776796220,0.0316621622,0.0430543013,0.1173331812,5,9e-05,6,34,0,raw/earnings22-test-epoch-5-freq_mask.jsonl
earnings22,test,freq_mask,post_update,845,4,0.0814846186,0.0270474898,0.0523441844,0.1061842814,5,9e-05,6,34,0,raw/earnings22-test-epoch-5-freq_mask.jsonl
earnings22,test,freq_mask,post_update,846,4,0.0994504429,0.0367898445,0.0656963810,0.1367520094,5,9e-05,6,34,0,raw/earnings22-test-epoch-5-freq_mask.jsonl
earnings22,test,freq_mask,post_update,847,4,0.0746624572,0.0276138497,0.0475965589,0.1114765480,5,9e-05,6,34,0,raw/earnings22-test-epoch-5-freq_mask.jsonl
earnings22,test,freq_mask,post_update,848,4,0.0828817943,0.0400737283,0.0433005132,0.1364673823,5,9e-05,6,34,0,raw/earnings22-test-epoch-5-freq_mask.jsonl
earnings22,test,freq_mask,post_update,849,4,0.0897503505,0.0380341657,0.0457933731,0.1226967126,5,9e-05,6,34,0,raw/earnings22-test-epoch-5-freq_mask.jsonl
earnings22,test,freq_mask,post_update,850,4,0.0903102215,0.0317618327,0.0634999424,0.1340001822,5,9e-05,6,34,0,raw/earnings22-test-epoch-5-freq_mask.jsonl
earnings22,test,freq_mask,post_update,851,4,0.0953972358,0.0514412263,0.0498548970,0.1408156604,5,9e-05,6,34,0,raw/earnings22-test-epoch-5-freq_mask.jsonl
earnings22,test,freq_mask,post_update,852,4,0.0806021597,0.0291942680,0.0433633178,0.1059950143,5,9e-05,6,34,0,raw/earnings22-test-epoch-5-freq_mask.jsonl
earnings22,test,freq_mask,post_update,853,4,0.0922761075,0.0333428184,0.0577627867,0.1360226870,5,9e-05,6,34,0,raw/earnings22-test-epoch-5-freq_mask.jsonl
earnings22,test,freq_mask,post_update,854,4,0.0820443220,0.0319783302,0.0447821766,0.1129342467,5,9e-05,6,34,0,raw/earnings22-test-epoch-5-freq_mask.jsonl
earnings22,test,freq_mask,post_update,855,4,0.0809632111,0.0379255061,0.0474403203,0.1224249899,5,9e-05,6,34,0,raw/earnings22-test-epoch-5-freq_mask.jsonl
earnings22,test,freq_mask,post_update,856,4,0.0747483196,0.0216225633,0.0608127899,0.1068969667,5,9e-05,6,34,0,raw/earnings22-test-epoch-5-freq_mask.jsonl
earnings22,test,freq_mask,post_update,857,4,0.0662382208,0.0230445071,0.0479186922,0.0994596854,5,9e-05,6,34,0,raw/earnings22-test-epoch-5-freq_mask.jsonl
earnings22,test,freq_mask,post_update,858,4,0.0873138206,0.0281022542,0.0548885129,0.1154674292,5,9e-05,6,34,0,raw/earnings22-test-epoch-5-freq_mask.jsonl
earnings22,test,freq_mask,post_update,859,4,0.0857390072,0.0305277564,0.0534862652,0.1120272428,5,9e-05,6,34,0,raw/earnings22-test-epoch-5-freq_mask.jsonl
earnings22,test,freq_mask,post_update,860,4,0.0755857555,0.0193697692,0.0612103157,0.1041794941,5,9e-05,6,34,0,raw/earnings22-test-epoch-5-freq_mask.jsonl
earnings22,test,freq_mask,post_update,861,3,0.1054200195,0.0465399523,0.0530144908,0.1419287324,5,9e-05,6,34,0,raw/earnings22-test-epoch-5-freq_mask.jsonl
earnings22,test,freq_mask,post_update,862,3,0.0816067792,0.0221738871,0.0599425696,0.1042574197,5,9e-05,6,34,0,raw/earnings22-test-epoch-5-freq_mask.jsonl
earnings22,test,freq_mask,post_update,863,3,0.0825735728,0.0387312547,0.0392190516,0.1137586832,5,9e-05,6,34,0,raw/earnings22-test-epoch-5-freq_mask.jsonl
earnings22,test,freq_mask,post_update,864,3,0.0684793356,0.0237365535,0.0506023727,0.0954104438,5,9e-05,6,34,0,raw/earnings22-test-epoch-5-freq_mask.jsonl
earnings22,test,freq_mask,post_update,865,3,0.0931983367,0.0265444822,0.0626711994,0.1108451709,5,9e-05,6,34,0,raw/earnings22-test-epoch-5-freq_mask.jsonl
earnings22,test,freq_mask,post_update,866,3,0.0818416079,0.0395453526,0.0543245897,0.1271587163,5,9e-05,6,34,0,raw/earnings22-test-epoch-5-freq_mask.jsonl
earnings22,test,freq_mask,post_update,867,3,0.0800250719,0.0326481477,0.0458326787,0.1108712405,5,9e-05,6,34,0,raw/earnings22-test-epoch-5-freq_mask.jsonl
earnings22,test,freq_mask,post_update,868,3,0.0870684125,0.0460811945,0.0569131188,0.1401127577,5,9e-05,6,34,0,raw/earnings22-test-epoch-5-freq_mask.jsonl
earnings22,test,freq_mask,post_update,869,3,0.0972898516,0.0412392820,0.0531074591,0.1347633600,5,9e-05,6,34,0,raw/earnings22-test-epoch-5-freq_mask.jsonl
earnings22,test,freq_mask,post_update,870,3,0.0911009312,0.0363404627,0.0537143424,0.1262960881,5,9e-05,6,34,0,raw/earnings22-test-epoch-5-freq_mask.jsonl
earnings22,test,freq_mask,post_update,871,2,0.0921411645,0.0443528172,0.0607789867,0.1235033423,5,9e-05,6,34,0,raw/earnings22-test-epoch-5-freq_mask.jsonl
earnings22,test,freq_mask,post_update,872,2,0.0705585666,0.0161104801,0.0591667369,0.0819503963,5,9e-05,6,34,0,raw/earnings22-test-epoch-5-freq_mask.jsonl
earnings22,test,freq_mask,post_update,873,2,0.0878106505,0.0571136159,0.0474252254,0.1281960756,5,9e-05,6,34,0,raw/earnings22-test-epoch-5-freq_mask.jsonl
earnings22,test,freq_mask,post_update,874,2,0.0728410222,0.0121339038,0.0642610565,0.0814209878,5,9e-05,6,34,0,raw/earnings22-test-epoch-5-freq_mask.jsonl
earnings22,test,freq_mask,post_update,875,2,0.0820503552,0.0316910978,0.0596413650,0.1044593453,5,9e-05,6,34,0,raw/earnings22-test-epoch-5-freq_mask.jsonl
earnings22,test,freq_mask,post_update,876,2,0.0779362097,0.0447385952,0.0463012457,0.1095711738,5,9e-05,6,34,0,raw/earnings22-test-epoch-5-freq_mask.jsonl
earnings22,test,freq_mask,post_update,877,2,0.0632537231,0.0140404323,0.0533256382,0.0731818080,5,9e-05,6,34,0,raw/earnings22-test-epoch-5-freq_mask.jsonl
earnings22,test,freq_mask,post_update,878,2,0.0627011955,0.0062064501,0.0583125725,0.0670898184,5,9e-05,6,34,0,raw/earnings22-test-epoch-5-freq_mask.jsonl
earnings22,test,freq_mask,post_update,879,2,0.0662784800,0.0246122317,0.0488750041,0.0836819559,5,9e-05,6,34,0,raw/earnings22-test-epoch-5-freq_mask.jsonl
earnings22,test,freq_mask,post_update,880,2,0.0810032748,0.0417749605,0.0514639169,0.1105426326,5,9e-05,6,34,0,raw/earnings22-test-epoch-5-freq_mask.jsonl
earnings22,test,freq_mask,post_update,881,2,0.0601902623,0.0141232588,0.0502036102,0.0701769143,5,9e-05,6,34,0,raw/earnings22-test-epoch-5-freq_mask.jsonl
earnings22,test,freq_mask,post_update,882,2,0.0666227937,0.0324054053,0.0437087119,0.0895368755,5,9e-05,6,34,0,raw/earnings22-test-epoch-5-freq_mask.jsonl
earnings22,test,freq_mask,post_update,883,2,0.0706916377,0.0067052159,0.0659503341,0.0754329413,5,9e-05,6,34,0,raw/earnings22-test-epoch-5-freq_mask.jsonl
earnings22,test,freq_mask,post_update,884,2,0.0773461014,0.0325763529,0.0543111414,0.1003810614,5,9e-05,6,34,0,raw/earnings22-test-epoch-5-freq_mask.jsonl
earnings22,test,freq_mask,post_update,885,2,0.0560086109,0.0342931257,0.0317597091,0.0802575126,5,9e-05,6,34,0,raw/earnings22-test-epoch-5-freq_mask.jsonl
earnings22,test,freq_mask,post_update,886,2,0.0514567532,0.0270107088,0.0323572978,0.0705562085,5,9e-05,6,34,0,raw/earnings22-test-epoch-5-freq_mask.jsonl
earnings22,test,freq_mask,post_update,887,2,0.0713962372,0.0393623248,0.0435628705,0.0992296040,5,9e-05,6,34,0,raw/earnings22-test-epoch-5-freq_mask.jsonl
earnings22,test,freq_mask,post_update,888,2,0.0500827320,0.0167358445,0.0382487029,0.0619167611,5,9e-05,6,34,0,raw/earnings22-test-epoch-5-freq_mask.jsonl
earnings22,test,freq_mask,post_update,889,2,0.0713416524,0.0468885744,0.0381864235,0.1044968814,5,9e-05,6,34,0,raw/earnings22-test-epoch-5-freq_mask.jsonl
earnings22,test,freq_mask,post_update,890,2,0.0476972945,0.0156757880,0.0366128385,0.0587817505,5,9e-05,6,34,0,raw/earnings22-test-epoch-5-freq_mask.jsonl
earnings22,test,freq_mask,post_update,891,2,0.0874887370,0.0515647146,0.0510269776,0.1239504963,5,9e-05,6,34,0,raw/earnings22-test-epoch-5-freq_mask.jsonl
earnings22,test,freq_mask,post_update,892,2,0.0738122426,0.0515096076,0.0373894498,0.1102350354,5,9e-05,6,34,0,raw/earnings22-test-epoch-5-freq_mask.jsonl
earnings22,test,freq_mask,post_update,893,2,0.0715897512,0.0499520049,0.0362683497,0.1069111526,5,9e-05,6,34,0,raw/earnings22-test-epoch-5-freq_mask.jsonl
earnings22,test,freq_mask,post_update,894,2,0.0750125870,0.0490803949,0.0403075069,0.1097176671,5,9e-05,6,34,0,raw/earnings22-test-epoch-5-freq_mask.jsonl
earnings22,test,freq_mask,post_update,895,2,0.0779332407,0.0557127126,0.0385384038,0.1173280776,5,9e-05,6,34,0,raw/earnings22-test-epoch-5-freq_mask.jsonl
earnings22,test,freq_mask,post_update,896,2,0.0743648335,0.0323845953,0.0514654666,0.0972642004,5,9e-05,6,34,0,raw/earnings22-test-epoch-5-freq_mask.jsonl
earnings22,test,freq_mask,post_update,897,2,0.0680263825,0.0328442224,0.0448020101,0.0912507549,5,9e-05,6,34,0,raw/earnings22-test-epoch-5-freq_mask.jsonl
earnings22,test,freq_mask,post_update,898,2,0.0918949805,0.0383020391,0.0648113489,0.1189786121,5,9e-05,6,34,0,raw/earnings22-test-epoch-5-freq_mask.jsonl
earnings22,test,freq_mask,post_update,899,2,0.0735437274,0.0212418641,0.0585234612,0.0885639936,5,9e-05,6,34,0,raw/earnings22-test-epoch-5-freq_mask.jsonl
earnings22,test,freq_mask,post_update,900,2,0.0560509302,0.0050106966,0.0525078326,0.0595940277,5,9e-05,6,34,0,raw/earnings22-test-epoch-5-freq_mask.jsonl
earnings22,test,freq_mask,post_update,901,2,0.0793798082,0.0367628889,0.0533845201,0.1053750962,5,9e-05,6,34,0,raw/earnings22-test-epoch-5-freq_mask.jsonl
earnings22,test,freq_mask,post_update,902,2,0.0934882537,0.0528782264,0.0560977012,0.1308788061,5,9e-05,6,34,0,raw/earnings22-test-epoch-5-freq_mask.jsonl
earnings22,test,freq_mask,post_update,903,2,0.0811543949,0.0558112098,0.0416899100,0.1206188798,5,9e-05,6,34,0,raw/earnings22-test-epoch-5-freq_mask.jsonl
earnings22,test,freq_mask,post_update,904,2,0.0534667969,0.0179036968,0.0408069715,0.0661266223,5,9e-05,6,34,0,raw/earnings22-test-epoch-5-freq_mask.jsonl
earnings22,test,freq_mask,post_update,905,2,0.0930520594,0.0349970887,0.0683053806,0.1177987382,5,9e-05,6,34,0,raw/earnings22-test-epoch-5-freq_mask.jsonl
earnings22,test,freq_mask,post_update,906,2,0.0715429932,0.0318411116,0.0490279272,0.0940580592,5,9e-05,6,34,0,raw/earnings22-test-epoch-5-freq_mask.jsonl
earnings22,test,freq_mask,post_update,907,2,0.0740992166,0.0455691041,0.0418769941,0.1063214391,5,9e-05,6,34,0,raw/earnings22-test-epoch-5-freq_mask.jsonl
earnings22,test,freq_mask,post_update,908,2,0.0496289693,0.0011626893,0.0488068238,0.0504511148,5,9e-05,6,34,0,raw/earnings22-test-epoch-5-freq_mask.jsonl
earnings22,test,freq_mask,post_update,909,2,0.0885047019,0.0275463899,0.0690264627,0.1079829410,5,9e-05,6,34,0,raw/earnings22-test-epoch-5-freq_mask.jsonl
earnings22,test,freq_mask,post_update,910,2,0.0893582404,0.0563606624,0.0495052338,0.1292112470,5,9e-05,6,34,0,raw/earnings22-test-epoch-5-freq_mask.jsonl
earnings22,test,freq_mask,post_update,911,2,0.0552099720,0.0049466386,0.0517121702,0.0587077737,5,9e-05,6,34,0,raw/earnings22-test-epoch-5-freq_mask.jsonl
earnings22,test,freq_mask,post_update,912,2,0.0900332034,0.0513913593,0.0536940247,0.1263723820,5,9e-05,6,34,0,raw/earnings22-test-epoch-5-freq_mask.jsonl
earnings22,test,freq_mask,post_update,913,2,0.0513808411,0.0027183690,0.0494586639,0.0533030182,5,9e-05,6,34,0,raw/earnings22-test-epoch-5-freq_mask.jsonl
earnings22,test,freq_mask,post_update,914,2,0.0775315389,0.0265545481,0.0587546378,0.0963084400,5,9e-05,6,34,0,raw/earnings22-test-epoch-5-freq_mask.jsonl
earnings22,test,freq_mask,post_update,915,2,0.0553391650,0.0054836316,0.0514616519,0.0592166781,5,9e-05,6,34,0,raw/earnings22-test-epoch-5-freq_mask.jsonl
earnings22,test,freq_mask,post_update,916,2,0.0735086650,0.0325729601,0.0504761040,0.0965412259,5,9e-05,6,34,0,raw/earnings22-test-epoch-5-freq_mask.jsonl
earnings22,test,freq_mask,post_update,917,2,0.0716779642,0.0341845555,0.0475058332,0.0958500952,5,9e-05,6,34,0,raw/earnings22-test-epoch-5-freq_mask.jsonl
earnings22,test,freq_mask,post_update,918,2,0.0596709885,0.0045195488,0.0564751849,0.0628667921,5,9e-05,6,34,0,raw/earnings22-test-epoch-5-freq_mask.jsonl
earnings22,test,freq_mask,post_update,919,2,0.0664216429,0.0066883255,0.0616922826,0.0711510032,5,9e-05,6,34,0,raw/earnings22-test-epoch-5-freq_mask.jsonl
earnings22,test,freq_mask,post_update,920,2,0.0689713657,0.0089022363,0.0626765341,0.0752661973,5,9e-05,6,34,0,raw/earnings22-test-epoch-5-freq_mask.jsonl
earnings22,test,freq_mask,post_update,921,2,0.0876375660,0.0332946827,0.0640946701,0.1111804619,5,9e-05,6,34,0,raw/earnings22-test-epoch-5-freq_mask.jsonl
earnings22,test,freq_mask,post_update,922,2,0.0689327531,0.0019698015,0.0675398931,0.0703256130,5,9e-05,6,34,0,raw/earnings22-test-epoch-5-freq_mask.jsonl
earnings22,test,freq_mask,post_update,923,2,0.0987392999,0.0469528062,0.0655386522,0.1319399476,5,9e-05,6,34,0,raw/earnings22-test-epoch-5-freq_mask.jsonl
earnings22,test,freq_mask,post_update,924,2,0.0768803377,0.0370179537,0.0507046916,0.1030559838,5,9e-05,6,34,0,raw/earnings22-test-epoch-5-freq_mask.jsonl
earnings22,test,freq_mask,post_update,925,2,0.0913707539,0.0460634603,0.0587989688,0.1239425391,5,9e-05,6,34,0,raw/earnings22-test-epoch-5-freq_mask.jsonl
earnings22,test,freq_mask,post_update,926,2,0.0683620349,0.0440886592,0.0371866450,0.0995374247,5,9e-05,6,34,0,raw/earnings22-test-epoch-5-freq_mask.jsonl
earnings22,test,freq_mask,post_update,927,2,0.0938292388,0.0486232887,0.0594473816,0.1282110959,5,9e-05,6,34,0,raw/earnings22-test-epoch-5-freq_mask.jsonl
earnings22,test,freq_mask,post_update,928,2,0.0744633079,0.0553987555,0.0352904722,0.1136361435,5,9e-05,6,34,0,raw/earnings22-test-epoch-5-freq_mask.jsonl
earnings22,test,freq_mask,post_update,929,2,0.0914413109,0.0472415069,0.0580365211,0.1248461008,5,9e-05,6,34,0,raw/earnings22-test-epoch-5-freq_mask.jsonl
earnings22,test,freq_mask,post_update,930,2,0.0836568605,0.0539560820,0.0455041490,0.1218095720,5,9e-05,6,34,0,raw/earnings22-test-epoch-5-freq_mask.jsonl
earnings22,test,freq_mask,post_update,931,2,0.0530677177,0.0166564925,0.0412897989,0.0648456365,5,9e-05,6,34,0,raw/earnings22-test-epoch-5-freq_mask.jsonl
earnings22,test,freq_mask,post_update,932,2,0.0720649809,0.0234981219,0.0554492995,0.0886806622,5,9e-05,6,34,0,raw/earnings22-test-epoch-5-freq_mask.jsonl
earnings22,test,freq_mask,post_update,933,2,0.0840552300,0.0526406973,0.0468326360,0.1212778240,5,9e-05,6,34,0,raw/earnings22-test-epoch-5-freq_mask.jsonl
earnings22,test,freq_mask,post_update,934,2,0.0863844752,0.0460818679,0.0537996739,0.1189692765,5,9e-05,6,34,0,raw/earnings22-test-epoch-5-freq_mask.jsonl
earnings22,test,freq_mask,post_update,935,2,0.0786994938,0.0304485350,0.0571691282,0.1002298594,5,9e-05,6,34,0,raw/earnings22-test-epoch-5-freq_mask.jsonl
earnings22,test,freq_mask,post_update,936,2,0.0608926155,0.0191807726,0.0473297611,0.0744554698,5,9e-05,6,34,0,raw/earnings22-test-epoch-5-freq_mask.jsonl
earnings22,test,freq_mask,post_update,937,2,0.0790174715,0.0068634615,0.0741642714,0.0838706717,5,9e-05,6,34,0,raw/earnings22-test-epoch-5-freq_mask.jsonl
earnings22,test,freq_mask,post_update,938,2,0.0718963854,0.0062691277,0.0674634427,0.0763293281,5,9e-05,6,34,0,raw/earnings22-test-epoch-5-freq_mask.jsonl
earnings22,test,freq_mask,post_update,939,2,0.0827841479,0.0416240353,0.0533515103,0.1122167856,5,9e-05,6,34,0,raw/earnings22-test-epoch-5-freq_mask.jsonl
earnings22,test,freq_mask,post_update,940,2,0.0658605937,0.0113817011,0.0578125156,0.0739086717,5,9e-05,6,34,0,raw/earnings22-test-epoch-5-freq_mask.jsonl
earnings22,test,freq_mask,post_update,941,2,0.0889590867,0.0371981500,0.0626560226,0.1152621508,5,9e-05,6,34,0,raw/earnings22-test-epoch-5-freq_mask.jsonl
earnings22,test,freq_mask,post_update,942,2,0.0719098784,0.0051776402,0.0682487339,0.0755710229,5,9e-05,6,34,0,raw/earnings22-test-epoch-5-freq_mask.jsonl
earnings22,test,freq_mask,post_update,943,2,0.0829874314,0.0285900355,0.0627712235,0.1032036394,5,9e-05,6,34,0,raw/earnings22-test-epoch-5-freq_mask.jsonl
earnings22,test,freq_mask,post_update,944,2,0.0749852806,0.0159039868,0.0637394637,0.0862310976,5,9e-05,6,34,0,raw/earnings22-test-epoch-5-freq_mask.jsonl
earnings22,test,freq_mask,post_update,945,2,0.0535499305,0.0150339495,0.0429193228,0.0641805381,5,9e-05,6,34,0,raw/earnings22-test-epoch-5-freq_mask.jsonl
earnings22,test,freq_mask,post_update,946,2,0.0963641629,0.0419318680,0.0667138547,0.1260144711,5,9e-05,6,34,0,raw/earnings22-test-epoch-5-freq_mask.jsonl
earnings22,test,freq_mask,post_update,947,2,0.0744147003,0.0383543908,0.0472940505,0.1015353501,5,9e-05,6,34,0,raw/earnings22-test-epoch-5-freq_mask.jsonl
earnings22,test,freq_mask,post_update,948,2,0.0908566415,0.0356746942,0.0656308234,0.1160824597,5,9e-05,6,34,0,raw/earnings22-test-epoch-5-freq_mask.jsonl
earnings22,test,freq_mask,post_update,949,2,0.0723909847,0.0054092056,0.0685660988,0.0762158707,5,9e-05,6,34,0,raw/earnings22-test-epoch-5-freq_mask.jsonl
earnings22,test,freq_mask,post_update,950,2,0.0812870618,0.0359383780,0.0558747910,0.1066993326,5,9e-05,6,34,0,raw/earnings22-test-epoch-5-freq_mask.jsonl
earnings22,test,freq_mask,post_update,951,2,0.0941683464,0.0383625620,0.0670419186,0.1212947741,5,9e-05,6,34,0,raw/earnings22-test-epoch-5-freq_mask.jsonl
earnings22,test,freq_mask,post_update,952,2,0.0594797209,0.0133411634,0.0500460938,0.0689133480,5,9e-05,6,34,0,raw/earnings22-test-epoch-5-freq_mask.jsonl
earnings22,test,freq_mask,post_update,953,2,0.0780943297,0.0463980378,0.0452859625,0.1109026968,5,9e-05,6,34,0,raw/earnings22-test-epoch-5-freq_mask.jsonl
earnings22,test,freq_mask,post_update,954,2,0.0818610974,0.0465043216,0.0489775762,0.1147446185,5,9e-05,6,34,0,raw/earnings22-test-epoch-5-freq_mask.jsonl
earnings22,test,freq_mask,post_update,955,2,0.0788465440,0.0502821491,0.0432916954,0.1144013926,5,9e-05,6,34,0,raw/earnings22-test-epoch-5-freq_mask.jsonl
earnings22,test,freq_mask,post_update,956,2,0.0703939144,0.0285824201,0.0501830913,0.0906047374,5,9e-05,6,34,0,raw/earnings22-test-epoch-5-freq_mask.jsonl
earnings22,test,freq_mask,post_update,957,2,0.0699011628,0.0352405684,0.0449823178,0.0948200077,5,9e-05,6,34,0,raw/earnings22-test-epoch-5-freq_mask.jsonl
earnings22,test,freq_mask,post_update,958,2,0.0853681266,0.0664053523,0.0384124517,0.1323238015,5,9e-05,6,34,0,raw/earnings22-test-epoch-5-freq_mask.jsonl
earnings22,test,freq_mask,post_update,959,2,0.0762545615,0.0179060886,0.0635930449,0.0889160782,5,9e-05,6,34,0,raw/earnings22-test-epoch-5-freq_mask.jsonl
earnings22,test,freq_mask,post_update,960,2,0.0575086512,0.0151895293,0.0467680320,0.0682492703,5,9e-05,6,34,0,raw/earnings22-test-epoch-5-freq_mask.jsonl
earnings22,test,freq_mask,post_update,961,2,0.0547061265,0.0122937405,0.0460131392,0.0633991137,5,9e-05,6,34,0,raw/earnings22-test-epoch-5-freq_mask.jsonl
earnings22,test,freq_mask,post_update,962,2,0.0762691163,0.0285663279,0.0560696721,0.0964685604,5,9e-05,6,34,0,raw/earnings22-test-epoch-5-freq_mask.jsonl
earnings22,test,freq_mask,post_update,963,2,0.0800850391,0.0513704440,0.0437606499,0.1164094284,5,9e-05,6,34,0,raw/earnings22-test-epoch-5-freq_mask.jsonl
earnings22,test,freq_mask,post_update,964,2,0.0830946621,0.0446934586,0.0514916144,0.1146977097,5,9e-05,6,34,0,raw/earnings22-test-epoch-5-freq_mask.jsonl
earnings22,test,freq_mask,post_update,965,2,0.0617582649,0.0017044607,0.0605530292,0.0629635006,5,9e-05,6,34,0,raw/earnings22-test-epoch-5-freq_mask.jsonl
earnings22,test,freq_mask,post_update,966,2,0.0864463672,0.0494794729,0.0514590964,0.1214336380,5,9e-05,6,34,0,raw/earnings22-test-epoch-5-freq_mask.jsonl
earnings22,test,freq_mask,post_update,967,2,0.0545722973,0.0079123728,0.0489774048,0.0601671897,5,9e-05,6,34,0,raw/earnings22-test-epoch-5-freq_mask.jsonl
earnings22,test,freq_mask,post_update,968,2,0.0824604779,0.0452074684,0.0504939705,0.1144269854,5,9e-05,6,34,0,raw/earnings22-test-epoch-5-freq_mask.jsonl
earnings22,test,freq_mask,post_update,969,2,0.0913406461,0.0321757682,0.0685889423,0.1140923500,5,9e-05,6,34,0,raw/earnings22-test-epoch-5-freq_mask.jsonl
earnings22,test,freq_mask,post_update,970,2,0.0582046323,0.0222342802,0.0424826220,0.0739266425,5,9e-05,6,34,0,raw/earnings22-test-epoch-5-freq_mask.jsonl
earnings22,test,freq_mask,post_update,971,2,0.0842563640,0.0558331130,0.0447763912,0.1237363368,5,9e-05,6,34,0,raw/earnings22-test-epoch-5-freq_mask.jsonl
earnings22,test,freq_mask,post_update,972,2,0.0594364256,0.0208278556,0.0447089076,0.0741639435,5,9e-05,6,34,0,raw/earnings22-test-epoch-5-freq_mask.jsonl
earnings22,test,freq_mask,post_update,973,2,0.0726863071,0.0394670571,0.0447788835,0.1005937308,5,9e-05,6,34,0,raw/earnings22-test-epoch-5-freq_mask.jsonl
earnings22,test,freq_mask,post_update,974,2,0.0685501471,0.0087417200,0.0623688176,0.0747314766,5,9e-05,6,34,0,raw/earnings22-test-epoch-5-freq_mask.jsonl
earnings22,test,freq_mask,post_update,975,2,0.0820468497,0.0511618513,0.0458699577,0.1182237417,5,9e-05,6,34,0,raw/earnings22-test-epoch-5-freq_mask.jsonl
earnings22,test,freq_mask,post_update,976,2,0.0796803907,0.0351641905,0.0548155531,0.1045452282,5,9e-05,6,34,0,raw/earnings22-test-epoch-5-freq_mask.jsonl
earnings22,test,freq_mask,post_update,977,2,0.0704237558,0.0299473536,0.0492477790,0.0915997326,5,9e-05,6,34,0,raw/earnings22-test-epoch-5-freq_mask.jsonl
earnings22,test,freq_mask,post_update,978,2,0.0574078225,0.0080238380,0.0517341122,0.0630815327,5,9e-05,6,34,0,raw/earnings22-test-epoch-5-freq_mask.jsonl
earnings22,test,freq_mask,post_update,979,2,0.0750100724,0.0377240267,0.0483351573,0.1016849875,5,9e-05,6,34,0,raw/earnings22-test-epoch-5-freq_mask.jsonl
earnings22,test,freq_mask,post_update,980,2,0.0620817654,0.0310612211,0.0401181653,0.0840453655,5,9e-05,6,34,0,raw/earnings22-test-epoch-5-freq_mask.jsonl
earnings22,test,freq_mask,post_update,981,2,0.0621840581,0.0005173842,0.0618182123,0.0625499040,5,9e-05,6,34,0,raw/earnings22-test-epoch-5-freq_mask.jsonl
earnings22,test,freq_mask,post_update,982,2,0.0802227817,0.0167185853,0.0684009567,0.0920446068,5,9e-05,6,34,0,raw/earnings22-test-epoch-5-freq_mask.jsonl
earnings22,test,freq_mask,post_update,983,2,0.0637858212,0.0177362895,0.0512443706,0.0763272718,5,9e-05,6,34,0,raw/earnings22-test-epoch-5-freq_mask.jsonl
earnings22,test,freq_mask,post_update,984,2,0.0568600334,0.0048777970,0.0534109101,0.0603091568,5,9e-05,6,34,0,raw/earnings22-test-epoch-5-freq_mask.jsonl
earnings22,test,freq_mask,post_update,985,2,0.0684066806,0.0216726550,0.0530817993,0.0837315619,5,9e-05,6,34,0,raw/earnings22-test-epoch-5-freq_mask.jsonl
earnings22,test,freq_mask,post_update,986,1,0.0558405034,,0.0558405034,0.0558405034,5,9e-05,6,34,0,raw/earnings22-test-epoch-5-freq_mask.jsonl
earnings22,test,freq_mask,post_update,987,1,0.0469022691,,0.0469022691,0.0469022691,5,9e-05,6,34,0,raw/earnings22-test-epoch-5-freq_mask.jsonl
earnings22,test,freq_mask,post_update,988,1,0.0580927990,,0.0580927990,0.0580927990,5,9e-05,6,34,0,raw/earnings22-test-epoch-5-freq_mask.jsonl
earnings22,test,freq_mask,post_update,989,1,0.0518802926,,0.0518802926,0.0518802926,5,9e-05,6,34,0,raw/earnings22-test-epoch-5-freq_mask.jsonl
earnings22,test,freq_mask,post_update,990,1,0.0556009673,,0.0556009673,0.0556009673,5,9e-05,6,34,0,raw/earnings22-test-epoch-5-freq_mask.jsonl
earnings22,test,freq_mask,post_update,991,1,0.0445267074,,0.0445267074,0.0445267074,5,9e-05,6,34,0,raw/earnings22-test-epoch-5-freq_mask.jsonl
earnings22,test,freq_mask,post_update,992,1,0.0389635153,,0.0389635153,0.0389635153,5,9e-05,6,34,0,raw/earnings22-test-epoch-5-freq_mask.jsonl
earnings22,test,freq_mask,post_update,993,1,0.0593760982,,0.0593760982,0.0593760982,5,9e-05,6,34,0,raw/earnings22-test-epoch-5-freq_mask.jsonl
earnings22,test,freq_mask,post_update,994,1,0.0634165406,,0.0634165406,0.0634165406,5,9e-05,6,34,0,raw/earnings22-test-epoch-5-freq_mask.jsonl
earnings22,test,freq_mask,post_update,995,1,0.0633918568,,0.0633918568,0.0633918568,5,9e-05,6,34,0,raw/earnings22-test-epoch-5-freq_mask.jsonl
earnings22,test,freq_mask,post_update,996,1,0.0436212085,,0.0436212085,0.0436212085,5,9e-05,6,34,0,raw/earnings22-test-epoch-5-freq_mask.jsonl
earnings22,test,freq_mask,post_update,997,1,0.0504436791,,0.0504436791,0.0504436791,5,9e-05,6,34,0,raw/earnings22-test-epoch-5-freq_mask.jsonl
earnings22,test,freq_mask,post_update,998,1,0.0500935614,,0.0500935614,0.0500935614,5,9e-05,6,34,0,raw/earnings22-test-epoch-5-freq_mask.jsonl
earnings22,test,freq_mask,post_update,999,1,0.0771659315,,0.0771659315,0.0771659315,5,9e-05,6,34,0,raw/earnings22-test-epoch-5-freq_mask.jsonl
earnings22,test,freq_mask,post_update,1000,1,0.0514032692,,0.0514032692,0.0514032692,5,9e-05,6,34,0,raw/earnings22-test-epoch-5-freq_mask.jsonl
earnings22,test,freq_mask,post_update,1001,1,0.0710313320,,0.0710313320,0.0710313320,5,9e-05,6,34,0,raw/earnings22-test-epoch-5-freq_mask.jsonl
earnings22,test,freq_mask,post_update,1002,1,0.0686449558,,0.0686449558,0.0686449558,5,9e-05,6,34,0,raw/earnings22-test-epoch-5-freq_mask.jsonl
earnings22,test,freq_mask,post_update,1003,1,0.0534347109,,0.0534347109,0.0534347109,5,9e-05,6,34,0,raw/earnings22-test-epoch-5-freq_mask.jsonl
earnings22,test,freq_mask,post_update,1004,1,0.0683399662,,0.0683399662,0.0683399662,5,9e-05,6,34,0,raw/earnings22-test-epoch-5-freq_mask.jsonl
earnings22,test,freq_mask,post_update,1005,1,0.0565450117,,0.0565450117,0.0565450117,5,9e-05,6,34,0,raw/earnings22-test-epoch-5-freq_mask.jsonl
earnings22,test,freq_mask,post_update,1006,1,0.0521605387,,0.0521605387,0.0521605387,5,9e-05,6,34,0,raw/earnings22-test-epoch-5-freq_mask.jsonl
earnings22,test,freq_mask,post_update,1007,1,0.0523961261,,0.0523961261,0.0523961261,5,9e-05,6,34,0,raw/earnings22-test-epoch-5-freq_mask.jsonl
earnings22,test,freq_mask,post_update,1008,1,0.0573806986,,0.0573806986,0.0573806986,5,9e-05,6,34,0,raw/earnings22-test-epoch-5-freq_mask.jsonl
earnings22,test,freq_mask,post_update,1009,1,0.0456590801,,0.0456590801,0.0456590801,5,9e-05,6,34,0,raw/earnings22-test-epoch-5-freq_mask.jsonl
earnings22,test,freq_mask,post_update,1010,1,0.0477197319,,0.0477197319,0.0477197319,5,9e-05,6,34,0,raw/earnings22-test-epoch-5-freq_mask.jsonl
earnings22,test,freq_mask,post_update,1011,1,0.0635731071,,0.0635731071,0.0635731071,5,9e-05,6,34,0,raw/earnings22-test-epoch-5-freq_mask.jsonl
earnings22,test,freq_mask,post_update,1012,1,0.0568367802,,0.0568367802,0.0568367802,5,9e-05,6,34,0,raw/earnings22-test-epoch-5-freq_mask.jsonl
earnings22,test,freq_mask,post_update,1013,1,0.0488207638,,0.0488207638,0.0488207638,5,9e-05,6,34,0,raw/earnings22-test-epoch-5-freq_mask.jsonl
earnings22,test,freq_mask,post_update,1014,1,0.0590578206,,0.0590578206,0.0590578206,5,9e-05,6,34,0,raw/earnings22-test-epoch-5-freq_mask.jsonl
earnings22,test,freq_mask,post_update,1015,1,0.0843812153,,0.0843812153,0.0843812153,5,9e-05,6,34,0,raw/earnings22-test-epoch-5-freq_mask.jsonl
earnings22,test,freq_mask,post_update,1016,1,0.0470744595,,0.0470744595,0.0470744595,5,9e-05,6,34,0,raw/earnings22-test-epoch-5-freq_mask.jsonl
earnings22,test,freq_mask,post_update,1017,1,0.0549820513,,0.0549820513,0.0549820513,5,9e-05,6,34,0,raw/earnings22-test-epoch-5-freq_mask.jsonl
earnings22,test,freq_mask,post_update,1018,1,0.0500584580,,0.0500584580,0.0500584580,5,9e-05,6,34,0,raw/earnings22-test-epoch-5-freq_mask.jsonl
earnings22,test,freq_mask,post_update,1019,1,0.0729516149,,0.0729516149,0.0729516149,5,9e-05,6,34,0,raw/earnings22-test-epoch-5-freq_mask.jsonl
earnings22,test,freq_mask,post_update,1020,1,0.0521734096,,0.0521734096,0.0521734096,5,9e-05,6,34,0,raw/earnings22-test-epoch-5-freq_mask.jsonl
earnings22,test,freq_mask,post_update,1021,1,0.0541027933,,0.0541027933,0.0541027933,5,9e-05,6,34,0,raw/earnings22-test-epoch-5-freq_mask.jsonl
earnings22,test,freq_mask,post_update,1022,1,0.0503495112,,0.0503495112,0.0503495112,5,9e-05,6,34,0,raw/earnings22-test-epoch-5-freq_mask.jsonl
earnings22,test,freq_mask,post_update,1023,1,0.0595637597,,0.0595637597,0.0595637597,5,9e-05,6,34,0,raw/earnings22-test-epoch-5-freq_mask.jsonl
earnings22,test,freq_mask,post_update,1024,1,0.0605076738,,0.0605076738,0.0605076738,5,9e-05,6,34,0,raw/earnings22-test-epoch-5-freq_mask.jsonl
earnings22,test,freq_mask,post_update,1025,1,0.0672976524,,0.0672976524,0.0672976524,5,9e-05,6,34,0,raw/earnings22-test-epoch-5-freq_mask.jsonl
earnings22,test,freq_mask,pre_update,0,6,0.2687686632,0.0880957351,0.1585223377,0.3808183074,5,9e-05,6,34,0,raw/earnings22-test-epoch-5-freq_mask.jsonl
earnings22,test,freq_mask,pre_update,1,6,0.2173074794,0.0848507823,0.1223399565,0.3710632324,5,9e-05,6,34,0,raw/earnings22-test-epoch-5-freq_mask.jsonl
earnings22,test,freq_mask,pre_update,2,6,0.2056852430,0.0657244397,0.1581775099,0.3363779783,5,9e-05,6,34,0,raw/earnings22-test-epoch-5-freq_mask.jsonl
earnings22,test,freq_mask,pre_update,3,6,0.2668396036,0.1181157325,0.1368222833,0.4856568277,5,9e-05,6,34,0,raw/earnings22-test-epoch-5-freq_mask.jsonl
earnings22,test,freq_mask,pre_update,4,6,0.2392321005,0.1382095058,0.1320834905,0.4822366834,5,9e-05,6,34,0,raw/earnings22-test-epoch-5-freq_mask.jsonl
earnings22,test,freq_mask,pre_update,5,6,0.3132054210,0.1341313505,0.1830677688,0.5586043596,5,9e-05,6,34,0,raw/earnings22-test-epoch-5-freq_mask.jsonl
earnings22,test,freq_mask,pre_update,6,6,0.2431452846,0.0424317019,0.2026567608,0.3010621071,5,9e-05,6,34,0,raw/earnings22-test-epoch-5-freq_mask.jsonl
earnings22,test,freq_mask,pre_update,7,6,0.2798594683,0.1119253459,0.1697430611,0.4867286086,5,9e-05,6,34,0,raw/earnings22-test-epoch-5-freq_mask.jsonl
earnings22,test,freq_mask,pre_update,8,6,0.3324556376,0.1839546628,0.1860683858,0.6799532175,5,9e-05,6,34,0,raw/earnings22-test-epoch-5-freq_mask.jsonl
earnings22,test,freq_mask,pre_update,9,6,0.2535596589,0.0487943080,0.1978927851,0.3018303216,5,9e-05,6,34,0,raw/earnings22-test-epoch-5-freq_mask.jsonl
earnings22,test,freq_mask,pre_update,10,6,0.2811580449,0.0940772961,0.1867963374,0.4233880043,5,9e-05,6,34,0,raw/earnings22-test-epoch-5-freq_mask.jsonl
earnings22,test,freq_mask,pre_update,11,6,0.2762725080,0.0525665795,0.2120468915,0.3472724557,5,9e-05,6,34,0,raw/earnings22-test-epoch-5-freq_mask.jsonl
earnings22,test,freq_mask,pre_update,12,6,0.2510590653,0.0954479313,0.1629997194,0.4324438870,5,9e-05,6,34,0,raw/earnings22-test-epoch-5-freq_mask.jsonl
earnings22,test,freq_mask,pre_update,13,6,0.2708017950,0.0823118809,0.1839039922,0.3713465333,5,9e-05,6,34,0,raw/earnings22-test-epoch-5-freq_mask.jsonl
earnings22,test,freq_mask,pre_update,14,6,0.2299828778,0.0747783214,0.1362286806,0.3281632066,5,9e-05,6,34,0,raw/earnings22-test-epoch-5-freq_mask.jsonl
earnings22,test,freq_mask,pre_update,15,6,0.2587656627,0.0971552843,0.1341215074,0.3923935294,5,9e-05,6,34,0,raw/earnings22-test-epoch-5-freq_mask.jsonl
earnings22,test,freq_mask,pre_update,16,6,0.2339588280,0.0561427898,0.1530873179,0.3072149754,5,9e-05,6,34,0,raw/earnings22-test-epoch-5-freq_mask.jsonl
earnings22,test,freq_mask,pre_update,17,6,0.2416469231,0.0801084805,0.1559014022,0.3744839728,5,9e-05,6,34,0,raw/earnings22-test-epoch-5-freq_mask.jsonl
earnings22,test,freq_mask,pre_update,18,6,0.2549625486,0.0655857786,0.1895269454,0.3553802669,5,9e-05,6,34,0,raw/earnings22-test-epoch-5-freq_mask.jsonl
earnings22,test,freq_mask,pre_update,19,6,0.2028888315,0.0581880350,0.1431288421,0.2721652389,5,9e-05,6,34,0,raw/earnings22-test-epoch-5-freq_mask.jsonl
earnings22,test,freq_mask,pre_update,20,6,0.2665101017,0.1291431649,0.1256804466,0.4798058569,5,9e-05,6,34,0,raw/earnings22-test-epoch-5-freq_mask.jsonl
earnings22,test,freq_mask,pre_update,21,6,0.2213250200,0.0437305600,0.1686331630,0.2620957494,5,9e-05,6,34,0,raw/earnings22-test-epoch-5-freq_mask.jsonl
earnings22,test,freq_mask,pre_update,22,6,0.2439516932,0.0634707646,0.1510078907,0.3286324739,5,9e-05,6,34,0,raw/earnings22-test-epoch-5-freq_mask.jsonl
earnings22,test,freq_mask,pre_update,23,6,0.2310902625,0.0848438434,0.1457607448,0.3522345424,5,9e-05,6,34,0,raw/earnings22-test-epoch-5-freq_mask.jsonl
earnings22,test,freq_mask,pre_update,24,6,0.2403592368,0.0578143243,0.1692862511,0.3195011020,5,9e-05,6,34,0,raw/earnings22-test-epoch-5-freq_mask.jsonl
earnings22,test,freq_mask,pre_update,25,6,0.2777712916,0.1135179519,0.1376447976,0.4714173973,5,9e-05,6,34,0,raw/earnings22-test-epoch-5-freq_mask.jsonl
earnings22,test,freq_mask,pre_update,26,6,0.2625362178,0.0809694945,0.1814879775,0.4017033875,5,9e-05,6,34,0,raw/earnings22-test-epoch-5-freq_mask.jsonl
earnings22,test,freq_mask,pre_update,27,6,0.2080383847,0.0180464407,0.1857733727,0.2306388021,5,9e-05,6,34,0,raw/earnings22-test-epoch-5-freq_mask.jsonl
earnings22,test,freq_mask,pre_update,28,6,0.2863913824,0.1792433096,0.1510148942,0.6444935203,5,9e-05,6,34,0,raw/earnings22-test-epoch-5-freq_mask.jsonl
earnings22,test,freq_mask,pre_update,29,6,0.2377542307,0.0541946480,0.1682806909,0.2969538867,5,9e-05,6,34,0,raw/earnings22-test-epoch-5-freq_mask.jsonl
earnings22,test,freq_mask,pre_update,30,6,0.2216031949,0.0545040263,0.1472312212,0.2921813130,5,9e-05,6,34,0,raw/earnings22-test-epoch-5-freq_mask.jsonl
earnings22,test,freq_mask,pre_update,31,6,0.2292615250,0.0518095328,0.1589175314,0.2942079008,5,9e-05,6,34,0,raw/earnings22-test-epoch-5-freq_mask.jsonl
earnings22,test,freq_mask,pre_update,32,6,0.2295859009,0.0978929763,0.1302108020,0.3984161615,5,9e-05,6,34,0,raw/earnings22-test-epoch-5-freq_mask.jsonl
earnings22,test,freq_mask,pre_update,33,6,0.2380325645,0.0676959365,0.1545978487,0.3343353271,5,9e-05,6,34,0,raw/earnings22-test-epoch-5-freq_mask.jsonl
earnings22,test,freq_mask,pre_update,34,6,0.1849285339,0.0303756232,0.1473571807,0.2189528644,5,9e-05,6,34,0,raw/earnings22-test-epoch-5-freq_mask.jsonl
earnings22,test,freq_mask,pre_update,35,6,0.2019410978,0.0518754613,0.1455793083,0.2928362489,5,9e-05,6,34,0,raw/earnings22-test-epoch-5-freq_mask.jsonl
earnings22,test,freq_mask,pre_update,36,6,0.2377847607,0.0967599071,0.1562152207,0.4212663770,5,9e-05,6,34,0,raw/earnings22-test-epoch-5-freq_mask.jsonl
earnings22,test,freq_mask,pre_update,37,6,0.1834539995,0.0364419162,0.1486991048,0.2302526534,5,9e-05,6,34,0,raw/earnings22-test-epoch-5-freq_mask.jsonl
earnings22,test,freq_mask,pre_update,38,6,0.2392177333,0.0844262930,0.1179218590,0.3278704882,5,9e-05,6,34,0,raw/earnings22-test-epoch-5-freq_mask.jsonl
earnings22,test,freq_mask,pre_update,39,6,0.2357639497,0.0758592533,0.1180540323,0.3100116849,5,9e-05,6,34,0,raw/earnings22-test-epoch-5-freq_mask.jsonl
earnings22,test,freq_mask,pre_update,40,6,0.2549894452,0.0970096232,0.1252330244,0.3877428770,5,9e-05,6,34,0,raw/earnings22-test-epoch-5-freq_mask.jsonl
earnings22,test,freq_mask,pre_update,41,6,0.2387232880,0.0738836595,0.1456474066,0.3244118989,5,9e-05,6,34,0,raw/earnings22-test-epoch-5-freq_mask.jsonl
earnings22,test,freq_mask,pre_update,42,6,0.2150617354,0.0657673495,0.1223529354,0.2993541062,5,9e-05,6,34,0,raw/earnings22-test-epoch-5-freq_mask.jsonl
earnings22,test,freq_mask,pre_update,43,6,0.2197537000,0.0759938410,0.1410518289,0.3230439425,5,9e-05,6,34,0,raw/earnings22-test-epoch-5-freq_mask.jsonl
earnings22,test,freq_mask,pre_update,44,6,0.2292681883,0.0632997538,0.1632455885,0.2925396264,5,9e-05,6,34,0,raw/earnings22-test-epoch-5-freq_mask.jsonl
earnings22,test,freq_mask,pre_update,45,6,0.2173090155,0.0266668436,0.1755828559,0.2559637427,5,9e-05,6,34,0,raw/earnings22-test-epoch-5-freq_mask.jsonl
earnings22,test,freq_mask,pre_update,46,6,0.2808759933,0.1580404172,0.1426111609,0.5796757936,5,9e-05,6,34,0,raw/earnings22-test-epoch-5-freq_mask.jsonl
earnings22,test,freq_mask,pre_update,47,6,0.1818143254,0.0449974860,0.1217182577,0.2346333563,5,9e-05,6,34,0,raw/earnings22-test-epoch-5-freq_mask.jsonl
earnings22,test,freq_mask,pre_update,48,6,0.2174289475,0.0195576823,0.1898040175,0.2438116968,5,9e-05,6,34,0,raw/earnings22-test-epoch-5-freq_mask.jsonl
earnings22,test,freq_mask,pre_update,49,6,0.2162920833,0.0473277464,0.1540679932,0.2699027061,5,9e-05,6,34,0,raw/earnings22-test-epoch-5-freq_mask.jsonl
earnings22,test,freq_mask,pre_update,50,6,0.1963543184,0.0681402289,0.1046844944,0.2697353661,5,9e-05,6,34,0,raw/earnings22-test-epoch-5-freq_mask.jsonl
earnings22,test,freq_mask,pre_update,51,6,0.2531262425,0.1079596074,0.1043524370,0.4109847248,5,9e-05,6,34,0,raw/earnings22-test-epoch-5-freq_mask.jsonl
earnings22,test,freq_mask,pre_update,52,6,0.1977852285,0.0659140740,0.1390939057,0.2910481095,5,9e-05,6,34,0,raw/earnings22-test-epoch-5-freq_mask.jsonl
earnings22,test,freq_mask,pre_update,53,6,0.2394784552,0.1916180095,0.1076692790,0.6180839539,5,9e-05,6,34,0,raw/earnings22-test-epoch-5-freq_mask.jsonl
earnings22,test,freq_mask,pre_update,54,6,0.2250561689,0.0825442995,0.1038557738,0.3390027881,5,9e-05,6,34,0,raw/earnings22-test-epoch-5-freq_mask.jsonl
earnings22,test,freq_mask,pre_update,55,6,0.2217841794,0.0794251918,0.1432318687,0.3526728451,5,9e-05,6,34,0,raw/earnings22-test-epoch-5-freq_mask.jsonl
earnings22,test,freq_mask,pre_update,56,6,0.2160486256,0.0623552265,0.0968163162,0.2759190202,5,9e-05,6,34,0,raw/earnings22-test-epoch-5-freq_mask.jsonl
earnings22,test,freq_mask,pre_update,57,6,0.1787200272,0.0635144483,0.0872260630,0.2755290866,5,9e-05,6,34,0,raw/earnings22-test-epoch-5-freq_mask.jsonl
earnings22,test,freq_mask,pre_update,58,6,0.1670905054,0.0367051060,0.1253392100,0.2114666402,5,9e-05,6,34,0,raw/earnings22-test-epoch-5-freq_mask.jsonl
earnings22,test,freq_mask,pre_update,59,6,0.2053439692,0.0584018510,0.1170521080,0.2760597467,5,9e-05,6,34,0,raw/earnings22-test-epoch-5-freq_mask.jsonl
earnings22,test,freq_mask,pre_update,60,6,0.2075062816,0.0894504687,0.0834596306,0.3310974836,5,9e-05,6,34,0,raw/earnings22-test-epoch-5-freq_mask.jsonl
earnings22,test,freq_mask,pre_update,61,6,0.2171842766,0.0804290214,0.1017446294,0.3197302818,5,9e-05,6,34,0,raw/earnings22-test-epoch-5-freq_mask.jsonl
earnings22,test,freq_mask,pre_update,62,6,0.1691489120,0.0320469052,0.1269875765,0.1995719373,5,9e-05,6,34,0,raw/earnings22-test-epoch-5-freq_mask.jsonl
earnings22,test,freq_mask,pre_update,63,6,0.2017702311,0.0721405330,0.1328724921,0.3042055964,5,9e-05,6,34,0,raw/earnings22-test-epoch-5-freq_mask.jsonl
earnings22,test,freq_mask,pre_update,64,6,0.1958189557,0.0555377474,0.1232869029,0.2620284557,5,9e-05,6,34,0,raw/earnings22-test-epoch-5-freq_mask.jsonl
earnings22,test,freq_mask,pre_update,65,6,0.1975360264,0.0355017424,0.1398679763,0.2490997314,5,9e-05,6,34,0,raw/earnings22-test-epoch-5-freq_mask.jsonl
earnings22,test,freq_mask,pre_update,66,6,0.1843240485,0.0450953302,0.1318986416,0.2490316033,5,9e-05,6,34,0,raw/earnings22-test-epoch-5-freq_mask.jsonl
earnings22,test,freq_mask,pre_update,67,6,0.2063273105,0.0958761631,0.1140370592,0.3516696990,5,9e-05,6,34,0,raw/earnings22-test-epoch-5-freq_mask.jsonl
earnings22,test,freq_mask,pre_update,68,6,0.1890609277,0.0544802314,0.1149129346,0.2460694611,5,9e-05,6,34,0,raw/earnings22-test-epoch-5-freq_mask.jsonl
earnings22,test,freq_mask,pre_update,69,6,0.2513848469,0.1770374805,0.0882835835,0.5814017057,5,9e-05,6,34,0,raw/earnings22-test-epoch-5-freq_mask.jsonl
earnings22,test,freq_mask,pre_update,70,6,0.1935313518,0.0776662123,0.1298810989,0.3290399909,5,9e-05,6,34,0,raw/earnings22-test-epoch-5-freq_mask.jsonl
earnings22,test,freq_mask,pre_update,71,6,0.1998370737,0.0449208138,0.1367197931,0.2363657653,5,9e-05,6,34,0,raw/earnings22-test-epoch-5-freq_mask.jsonl
earnings22,test,freq_mask,pre_update,72,6,0.1713693862,0.0318127526,0.1313474178,0.2247089446,5,9e-05,6,34,0,raw/earnings22-test-epoch-5-freq_mask.jsonl
earnings22,test,freq_mask,pre_update,73,6,0.1838954414,0.0678906595,0.0844781548,0.2783837914,5,9e-05,6,34,0,raw/earnings22-test-epoch-5-freq_mask.jsonl
earnings22,test,freq_mask,pre_update,74,6,0.1929249577,0.0694025697,0.1142141372,0.2722504437,5,9e-05,6,34,0,raw/earnings22-test-epoch-5-freq_mask.jsonl
earnings22,test,freq_mask,pre_update,75,6,0.1789114724,0.0509358441,0.1286156774,0.2765918374,5,9e-05,6,34,0,raw/earnings22-test-epoch-5-freq_mask.jsonl
earnings22,test,freq_mask,pre_update,76,6,0.2438818961,0.1427414891,0.1012665182,0.5104526281,5,9e-05,6,34,0,raw/earnings22-test-epoch-5-freq_mask.jsonl
earnings22,test,freq_mask,pre_update,77,6,0.2247574180,0.0662191125,0.1392043829,0.3237816989,5,9e-05,6,34,0,raw/earnings22-test-epoch-5-freq_mask.jsonl
earnings22,test,freq_mask,pre_update,78,6,0.1668457575,0.0428793281,0.1133905724,0.2367932200,5,9e-05,6,34,0,raw/earnings22-test-epoch-5-freq_mask.jsonl
earnings22,test,freq_mask,pre_update,79,6,0.1622926680,0.0450671879,0.1031785980,0.2394084334,5,9e-05,6,34,0,raw/earnings22-test-epoch-5-freq_mask.jsonl
earnings22,test,freq_mask,pre_update,80,6,0.1742997120,0.0861125428,0.0929614604,0.2861888707,5,9e-05,6,34,0,raw/earnings22-test-epoch-5-freq_mask.jsonl
earnings22,test,freq_mask,pre_update,81,6,0.1925069417,0.0470405534,0.1246096194,0.2477962375,5,9e-05,6,34,0,raw/earnings22-test-epoch-5-freq_mask.jsonl
earnings22,test,freq_mask,pre_update,82,6,0.1715100321,0.0533960121,0.0906737521,0.2344880700,5,9e-05,6,34,0,raw/earnings22-test-epoch-5-freq_mask.jsonl
earnings22,test,freq_mask,pre_update,83,6,0.1685886408,0.0296324891,0.1322057545,0.2086765170,5,9e-05,6,34,0,raw/earnings22-test-epoch-5-freq_mask.jsonl
earnings22,test,freq_mask,pre_update,84,6,0.1650103095,0.0450935322,0.0989559963,0.2148907185,5,9e-05,6,34,0,raw/earnings22-test-epoch-5-freq_mask.jsonl
earnings22,test,freq_mask,pre_update,85,6,0.1703812989,0.0578556241,0.0994606838,0.2704461217,5,9e-05,6,34,0,raw/earnings22-test-epoch-5-freq_mask.jsonl
earnings22,test,freq_mask,pre_update,86,6,0.1703386543,0.0715145994,0.0862952396,0.2969014049,5,9e-05,6,34,0,raw/earnings22-test-epoch-5-freq_mask.jsonl
earnings22,test,freq_mask,pre_update,87,6,0.1592835039,0.0333811537,0.1077024639,0.2046994269,5,9e-05,6,34,0,raw/earnings22-test-epoch-5-freq_mask.jsonl
earnings22,test,freq_mask,pre_update,88,6,0.1551863352,0.0517882140,0.0949287787,0.2323869467,5,9e-05,6,34,0,raw/earnings22-test-epoch-5-freq_mask.jsonl
earnings22,test,freq_mask,pre_update,89,6,0.1733088108,0.0791072999,0.0957974866,0.3073473871,5,9e-05,6,34,0,raw/earnings22-test-epoch-5-freq_mask.jsonl
earnings22,test,freq_mask,pre_update,90,6,0.1746854049,0.0448428785,0.1168528572,0.2258436680,5,9e-05,6,34,0,raw/earnings22-test-epoch-5-freq_mask.jsonl
earnings22,test,freq_mask,pre_update,91,6,0.1652694158,0.0434333799,0.1166211069,0.2170100808,5,9e-05,6,34,0,raw/earnings22-test-epoch-5-freq_mask.jsonl
earnings22,test,freq_mask,pre_update,92,6,0.2023717239,0.1084957592,0.0932620019,0.4021977782,5,9e-05,6,34,0,raw/earnings22-test-epoch-5-freq_mask.jsonl
earnings22,test,freq_mask,pre_update,93,6,0.1449302174,0.0423544777,0.1001765206,0.1974948347,5,9e-05,6,34,0,raw/earnings22-test-epoch-5-freq_mask.jsonl
earnings22,test,freq_mask,pre_update,94,6,0.1653049079,0.0453102431,0.0791386887,0.2101043761,5,9e-05,6,34,0,raw/earnings22-test-epoch-5-freq_mask.jsonl
earnings22,test,freq_mask,pre_update,95,6,0.1650714092,0.0502876615,0.0959279165,0.2302001119,5,9e-05,6,34,0,raw/earnings22-test-epoch-5-freq_mask.jsonl
earnings22,test,freq_mask,pre_update,96,6,0.1734644348,0.0483379950,0.1065973192,0.2431273758,5,9e-05,6,34,0,raw/earnings22-test-epoch-5-freq_mask.jsonl
earnings22,test,freq_mask,pre_update,97,6,0.1615228665,0.0629683755,0.0850445032,0.2554920316,5,9e-05,6,34,0,raw/earnings22-test-epoch-5-freq_mask.jsonl
earnings22,test,freq_mask,pre_update,98,6,0.1667727108,0.0405569803,0.1230675727,0.2173708379,5,9e-05,6,34,0,raw/earnings22-test-epoch-5-freq_mask.jsonl
earnings22,test,freq_mask,pre_update,99,6,0.1541397820,0.0483293654,0.0924150869,0.2194965780,5,9e-05,6,34,0,raw/earnings22-test-epoch-5-freq_mask.jsonl
earnings22,test,freq_mask,pre_update,100,6,0.1753419104,0.0688346136,0.0985574573,0.2754242420,5,9e-05,6,34,0,raw/earnings22-test-epoch-5-freq_mask.jsonl
earnings22,test,freq_mask,pre_update,101,6,0.1340622691,0.0431349284,0.0872867703,0.1823416352,5,9e-05,6,34,0,raw/earnings22-test-epoch-5-freq_mask.jsonl
earnings22,test,freq_mask,pre_update,102,6,0.1734080886,0.0567934888,0.1053125262,0.2611571550,5,9e-05,6,34,0,raw/earnings22-test-epoch-5-freq_mask.jsonl
earnings22,test,freq_mask,pre_update,103,6,0.1514264022,0.0421241253,0.0901266783,0.1946016252,5,9e-05,6,34,0,raw/earnings22-test-epoch-5-freq_mask.jsonl
earnings22,test,freq_mask,pre_update,104,6,0.1743012443,0.0505519563,0.1149694622,0.2589593232,5,9e-05,6,34,0,raw/earnings22-test-epoch-5-freq_mask.jsonl
earnings22,test,freq_mask,pre_update,105,6,0.1650086592,0.0418492898,0.1201949492,0.2293667495,5,9e-05,6,34,0,raw/earnings22-test-epoch-5-freq_mask.jsonl
earnings22,test,freq_mask,pre_update,106,6,0.1469817658,0.0360629908,0.1033967435,0.1917027682,5,9e-05,6,34,0,raw/earnings22-test-epoch-5-freq_mask.jsonl
earnings22,test,freq_mask,pre_update,107,6,0.1530061153,0.0452078971,0.0992067978,0.2337381989,5,9e-05,6,34,0,raw/earnings22-test-epoch-5-freq_mask.jsonl
earnings22,test,freq_mask,pre_update,108,6,0.1731989905,0.0473137384,0.1059749275,0.2373811901,5,9e-05,6,34,0,raw/earnings22-test-epoch-5-freq_mask.jsonl
earnings22,test,freq_mask,pre_update,109,6,0.1449132673,0.0251418263,0.1060908139,0.1636632830,5,9e-05,6,34,0,raw/earnings22-test-epoch-5-freq_mask.jsonl
earnings22,test,freq_mask,pre_update,110,6,0.1428968137,0.0381549101,0.0699861944,0.1807550192,5,9e-05,6,34,0,raw/earnings22-test-epoch-5-freq_mask.jsonl
earnings22,test,freq_mask,pre_update,111,6,0.2025951445,0.1174234586,0.0893813670,0.4185444713,5,9e-05,6,34,0,raw/earnings22-test-epoch-5-freq_mask.jsonl
earnings22,test,freq_mask,pre_update,112,6,0.1514910584,0.0369672252,0.1041290313,0.1976515949,5,9e-05,6,34,0,raw/earnings22-test-epoch-5-freq_mask.jsonl
earnings22,test,freq_mask,pre_update,113,6,0.1350956174,0.0335080231,0.0771935508,0.1631130576,5,9e-05,6,34,0,raw/earnings22-test-epoch-5-freq_mask.jsonl
earnings22,test,freq_mask,pre_update,114,6,0.1935080513,0.0752954279,0.0923261642,0.3188196421,5,9e-05,6,34,0,raw/earnings22-test-epoch-5-freq_mask.jsonl
earnings22,test,freq_mask,pre_update,115,6,0.1537865996,0.0443684335,0.1049001962,0.2266954035,5,9e-05,6,34,0,raw/earnings22-test-epoch-5-freq_mask.jsonl
earnings22,test,freq_mask,pre_update,116,6,0.1547037276,0.0401443859,0.0947091058,0.2080779821,5,9e-05,6,34,0,raw/earnings22-test-epoch-5-freq_mask.jsonl
earnings22,test,freq_mask,pre_update,117,6,0.1347149909,0.0415769715,0.0922848955,0.1869540960,5,9e-05,6,34,0,raw/earnings22-test-epoch-5-freq_mask.jsonl
earnings22,test,freq_mask,pre_update,118,6,0.1471383373,0.0311727736,0.1096622795,0.1896583438,5,9e-05,6,34,0,raw/earnings22-test-epoch-5-freq_mask.jsonl
earnings22,test,freq_mask,pre_update,119,6,0.1521970717,0.0294768622,0.1245591417,0.2068721950,5,9e-05,6,34,0,raw/earnings22-test-epoch-5-freq_mask.jsonl
earnings22,test,freq_mask,pre_update,120,6,0.1753911835,0.0548406724,0.1086228117,0.2486829460,5,9e-05,6,34,0,raw/earnings22-test-epoch-5-freq_mask.jsonl
earnings22,test,freq_mask,pre_update,121,6,0.1725986625,0.0397055573,0.1354526877,0.2467920333,5,9e-05,6,34,0,raw/earnings22-test-epoch-5-freq_mask.jsonl
earnings22,test,freq_mask,pre_update,122,6,0.1669797748,0.0484253591,0.1003280282,0.2016812116,5,9e-05,6,34,0,raw/earnings22-test-epoch-5-freq_mask.jsonl
earnings22,test,freq_mask,pre_update,123,6,0.1465422995,0.0223517334,0.1118314639,0.1774564385,5,9e-05,6,34,0,raw/earnings22-test-epoch-5-freq_mask.jsonl
earnings22,test,freq_mask,pre_update,124,6,0.1492927273,0.0310763119,0.0902750641,0.1736781299,5,9e-05,6,34,0,raw/earnings22-test-epoch-5-freq_mask.jsonl
earnings22,test,freq_mask,pre_update,125,6,0.1637329732,0.0453875119,0.1163802594,0.2291887701,5,9e-05,6,34,0,raw/earnings22-test-epoch-5-freq_mask.jsonl
earnings22,test,freq_mask,pre_update,126,6,0.1398985560,0.0536957082,0.0902498662,0.2408087552,5,9e-05,6,34,0,raw/earnings22-test-epoch-5-freq_mask.jsonl
earnings22,test,freq_mask,pre_update,127,6,0.1653011764,0.0556990395,0.0744907409,0.2245447040,5,9e-05,6,34,0,raw/earnings22-test-epoch-5-freq_mask.jsonl
earnings22,test,freq_mask,pre_update,128,6,0.1667644543,0.0435599728,0.0998417214,0.2292179465,5,9e-05,6,34,0,raw/earnings22-test-epoch-5-freq_mask.jsonl
earnings22,test,freq_mask,pre_update,129,6,0.1275695463,0.0309629818,0.0855132788,0.1690007150,5,9e-05,6,34,0,raw/earnings22-test-epoch-5-freq_mask.jsonl
earnings22,test,freq_mask,pre_update,130,6,0.1502539851,0.0389959648,0.1136748940,0.2033659816,5,9e-05,6,34,0,raw/earnings22-test-epoch-5-freq_mask.jsonl
earnings22,test,freq_mask,pre_update,131,6,0.1474964271,0.0539489232,0.0872805864,0.2409771085,5,9e-05,6,34,0,raw/earnings22-test-epoch-5-freq_mask.jsonl
earnings22,test,freq_mask,pre_update,132,6,0.1500808795,0.0382594139,0.1189516187,0.2016530633,5,9e-05,6,34,0,raw/earnings22-test-epoch-5-freq_mask.jsonl
earnings22,test,freq_mask,pre_update,133,6,0.1463371490,0.0291923459,0.1286125034,0.2053709477,5,9e-05,6,34,0,raw/earnings22-test-epoch-5-freq_mask.jsonl
earnings22,test,freq_mask,pre_update,134,6,0.1413597775,0.0376879519,0.1032435000,0.1859238148,5,9e-05,6,34,0,raw/earnings22-test-epoch-5-freq_mask.jsonl
earnings22,test,freq_mask,pre_update,135,6,0.1437272107,0.0279773315,0.1036760509,0.1770624816,5,9e-05,6,34,0,raw/earnings22-test-epoch-5-freq_mask.jsonl
earnings22,test,freq_mask,pre_update,136,6,0.1413047711,0.0283675351,0.0935544670,0.1803803742,5,9e-05,6,34,0,raw/earnings22-test-epoch-5-freq_mask.jsonl
earnings22,test,freq_mask,pre_update,137,6,0.1580164706,0.0389203873,0.0877658427,0.2027626634,5,9e-05,6,34,0,raw/earnings22-test-epoch-5-freq_mask.jsonl
earnings22,test,freq_mask,pre_update,138,6,0.1411545463,0.0455390378,0.0965650901,0.1978062689,5,9e-05,6,34,0,raw/earnings22-test-epoch-5-freq_mask.jsonl
earnings22,test,freq_mask,pre_update,139,6,0.1369472494,0.0528383044,0.0788069516,0.2229526639,5,9e-05,6,34,0,raw/earnings22-test-epoch-5-freq_mask.jsonl
earnings22,test,freq_mask,pre_update,140,6,0.1368477084,0.0447215157,0.0884362832,0.2183178365,5,9e-05,6,34,0,raw/earnings22-test-epoch-5-freq_mask.jsonl
earnings22,test,freq_mask,pre_update,141,6,0.1451889537,0.0411155438,0.0936449990,0.2038904130,5,9e-05,6,34,0,raw/earnings22-test-epoch-5-freq_mask.jsonl
earnings22,test,freq_mask,pre_update,142,6,0.2026566354,0.1489324611,0.0856824145,0.4932069182,5,9e-05,6,34,0,raw/earnings22-test-epoch-5-freq_mask.jsonl
earnings22,test,freq_mask,pre_update,143,6,0.1476133317,0.0344860625,0.1234380305,0.2164403200,5,9e-05,6,34,0,raw/earnings22-test-epoch-5-freq_mask.jsonl
earnings22,test,freq_mask,pre_update,144,6,0.2082563962,0.1368722240,0.1071811169,0.4739528894,5,9e-05,6,34,0,raw/earnings22-test-epoch-5-freq_mask.jsonl
earnings22,test,freq_mask,pre_update,145,6,0.1497234826,0.0384389980,0.1095292419,0.2043266445,5,9e-05,6,34,0,raw/earnings22-test-epoch-5-freq_mask.jsonl
earnings22,test,freq_mask,pre_update,146,6,0.1481716558,0.0371401991,0.0979405046,0.2022586763,5,9e-05,6,34,0,raw/earnings22-test-epoch-5-freq_mask.jsonl
earnings22,test,freq_mask,pre_update,147,6,0.1399201217,0.0396313474,0.0909936801,0.1864860505,5,9e-05,6,34,0,raw/earnings22-test-epoch-5-freq_mask.jsonl
earnings22,test,freq_mask,pre_update,148,6,0.1266164022,0.0409248257,0.0896337181,0.2001653463,5,9e-05,6,34,0,raw/earnings22-test-epoch-5-freq_mask.jsonl
earnings22,test,freq_mask,pre_update,149,6,0.1322217770,0.0430191057,0.0779423192,0.1821942031,5,9e-05,6,34,0,raw/earnings22-test-epoch-5-freq_mask.jsonl
earnings22,test,freq_mask,pre_update,150,6,0.1259293854,0.0237643600,0.0992764682,0.1572298408,5,9e-05,6,34,0,raw/earnings22-test-epoch-5-freq_mask.jsonl
earnings22,test,freq_mask,pre_update,151,6,0.1570061073,0.0470409426,0.1095805168,0.2320603728,5,9e-05,6,34,0,raw/earnings22-test-epoch-5-freq_mask.jsonl
earnings22,test,freq_mask,pre_update,152,6,0.1485862831,0.0548077215,0.0775392652,0.2033536136,5,9e-05,6,34,0,raw/earnings22-test-epoch-5-freq_mask.jsonl
earnings22,test,freq_mask,pre_update,153,6,0.1566315939,0.0477703365,0.0988981649,0.2129551172,5,9e-05,6,34,0,raw/earnings22-test-epoch-5-freq_mask.jsonl
earnings22,test,freq_mask,pre_update,154,6,0.1317161272,0.0403420881,0.0798097849,0.1866308004,5,9e-05,6,34,0,raw/earnings22-test-epoch-5-freq_mask.jsonl
earnings22,test,freq_mask,pre_update,155,6,0.1483753299,0.0339447924,0.1002281755,0.1974645257,5,9e-05,6,34,0,raw/earnings22-test-epoch-5-freq_mask.jsonl
earnings22,test,freq_mask,pre_update,156,6,0.1478884419,0.0450416293,0.0983076394,0.1916374266,5,9e-05,6,34,0,raw/earnings22-test-epoch-5-freq_mask.jsonl
earnings22,test,freq_mask,pre_update,157,6,0.1425965577,0.0414443731,0.0762517303,0.1910519600,5,9e-05,6,34,0,raw/earnings22-test-epoch-5-freq_mask.jsonl
earnings22,test,freq_mask,pre_update,158,6,0.1347113351,0.0305375105,0.1004779339,0.1807874441,5,9e-05,6,34,0,raw/earnings22-test-epoch-5-freq_mask.jsonl
earnings22,test,freq_mask,pre_update,159,6,0.1297299340,0.0313082603,0.0966105908,0.1780317426,5,9e-05,6,34,0,raw/earnings22-test-epoch-5-freq_mask.jsonl
earnings22,test,freq_mask,pre_update,160,6,0.1321818170,0.0304235894,0.1041480601,0.1788097322,5,9e-05,6,34,0,raw/earnings22-test-epoch-5-freq_mask.jsonl
earnings22,test,freq_mask,pre_update,161,6,0.1427259296,0.0376290314,0.0888936222,0.1974131763,5,9e-05,6,34,0,raw/earnings22-test-epoch-5-freq_mask.jsonl
earnings22,test,freq_mask,pre_update,162,6,0.1333869969,0.0293842852,0.1002705917,0.1832883358,5,9e-05,6,34,0,raw/earnings22-test-epoch-5-freq_mask.jsonl
earnings22,test,freq_mask,pre_update,163,6,0.1318349044,0.0405009784,0.0876149386,0.1811971664,5,9e-05,6,34,0,raw/earnings22-test-epoch-5-freq_mask.jsonl
earnings22,test,freq_mask,pre_update,164,6,0.1453752207,0.0357748651,0.0938747153,0.1863519549,5,9e-05,6,34,0,raw/earnings22-test-epoch-5-freq_mask.jsonl
earnings22,test,freq_mask,pre_update,165,6,0.1072749496,0.0350879893,0.0735972971,0.1683999300,5,9e-05,6,34,0,raw/earnings22-test-epoch-5-freq_mask.jsonl
earnings22,test,freq_mask,pre_update,166,6,0.1294215371,0.0311479816,0.1026644334,0.1710174978,5,9e-05,6,34,0,raw/earnings22-test-epoch-5-freq_mask.jsonl
earnings22,test,freq_mask,pre_update,167,6,0.1517612264,0.0435781621,0.0878696293,0.2084522247,5,9e-05,6,34,0,raw/earnings22-test-epoch-5-freq_mask.jsonl
earnings22,test,freq_mask,pre_update,168,6,0.1458326206,0.0185447033,0.1194372773,0.1660383344,5,9e-05,6,34,0,raw/earnings22-test-epoch-5-freq_mask.jsonl
earnings22,test,freq_mask,pre_update,169,6,0.1162854806,0.0394979201,0.0772234201,0.1761618555,5,9e-05,6,34,0,raw/earnings22-test-epoch-5-freq_mask.jsonl
earnings22,test,freq_mask,pre_update,170,6,0.1716684240,0.0955750368,0.1016960442,0.3607654572,5,9e-05,6,34,0,raw/earnings22-test-epoch-5-freq_mask.jsonl
earnings22,test,freq_mask,pre_update,171,6,0.1136263547,0.0160536779,0.0887587965,0.1379705369,5,9e-05,6,34,0,raw/earnings22-test-epoch-5-freq_mask.jsonl
earnings22,test,freq_mask,pre_update,172,6,0.1350497430,0.0562817720,0.0742323548,0.2353546023,5,9e-05,6,34,0,raw/earnings22-test-epoch-5-freq_mask.jsonl
earnings22,test,freq_mask,pre_update,173,6,0.1347455631,0.0335600548,0.0981525928,0.1960307062,5,9e-05,6,34,0,raw/earnings22-test-epoch-5-freq_mask.jsonl
earnings22,test,freq_mask,pre_update,174,6,0.1094669215,0.0270616289,0.0856484473,0.1576643884,5,9e-05,6,34,0,raw/earnings22-test-epoch-5-freq_mask.jsonl
earnings22,test,freq_mask,pre_update,175,6,0.1137731945,0.0229736758,0.0801715255,0.1520199776,5,9e-05,6,34,0,raw/earnings22-test-epoch-5-freq_mask.jsonl
earnings22,test,freq_mask,pre_update,176,6,0.1469635665,0.0443312130,0.0886344016,0.2112983167,5,9e-05,6,34,0,raw/earnings22-test-epoch-5-freq_mask.jsonl
earnings22,test,freq_mask,pre_update,177,6,0.1817760753,0.1205376247,0.0840077251,0.4192788303,5,9e-05,6,34,0,raw/earnings22-test-epoch-5-freq_mask.jsonl
earnings22,test,freq_mask,pre_update,178,6,0.1320858461,0.0452216939,0.0818537772,0.2005163580,5,9e-05,6,34,0,raw/earnings22-test-epoch-5-freq_mask.jsonl
earnings22,test,freq_mask,pre_update,179,6,0.1241217939,0.0402368567,0.0746942312,0.1729642153,5,9e-05,6,34,0,raw/earnings22-test-epoch-5-freq_mask.jsonl
earnings22,test,freq_mask,pre_update,180,6,0.1294695586,0.0286204482,0.0902763382,0.1693615168,5,9e-05,6,34,0,raw/earnings22-test-epoch-5-freq_mask.jsonl
earnings22,test,freq_mask,pre_update,181,6,0.1386550516,0.0272007627,0.0978891328,0.1760923564,5,9e-05,6,34,0,raw/earnings22-test-epoch-5-freq_mask.jsonl
earnings22,test,freq_mask,pre_update,182,6,0.1531704490,0.0520840342,0.0781322047,0.2186628580,5,9e-05,6,34,0,raw/earnings22-test-epoch-5-freq_mask.jsonl
earnings22,test,freq_mask,pre_update,183,6,0.1299996016,0.0309426436,0.0944019780,0.1642273515,5,9e-05,6,34,0,raw/earnings22-test-epoch-5-freq_mask.jsonl
earnings22,test,freq_mask,pre_update,184,6,0.1388949628,0.0457827476,0.0915282145,0.1977166831,5,9e-05,6,34,0,raw/earnings22-test-epoch-5-freq_mask.jsonl
earnings22,test,freq_mask,pre_update,185,6,0.1214695846,0.0382212172,0.0912883729,0.1950735599,5,9e-05,6,34,0,raw/earnings22-test-epoch-5-freq_mask.jsonl
earnings22,test,freq_mask,pre_update,186,6,0.1326931330,0.0420809585,0.0888252407,0.1841925681,5,9e-05,6,34,0,raw/earnings22-test-epoch-5-freq_mask.jsonl
earnings22,test,freq_mask,pre_update,187,6,0.1361363667,0.0624122722,0.0997984409,0.2627388537,5,9e-05,6,34,0,raw/earnings22-test-epoch-5-freq_mask.jsonl
earnings22,test,freq_mask,pre_update,188,6,0.1479452538,0.0472671084,0.0984969884,0.2057717144,5,9e-05,6,34,0,raw/earnings22-test-epoch-5-freq_mask.jsonl
earnings22,test,freq_mask,pre_update,189,6,0.1181990281,0.0302109610,0.0951440334,0.1702093184,5,9e-05,6,34,0,raw/earnings22-test-epoch-5-freq_mask.jsonl
earnings22,test,freq_mask,pre_update,190,6,0.1236062224,0.0272517962,0.0841276050,0.1684606373,5,9e-05,6,34,0,raw/earnings22-test-epoch-5-freq_mask.jsonl
earnings22,test,freq_mask,pre_update,191,6,0.1182905075,0.0479036211,0.0689217150,0.1863682270,5,9e-05,6,34,0,raw/earnings22-test-epoch-5-freq_mask.jsonl
earnings22,test,freq_mask,pre_update,192,6,0.1112223441,0.0309145283,0.0736398697,0.1426396966,5,9e-05,6,34,0,raw/earnings22-test-epoch-5-freq_mask.jsonl
earnings22,test,freq_mask,pre_update,193,6,0.1354747365,0.0361972793,0.0852990150,0.1870526671,5,9e-05,6,34,0,raw/earnings22-test-epoch-5-freq_mask.jsonl
earnings22,test,freq_mask,pre_update,194,6,0.1373205247,0.0530796538,0.0903845131,0.2216614634,5,9e-05,6,34,0,raw/earnings22-test-epoch-5-freq_mask.jsonl
earnings22,test,freq_mask,pre_update,195,6,0.1365129823,0.0609264694,0.0751668736,0.2356242836,5,9e-05,6,34,0,raw/earnings22-test-epoch-5-freq_mask.jsonl
earnings22,test,freq_mask,pre_update,196,6,0.1442006820,0.0461036341,0.0615243129,0.1934215277,5,9e-05,6,34,0,raw/earnings22-test-epoch-5-freq_mask.jsonl
earnings22,test,freq_mask,pre_update,197,6,0.1463654687,0.0394705529,0.0964768678,0.1946169138,5,9e-05,6,34,0,raw/earnings22-test-epoch-5-freq_mask.jsonl
earnings22,test,freq_mask,pre_update,198,6,0.1410726048,0.0404770311,0.0977640748,0.1892673075,5,9e-05,6,34,0,raw/earnings22-test-epoch-5-freq_mask.jsonl
earnings22,test,freq_mask,pre_update,199,6,0.1271337221,0.0297983518,0.0884696916,0.1732263714,5,9e-05,6,34,0,raw/earnings22-test-epoch-5-freq_mask.jsonl
earnings22,test,freq_mask,pre_update,200,6,0.1277774125,0.0228392023,0.0947431624,0.1484657526,5,9e-05,6,34,0,raw/earnings22-test-epoch-5-freq_mask.jsonl
earnings22,test,freq_mask,pre_update,201,6,0.1376583825,0.0411593648,0.0911446884,0.2044888139,5,9e-05,6,34,0,raw/earnings22-test-epoch-5-freq_mask.jsonl
earnings22,test,freq_mask,pre_update,202,6,0.1258568851,0.0335020951,0.0758168548,0.1576970816,5,9e-05,6,34,0,raw/earnings22-test-epoch-5-freq_mask.jsonl
earnings22,test,freq_mask,pre_update,203,6,0.1842125927,0.1285022071,0.0790109187,0.4374187887,5,9e-05,6,34,0,raw/earnings22-test-epoch-5-freq_mask.jsonl
earnings22,test,freq_mask,pre_update,204,6,0.1373885075,0.0410726211,0.1001703441,0.1980206370,5,9e-05,6,34,0,raw/earnings22-test-epoch-5-freq_mask.jsonl
earnings22,test,freq_mask,pre_update,205,6,0.1291827013,0.0355328668,0.0762969702,0.1803830862,5,9e-05,6,34,0,raw/earnings22-test-epoch-5-freq_mask.jsonl
earnings22,test,freq_mask,pre_update,206,6,0.1297281707,0.0255912702,0.1014485508,0.1693000048,5,9e-05,6,34,0,raw/earnings22-test-epoch-5-freq_mask.jsonl
earnings22,test,freq_mask,pre_update,207,6,0.1548395629,0.0439107882,0.0753644854,0.1901291013,5,9e-05,6,34,0,raw/earnings22-test-epoch-5-freq_mask.jsonl
earnings22,test,freq_mask,pre_update,208,6,0.1327177125,0.0384079416,0.1006599441,0.2053393871,5,9e-05,6,34,0,raw/earnings22-test-epoch-5-freq_mask.jsonl
earnings22,test,freq_mask,pre_update,209,6,0.1319345695,0.0339038699,0.0863866955,0.1720120460,5,9e-05,6,34,0,raw/earnings22-test-epoch-5-freq_mask.jsonl
earnings22,test,freq_mask,pre_update,210,6,0.1258257230,0.0486008329,0.0823151320,0.2116731703,5,9e-05,6,34,0,raw/earnings22-test-epoch-5-freq_mask.jsonl
earnings22,test,freq_mask,pre_update,211,6,0.1210647896,0.0240936008,0.1001234651,0.1624654531,5,9e-05,6,34,0,raw/earnings22-test-epoch-5-freq_mask.jsonl
earnings22,test,freq_mask,pre_update,212,6,0.1443890296,0.0589711846,0.0808970034,0.2334793508,5,9e-05,6,34,0,raw/earnings22-test-epoch-5-freq_mask.jsonl
earnings22,test,freq_mask,pre_update,213,6,0.1685288027,0.1251882115,0.0815852582,0.4107362330,5,9e-05,6,34,0,raw/earnings22-test-epoch-5-freq_mask.jsonl
earnings22,test,freq_mask,pre_update,214,6,0.1172522033,0.0227125042,0.0781178325,0.1469540596,5,9e-05,6,34,0,raw/earnings22-test-epoch-5-freq_mask.jsonl
earnings22,test,freq_mask,pre_update,215,6,0.1142290446,0.0439865430,0.0749463961,0.1901909709,5,9e-05,6,34,0,raw/earnings22-test-epoch-5-freq_mask.jsonl
earnings22,test,freq_mask,pre_update,216,6,0.1587729231,0.0644490352,0.0848118067,0.2692069709,5,9e-05,6,34,0,raw/earnings22-test-epoch-5-freq_mask.jsonl
earnings22,test,freq_mask,pre_update,217,6,0.1301882987,0.0371113858,0.0825906396,0.1786971837,5,9e-05,6,34,0,raw/earnings22-test-epoch-5-freq_mask.jsonl
earnings22,test,freq_mask,pre_update,218,6,0.1223844476,0.0335472555,0.0859149247,0.1661833227,5,9e-05,6,34,0,raw/earnings22-test-epoch-5-freq_mask.jsonl
earnings22,test,freq_mask,pre_update,219,6,0.1149770021,0.0505043042,0.0632382184,0.2005250454,5,9e-05,6,34,0,raw/earnings22-test-epoch-5-freq_mask.jsonl
earnings22,test,freq_mask,pre_update,220,6,0.1124992979,0.0394812305,0.0677101463,0.1696439534,5,9e-05,6,34,0,raw/earnings22-test-epoch-5-freq_mask.jsonl
earnings22,test,freq_mask,pre_update,221,6,0.1046799545,0.0341731615,0.0601039752,0.1567561328,5,9e-05,6,34,0,raw/earnings22-test-epoch-5-freq_mask.jsonl
earnings22,test,freq_mask,pre_update,222,6,0.1276759990,0.0323228476,0.0827192962,0.1659957618,5,9e-05,6,34,0,raw/earnings22-test-epoch-5-freq_mask.jsonl
earnings22,test,freq_mask,pre_update,223,6,0.1278100833,0.0296079463,0.0882146508,0.1703999490,5,9e-05,6,34,0,raw/earnings22-test-epoch-5-freq_mask.jsonl
earnings22,test,freq_mask,pre_update,224,6,0.1313676524,0.0487086939,0.0866364613,0.1953245997,5,9e-05,6,34,0,raw/earnings22-test-epoch-5-freq_mask.jsonl
earnings22,test,freq_mask,pre_update,225,6,0.1206472764,0.0221359932,0.0876319259,0.1434660554,5,9e-05,6,34,0,raw/earnings22-test-epoch-5-freq_mask.jsonl
earnings22,test,freq_mask,pre_update,226,6,0.1256499191,0.0425339808,0.0701095015,0.1760036349,5,9e-05,6,34,0,raw/earnings22-test-epoch-5-freq_mask.jsonl
earnings22,test,freq_mask,pre_update,227,6,0.1131410077,0.0133412825,0.0976142436,0.1285465658,5,9e-05,6,34,0,raw/earnings22-test-epoch-5-freq_mask.jsonl
earnings22,test,freq_mask,pre_update,228,6,0.1183906558,0.0361004712,0.0651716664,0.1677086949,5,9e-05,6,34,0,raw/earnings22-test-epoch-5-freq_mask.jsonl
earnings22,test,freq_mask,pre_update,229,6,0.1115625116,0.0263719271,0.0771185011,0.1408602893,5,9e-05,6,34,0,raw/earnings22-test-epoch-5-freq_mask.jsonl
earnings22,test,freq_mask,pre_update,230,6,0.1177811337,0.0397971098,0.0710179284,0.1749262661,5,9e-05,6,34,0,raw/earnings22-test-epoch-5-freq_mask.jsonl
earnings22,test,freq_mask,pre_update,231,6,0.1178008020,0.0376503155,0.0851654410,0.1785697490,5,9e-05,6,34,0,raw/earnings22-test-epoch-5-freq_mask.jsonl
earnings22,test,freq_mask,pre_update,232,6,0.1091639921,0.0326150965,0.0808817744,0.1692116559,5,9e-05,6,34,0,raw/earnings22-test-epoch-5-freq_mask.jsonl
earnings22,test,freq_mask,pre_update,233,6,0.1718453877,0.1188217444,0.0790719241,0.3990286589,5,9e-05,6,34,0,raw/earnings22-test-epoch-5-freq_mask.jsonl
earnings22,test,freq_mask,pre_update,234,6,0.1296709540,0.0394305162,0.0781031027,0.1741787493,5,9e-05,6,34,0,raw/earnings22-test-epoch-5-freq_mask.jsonl
earnings22,test,freq_mask,pre_update,235,6,0.1203036966,0.0235274313,0.0885305181,0.1469519585,5,9e-05,6,34,0,raw/earnings22-test-epoch-5-freq_mask.jsonl
earnings22,test,freq_mask,pre_update,236,6,0.1276460340,0.0433301681,0.0919530094,0.2029328942,5,9e-05,6,34,0,raw/earnings22-test-epoch-5-freq_mask.jsonl
earnings22,test,freq_mask,pre_update,237,6,0.1196539054,0.0428816769,0.0737709105,0.1943404973,5,9e-05,6,34,0,raw/earnings22-test-epoch-5-freq_mask.jsonl
earnings22,test,freq_mask,pre_update,238,6,0.1096344081,0.0271431728,0.0860789120,0.1551479250,5,9e-05,6,34,0,raw/earnings22-test-epoch-5-freq_mask.jsonl
earnings22,test,freq_mask,pre_update,239,6,0.1226315647,0.0446870351,0.0864424482,0.1907150745,5,9e-05,6,34,0,raw/earnings22-test-epoch-5-freq_mask.jsonl
earnings22,test,freq_mask,pre_update,240,6,0.1356008102,0.0318585967,0.0920932591,0.1676866263,5,9e-05,6,34,0,raw/earnings22-test-epoch-5-freq_mask.jsonl
earnings22,test,freq_mask,pre_update,241,6,0.1031763765,0.0265881925,0.0737265050,0.1477929503,5,9e-05,6,34,0,raw/earnings22-test-epoch-5-freq_mask.jsonl
earnings22,test,freq_mask,pre_update,242,6,0.1298408744,0.0198416691,0.1034834683,0.1564337909,5,9e-05,6,34,0,raw/earnings22-test-epoch-5-freq_mask.jsonl
earnings22,test,freq_mask,pre_update,243,6,0.1264189507,0.0393259655,0.0815832168,0.1798730493,5,9e-05,6,34,0,raw/earnings22-test-epoch-5-freq_mask.jsonl
earnings22,test,freq_mask,pre_update,244,6,0.1278141315,0.0298340241,0.0934451073,0.1816140860,5,9e-05,6,34,0,raw/earnings22-test-epoch-5-freq_mask.jsonl
earnings22,test,freq_mask,pre_update,245,6,0.1006487596,0.0336272419,0.0696702525,0.1519269347,5,9e-05,6,34,0,raw/earnings22-test-epoch-5-freq_mask.jsonl
earnings22,test,freq_mask,pre_update,246,6,0.1339660535,0.0220257752,0.1026576161,0.1690691859,5,9e-05,6,34,0,raw/earnings22-test-epoch-5-freq_mask.jsonl
earnings22,test,freq_mask,pre_update,247,6,0.1140616909,0.0336984262,0.0825168416,0.1629902720,5,9e-05,6,34,0,raw/earnings22-test-epoch-5-freq_mask.jsonl
earnings22,test,freq_mask,pre_update,248,6,0.1165066188,0.0297362925,0.0836471021,0.1707138419,5,9e-05,6,34,0,raw/earnings22-test-epoch-5-freq_mask.jsonl
earnings22,test,freq_mask,pre_update,249,6,0.1037741881,0.0396299572,0.0579770096,0.1486671269,5,9e-05,6,34,0,raw/earnings22-test-epoch-5-freq_mask.jsonl
earnings22,test,freq_mask,pre_update,250,6,0.1195359242,0.0402790711,0.0650975555,0.1645878255,5,9e-05,6,34,0,raw/earnings22-test-epoch-5-freq_mask.jsonl
earnings22,test,freq_mask,pre_update,251,6,0.1383659815,0.0772528095,0.0915329903,0.2938122451,5,9e-05,6,34,0,raw/earnings22-test-epoch-5-freq_mask.jsonl
earnings22,test,freq_mask,pre_update,252,6,0.1151888358,0.0197739847,0.0917538106,0.1389923096,5,9e-05,6,34,0,raw/earnings22-test-epoch-5-freq_mask.jsonl
earnings22,test,freq_mask,pre_update,253,6,0.1326334265,0.0483527395,0.0740726292,0.2118055522,5,9e-05,6,34,0,raw/earnings22-test-epoch-5-freq_mask.jsonl
earnings22,test,freq_mask,pre_update,254,6,0.1149919716,0.0401041705,0.0776178241,0.1821458340,5,9e-05,6,34,0,raw/earnings22-test-epoch-5-freq_mask.jsonl
earnings22,test,freq_mask,pre_update,255,6,0.1170349382,0.0350449296,0.0918995366,0.1826891303,5,9e-05,6,34,0,raw/earnings22-test-epoch-5-freq_mask.jsonl
earnings22,test,freq_mask,pre_update,256,6,0.1208909911,0.0357944263,0.0799368471,0.1664219201,5,9e-05,6,34,0,raw/earnings22-test-epoch-5-freq_mask.jsonl
earnings22,test,freq_mask,pre_update,257,6,0.1171639363,0.0400345831,0.0678266436,0.1606925577,5,9e-05,6,34,0,raw/earnings22-test-epoch-5-freq_mask.jsonl
earnings22,test,freq_mask,pre_update,258,6,0.1152072623,0.0333562334,0.0685191154,0.1682216227,5,9e-05,6,34,0,raw/earnings22-test-epoch-5-freq_mask.jsonl
earnings22,test,freq_mask,pre_update,259,6,0.1059276611,0.0625191021,0.0672511831,0.2321318388,5,9e-05,6,34,0,raw/earnings22-test-epoch-5-freq_mask.jsonl
earnings22,test,freq_mask,pre_update,260,6,0.1034232900,0.0304442548,0.0783179253,0.1607092768,5,9e-05,6,34,0,raw/earnings22-test-epoch-5-freq_mask.jsonl
earnings22,test,freq_mask,pre_update,261,6,0.0962372149,0.0211234713,0.0779351220,0.1309690475,5,9e-05,6,34,0,raw/earnings22-test-epoch-5-freq_mask.jsonl
earnings22,test,freq_mask,pre_update,262,6,0.1041378354,0.0133392165,0.0892902538,0.1218226403,5,9e-05,6,34,0,raw/earnings22-test-epoch-5-freq_mask.jsonl
earnings22,test,freq_mask,pre_update,263,6,0.1103262802,0.0380429105,0.0699921399,0.1756771505,5,9e-05,6,34,0,raw/earnings22-test-epoch-5-freq_mask.jsonl
earnings22,test,freq_mask,pre_update,264,6,0.1020739538,0.0246253110,0.0725096092,0.1326449513,5,9e-05,6,34,0,raw/earnings22-test-epoch-5-freq_mask.jsonl
earnings22,test,freq_mask,pre_update,265,6,0.0889652750,0.0212855172,0.0616100170,0.1172384247,5,9e-05,6,34,0,raw/earnings22-test-epoch-5-freq_mask.jsonl
earnings22,test,freq_mask,pre_update,266,6,0.1054209471,0.0198746502,0.0751939714,0.1285451204,5,9e-05,6,34,0,raw/earnings22-test-epoch-5-freq_mask.jsonl
earnings22,test,freq_mask,pre_update,267,6,0.1102160799,0.0337193053,0.0688389763,0.1694661379,5,9e-05,6,34,0,raw/earnings22-test-epoch-5-freq_mask.jsonl
earnings22,test,freq_mask,pre_update,268,6,0.1164243668,0.0369452368,0.0776247531,0.1774529517,5,9e-05,6,34,0,raw/earnings22-test-epoch-5-freq_mask.jsonl
earnings22,test,freq_mask,pre_update,269,6,0.1254449748,0.0419283831,0.0587470904,0.1768384427,5,9e-05,6,34,0,raw/earnings22-test-epoch-5-freq_mask.jsonl
earnings22,test,freq_mask,pre_update,270,6,0.1242534953,0.0291095546,0.0955933034,0.1737683564,5,9e-05,6,34,0,raw/earnings22-test-epoch-5-freq_mask.jsonl
earnings22,test,freq_mask,pre_update,271,6,0.0901325308,0.0172568236,0.0690123364,0.1107783765,5,9e-05,6,34,0,raw/earnings22-test-epoch-5-freq_mask.jsonl
earnings22,test,freq_mask,pre_update,272,6,0.1027380923,0.0291600173,0.0716815740,0.1528674811,5,9e-05,6,34,0,raw/earnings22-test-epoch-5-freq_mask.jsonl
earnings22,test,freq_mask,pre_update,273,6,0.1106640808,0.0361822657,0.0725761503,0.1761184931,5,9e-05,6,34,0,raw/earnings22-test-epoch-5-freq_mask.jsonl
earnings22,test,freq_mask,pre_update,274,6,0.1045887532,0.0381816863,0.0671374723,0.1576068997,5,9e-05,6,34,0,raw/earnings22-test-epoch-5-freq_mask.jsonl
earnings22,test,freq_mask,pre_update,275,6,0.1168450092,0.0229399545,0.0857503414,0.1497606933,5,9e-05,6,34,0,raw/earnings22-test-epoch-5-freq_mask.jsonl
earnings22,test,freq_mask,pre_update,276,6,0.1029727161,0.0319201405,0.0704289451,0.1577486843,5,9e-05,6,34,0,raw/earnings22-test-epoch-5-freq_mask.jsonl
earnings22,test,freq_mask,pre_update,277,6,0.1446131033,0.1017155475,0.0587729365,0.3443397284,5,9e-05,6,34,0,raw/earnings22-test-epoch-5-freq_mask.jsonl
earnings22,test,freq_mask,pre_update,278,6,0.1240784129,0.0460562783,0.0619702935,0.1830955148,5,9e-05,6,34,0,raw/earnings22-test-epoch-5-freq_mask.jsonl
earnings22,test,freq_mask,pre_update,279,6,0.1118925984,0.0327471159,0.0751267076,0.1558294296,5,9e-05,6,34,0,raw/earnings22-test-epoch-5-freq_mask.jsonl
earnings22,test,freq_mask,pre_update,280,6,0.1080063147,0.0257531573,0.0642360896,0.1325881779,5,9e-05,6,34,0,raw/earnings22-test-epoch-5-freq_mask.jsonl
earnings22,test,freq_mask,pre_update,281,6,0.1183993767,0.0392173913,0.0694317520,0.1650564820,5,9e-05,6,34,0,raw/earnings22-test-epoch-5-freq_mask.jsonl
earnings22,test,freq_mask,pre_update,282,6,0.1436263149,0.0576826439,0.0869140700,0.2224467546,5,9e-05,6,34,0,raw/earnings22-test-epoch-5-freq_mask.jsonl
earnings22,test,freq_mask,pre_update,283,6,0.1138172783,0.0397912332,0.0874828249,0.1935023367,5,9e-05,6,34,0,raw/earnings22-test-epoch-5-freq_mask.jsonl
earnings22,test,freq_mask,pre_update,284,6,0.1526673126,0.0940784124,0.0649555400,0.3212116361,5,9e-05,6,34,0,raw/earnings22-test-epoch-5-freq_mask.jsonl
earnings22,test,freq_mask,pre_update,285,6,0.1188799813,0.0408285997,0.0624113828,0.1820336133,5,9e-05,6,34,0,raw/earnings22-test-epoch-5-freq_mask.jsonl
earnings22,test,freq_mask,pre_update,286,6,0.0948615074,0.0399326305,0.0509543270,0.1650909632,5,9e-05,6,34,0,raw/earnings22-test-epoch-5-freq_mask.jsonl
earnings22,test,freq_mask,pre_update,287,6,0.1084117542,0.0404768747,0.0668367818,0.1723748744,5,9e-05,6,34,0,raw/earnings22-test-epoch-5-freq_mask.jsonl
earnings22,test,freq_mask,pre_update,288,6,0.1161832673,0.0550482565,0.0665174127,0.1940571815,5,9e-05,6,34,0,raw/earnings22-test-epoch-5-freq_mask.jsonl
earnings22,test,freq_mask,pre_update,289,6,0.1096035292,0.0263940088,0.0724192411,0.1317818165,5,9e-05,6,34,0,raw/earnings22-test-epoch-5-freq_mask.jsonl
earnings22,test,freq_mask,pre_update,290,6,0.1172664004,0.0333861120,0.0770799890,0.1610292792,5,9e-05,6,34,0,raw/earnings22-test-epoch-5-freq_mask.jsonl
earnings22,test,freq_mask,pre_update,291,6,0.0979768597,0.0151544441,0.0783499032,0.1205098927,5,9e-05,6,34,0,raw/earnings22-test-epoch-5-freq_mask.jsonl
earnings22,test,freq_mask,pre_update,292,6,0.0954729269,0.0227826780,0.0718220472,0.1378353536,5,9e-05,6,34,0,raw/earnings22-test-epoch-5-freq_mask.jsonl
earnings22,test,freq_mask,pre_update,293,6,0.1176319954,0.0527353806,0.0759402439,0.2095572352,5,9e-05,6,34,0,raw/earnings22-test-epoch-5-freq_mask.jsonl
earnings22,test,freq_mask,pre_update,294,6,0.1024103910,0.0290165154,0.0706239790,0.1417586803,5,9e-05,6,34,0,raw/earnings22-test-epoch-5-freq_mask.jsonl
earnings22,test,freq_mask,pre_update,295,6,0.1000892868,0.0402452617,0.0587405264,0.1559824646,5,9e-05,6,34,0,raw/earnings22-test-epoch-5-freq_mask.jsonl
earnings22,test,freq_mask,pre_update,296,6,0.0918246657,0.0405867944,0.0696205795,0.1738425195,5,9e-05,6,34,0,raw/earnings22-test-epoch-5-freq_mask.jsonl
earnings22,test,freq_mask,pre_update,297,6,0.1059474287,0.0318607999,0.0755507648,0.1513220370,5,9e-05,6,34,0,raw/earnings22-test-epoch-5-freq_mask.jsonl
earnings22,test,freq_mask,pre_update,298,6,0.1119257870,0.0424044172,0.0737479106,0.1677898914,5,9e-05,6,34,0,raw/earnings22-test-epoch-5-freq_mask.jsonl
earnings22,test,freq_mask,pre_update,299,6,0.1004366229,0.0337047713,0.0662864149,0.1570656747,5,9e-05,6,34,0,raw/earnings22-test-epoch-5-freq_mask.jsonl
earnings22,test,freq_mask,pre_update,300,6,0.1164119964,0.0212131150,0.0827494115,0.1467121542,5,9e-05,6,34,0,raw/earnings22-test-epoch-5-freq_mask.jsonl
earnings22,test,freq_mask,pre_update,301,6,0.0932792500,0.0200173633,0.0744889677,0.1269139349,5,9e-05,6,34,0,raw/earnings22-test-epoch-5-freq_mask.jsonl
earnings22,test,freq_mask,pre_update,302,6,0.0996108788,0.0273072677,0.0711741969,0.1259317100,5,9e-05,6,34,0,raw/earnings22-test-epoch-5-freq_mask.jsonl
earnings22,test,freq_mask,pre_update,303,6,0.1007429374,0.0278167514,0.0686458498,0.1424183249,5,9e-05,6,34,0,raw/earnings22-test-epoch-5-freq_mask.jsonl
earnings22,test,freq_mask,pre_update,304,6,0.1007048612,0.0266405609,0.0670987517,0.1304498017,5,9e-05,6,34,0,raw/earnings22-test-epoch-5-freq_mask.jsonl
earnings22,test,freq_mask,pre_update,305,6,0.1159878323,0.0395281851,0.0722395182,0.1687598228,5,9e-05,6,34,0,raw/earnings22-test-epoch-5-freq_mask.jsonl
earnings22,test,freq_mask,pre_update,306,6,0.1025526176,0.0333516211,0.0738625824,0.1571979523,5,9e-05,6,34,0,raw/earnings22-test-epoch-5-freq_mask.jsonl
earnings22,test,freq_mask,pre_update,307,6,0.1040762601,0.0343182740,0.0603621900,0.1467539072,5,9e-05,6,34,0,raw/earnings22-test-epoch-5-freq_mask.jsonl
earnings22,test,freq_mask,pre_update,308,6,0.0907858163,0.0317942071,0.0604033247,0.1385046542,5,9e-05,6,34,0,raw/earnings22-test-epoch-5-freq_mask.jsonl
earnings22,test,freq_mask,pre_update,309,6,0.1023573987,0.0254645115,0.0752837360,0.1325233281,5,9e-05,6,34,0,raw/earnings22-test-epoch-5-freq_mask.jsonl
earnings22,test,freq_mask,pre_update,310,6,0.0932269866,0.0234908002,0.0562893748,0.1239343360,5,9e-05,6,34,0,raw/earnings22-test-epoch-5-freq_mask.jsonl
earnings22,test,freq_mask,pre_update,311,6,0.1044803311,0.0361620258,0.0651433095,0.1599650085,5,9e-05,6,34,0,raw/earnings22-test-epoch-5-freq_mask.jsonl
earnings22,test,freq_mask,pre_update,312,6,0.1244091640,0.0353283111,0.0720165074,0.1649366468,5,9e-05,6,34,0,raw/earnings22-test-epoch-5-freq_mask.jsonl
earnings22,test,freq_mask,pre_update,313,6,0.1115802030,0.0262301021,0.0886125341,0.1628765017,5,9e-05,6,34,0,raw/earnings22-test-epoch-5-freq_mask.jsonl
earnings22,test,freq_mask,pre_update,314,6,0.1346674847,0.0492067841,0.0655964091,0.1970694810,5,9e-05,6,34,0,raw/earnings22-test-epoch-5-freq_mask.jsonl
earnings22,test,freq_mask,pre_update,315,6,0.1160429257,0.0358179981,0.0688255727,0.1477997750,5,9e-05,6,34,0,raw/earnings22-test-epoch-5-freq_mask.jsonl
earnings22,test,freq_mask,pre_update,316,6,0.1096969346,0.0301971752,0.0834853351,0.1628103554,5,9e-05,6,34,0,raw/earnings22-test-epoch-5-freq_mask.jsonl
earnings22,test,freq_mask,pre_update,317,6,0.1057590917,0.0380210469,0.0680733621,0.1657255441,5,9e-05,6,34,0,raw/earnings22-test-epoch-5-freq_mask.jsonl
earnings22,test,freq_mask,pre_update,318,6,0.0999174317,0.0154661797,0.0794035643,0.1194696575,5,9e-05,6,34,0,raw/earnings22-test-epoch-5-freq_mask.jsonl
earnings22,test,freq_mask,pre_update,319,6,0.1145484659,0.0182951182,0.0956381783,0.1459985673,5,9e-05,6,34,0,raw/earnings22-test-epoch-5-freq_mask.jsonl
earnings22,test,freq_mask,pre_update,320,6,0.1046344874,0.0304887519,0.0707463175,0.1494392455,5,9e-05,6,34,0,raw/earnings22-test-epoch-5-freq_mask.jsonl
earnings22,test,freq_mask,pre_update,321,6,0.1034059934,0.0169161648,0.0861381441,0.1347672790,5,9e-05,6,34,0,raw/earnings22-test-epoch-5-freq_mask.jsonl
earnings22,test,freq_mask,pre_update,322,6,0.1313994378,0.0419508961,0.0748212934,0.1803571880,5,9e-05,6,34,0,raw/earnings22-test-epoch-5-freq_mask.jsonl
earnings22,test,freq_mask,pre_update,323,6,0.1049246639,0.0301225572,0.0700148493,0.1498123854,5,9e-05,6,34,0,raw/earnings22-test-epoch-5-freq_mask.jsonl
earnings22,test,freq_mask,pre_update,324,6,0.1055125048,0.0310691612,0.0678299963,0.1413159370,5,9e-05,6,34,0,raw/earnings22-test-epoch-5-freq_mask.jsonl
earnings22,test,freq_mask,pre_update,325,6,0.0852418430,0.0191531999,0.0613174215,0.1064266264,5,9e-05,6,34,0,raw/earnings22-test-epoch-5-freq_mask.jsonl
earnings22,test,freq_mask,pre_update,326,6,0.1018691498,0.0457675397,0.0600924268,0.1742831916,5,9e-05,6,34,0,raw/earnings22-test-epoch-5-freq_mask.jsonl
earnings22,test,freq_mask,pre_update,327,6,0.1120652979,0.0386483051,0.0650508702,0.1722603440,5,9e-05,6,34,0,raw/earnings22-test-epoch-5-freq_mask.jsonl
earnings22,test,freq_mask,pre_update,328,6,0.1153032755,0.0374202714,0.0766521841,0.1769477129,5,9e-05,6,34,0,raw/earnings22-test-epoch-5-freq_mask.jsonl
earnings22,test,freq_mask,pre_update,329,6,0.0868847805,0.0297024763,0.0541691929,0.1293198168,5,9e-05,6,34,0,raw/earnings22-test-epoch-5-freq_mask.jsonl
earnings22,test,freq_mask,pre_update,330,6,0.1257403418,0.0329540989,0.0858537778,0.1682855040,5,9e-05,6,34,0,raw/earnings22-test-epoch-5-freq_mask.jsonl
earnings22,test,freq_mask,pre_update,331,6,0.1117569717,0.0141992170,0.0861479491,0.1230045110,5,9e-05,6,34,0,raw/earnings22-test-epoch-5-freq_mask.jsonl
earnings22,test,freq_mask,pre_update,332,6,0.0969147732,0.0207716508,0.0669898242,0.1291803122,5,9e-05,6,34,0,raw/earnings22-test-epoch-5-freq_mask.jsonl
earnings22,test,freq_mask,pre_update,333,6,0.0884385643,0.0458374797,0.0626236051,0.1814305782,5,9e-05,6,34,0,raw/earnings22-test-epoch-5-freq_mask.jsonl
earnings22,test,freq_mask,pre_update,334,6,0.0979740160,0.0236193745,0.0626565292,0.1367140412,5,9e-05,6,34,0,raw/earnings22-test-epoch-5-freq_mask.jsonl
earnings22,test,freq_mask,pre_update,335,6,0.1027832963,0.0325531475,0.0675366819,0.1576626897,5,9e-05,6,34,0,raw/earnings22-test-epoch-5-freq_mask.jsonl
earnings22,test,freq_mask,pre_update,336,6,0.1069650451,0.0375563212,0.0569891632,0.1572049260,5,9e-05,6,34,0,raw/earnings22-test-epoch-5-freq_mask.jsonl
earnings22,test,freq_mask,pre_update,337,6,0.0994867608,0.0345758887,0.0756451264,0.1682096124,5,9e-05,6,34,0,raw/earnings22-test-epoch-5-freq_mask.jsonl
earnings22,test,freq_mask,pre_update,338,6,0.1064971226,0.0390251080,0.0640946403,0.1560355276,5,9e-05,6,34,0,raw/earnings22-test-epoch-5-freq_mask.jsonl
earnings22,test,freq_mask,pre_update,339,6,0.1328196252,0.0810187775,0.0770626813,0.2897364199,5,9e-05,6,34,0,raw/earnings22-test-epoch-5-freq_mask.jsonl
earnings22,test,freq_mask,pre_update,340,6,0.1074331515,0.0471595296,0.0587757230,0.1626518667,5,9e-05,6,34,0,raw/earnings22-test-epoch-5-freq_mask.jsonl
earnings22,test,freq_mask,pre_update,341,6,0.1140958841,0.0534496819,0.0601918548,0.2107196450,5,9e-05,6,34,0,raw/earnings22-test-epoch-5-freq_mask.jsonl
earnings22,test,freq_mask,pre_update,342,6,0.0940469590,0.0305532367,0.0672710463,0.1490123570,5,9e-05,6,34,0,raw/earnings22-test-epoch-5-freq_mask.jsonl
earnings22,test,freq_mask,pre_update,343,6,0.1081481657,0.0556616100,0.0541650020,0.2105538249,5,9e-05,6,34,0,raw/earnings22-test-epoch-5-freq_mask.jsonl
earnings22,test,freq_mask,pre_update,344,6,0.0859775220,0.0254937996,0.0526213050,0.1204849184,5,9e-05,6,34,0,raw/earnings22-test-epoch-5-freq_mask.jsonl
earnings22,test,freq_mask,pre_update,345,6,0.1387032705,0.0787236233,0.0687644035,0.2865965366,5,9e-05,6,34,0,raw/earnings22-test-epoch-5-freq_mask.jsonl
earnings22,test,freq_mask,pre_update,346,6,0.1065393587,0.0439734429,0.0630107597,0.1608745158,5,9e-05,6,34,0,raw/earnings22-test-epoch-5-freq_mask.jsonl
earnings22,test,freq_mask,pre_update,347,6,0.0992484291,0.0291194451,0.0657076463,0.1340039372,5,9e-05,6,34,0,raw/earnings22-test-epoch-5-freq_mask.jsonl
earnings22,test,freq_mask,pre_update,348,6,0.1054947258,0.0452317176,0.0543410070,0.1688228548,5,9e-05,6,34,0,raw/earnings22-test-epoch-5-freq_mask.jsonl
earnings22,test,freq_mask,pre_update,349,6,0.0973521111,0.0437696558,0.0549890772,0.1588312685,5,9e-05,6,34,0,raw/earnings22-test-epoch-5-freq_mask.jsonl
earnings22,test,freq_mask,pre_update,350,6,0.0963899872,0.0324469066,0.0602636226,0.1354920268,5,9e-05,6,34,0,raw/earnings22-test-epoch-5-freq_mask.jsonl
earnings22,test,freq_mask,pre_update,351,6,0.1082662220,0.0380276899,0.0729804933,0.1764043570,5,9e-05,6,34,0,raw/earnings22-test-epoch-5-freq_mask.jsonl
earnings22,test,freq_mask,pre_update,352,6,0.1077406456,0.0369764161,0.0599508807,0.1575159431,5,9e-05,6,34,0,raw/earnings22-test-epoch-5-freq_mask.jsonl
earnings22,test,freq_mask,pre_update,353,6,0.0958736477,0.0429807400,0.0593700334,0.1760810316,5,9e-05,6,34,0,raw/earnings22-test-epoch-5-freq_mask.jsonl
earnings22,test,freq_mask,pre_update,354,6,0.0969482859,0.0339247519,0.0556825697,0.1338748634,5,9e-05,6,34,0,raw/earnings22-test-epoch-5-freq_mask.jsonl
earnings22,test,freq_mask,pre_update,355,6,0.0938425474,0.0272859904,0.0708310157,0.1412560195,5,9e-05,6,34,0,raw/earnings22-test-epoch-5-freq_mask.jsonl
earnings22,test,freq_mask,pre_update,356,6,0.0821516973,0.0267969002,0.0643148720,0.1357704550,5,9e-05,6,34,0,raw/earnings22-test-epoch-5-freq_mask.jsonl
earnings22,test,freq_mask,pre_update,357,6,0.0959741076,0.0260925053,0.0572788343,0.1321234107,5,9e-05,6,34,0,raw/earnings22-test-epoch-5-freq_mask.jsonl
earnings22,test,freq_mask,pre_update,358,6,0.0854781742,0.0211167757,0.0628971905,0.1143100858,5,9e-05,6,34,0,raw/earnings22-test-epoch-5-freq_mask.jsonl
earnings22,test,freq_mask,pre_update,359,6,0.1103088502,0.0414256924,0.0584341101,0.1622688770,5,9e-05,6,34,0,raw/earnings22-test-epoch-5-freq_mask.jsonl
earnings22,test,freq_mask,pre_update,360,6,0.1089626985,0.0312064688,0.0759607852,0.1627639085,5,9e-05,6,34,0,raw/earnings22-test-epoch-5-freq_mask.jsonl
earnings22,test,freq_mask,pre_update,361,6,0.0923065481,0.0210179029,0.0613447651,0.1203715354,5,9e-05,6,34,0,raw/earnings22-test-epoch-5-freq_mask.jsonl
earnings22,test,freq_mask,pre_update,362,6,0.0881552684,0.0159534836,0.0657027438,0.1108546034,5,9e-05,6,34,0,raw/earnings22-test-epoch-5-freq_mask.jsonl
earnings22,test,freq_mask,pre_update,363,6,0.1431713812,0.0969726875,0.0746706128,0.3328632712,5,9e-05,6,34,0,raw/earnings22-test-epoch-5-freq_mask.jsonl
earnings22,test,freq_mask,pre_update,364,6,0.1357353590,0.0622142576,0.0935941637,0.2551001310,5,9e-05,6,34,0,raw/earnings22-test-epoch-5-freq_mask.jsonl
earnings22,test,freq_mask,pre_update,365,5,0.1076740727,0.0234009468,0.0806585103,0.1450451910,5,9e-05,6,34,0,raw/earnings22-test-epoch-5-freq_mask.jsonl
earnings22,test,freq_mask,pre_update,366,5,0.1039122179,0.0352498511,0.0559238642,0.1544368267,5,9e-05,6,34,0,raw/earnings22-test-epoch-5-freq_mask.jsonl
earnings22,test,freq_mask,pre_update,367,5,0.1228884175,0.0386176828,0.0598104447,0.1551277936,5,9e-05,6,34,0,raw/earnings22-test-epoch-5-freq_mask.jsonl
earnings22,test,freq_mask,pre_update,368,5,0.1011801347,0.0349088154,0.0689641684,0.1601912081,5,9e-05,6,34,0,raw/earnings22-test-epoch-5-freq_mask.jsonl
earnings22,test,freq_mask,pre_update,369,5,0.1107138738,0.0463297199,0.0638476163,0.1861683130,5,9e-05,6,34,0,raw/earnings22-test-epoch-5-freq_mask.jsonl
earnings22,test,freq_mask,pre_update,370,5,0.0953293145,0.0108580499,0.0827809274,0.1091560125,5,9e-05,6,34,0,raw/earnings22-test-epoch-5-freq_mask.jsonl
earnings22,test,freq_mask,pre_update,371,5,0.0963710248,0.0408898116,0.0603970289,0.1607813239,5,9e-05,6,34,0,raw/earnings22-test-epoch-5-freq_mask.jsonl
earnings22,test,freq_mask,pre_update,372,5,0.0966737345,0.0232461937,0.0633511990,0.1261816919,5,9e-05,6,34,0,raw/earnings22-test-epoch-5-freq_mask.jsonl
earnings22,test,freq_mask,pre_update,373,5,0.0975605190,0.0429287687,0.0744149610,0.1736933291,5,9e-05,6,34,0,raw/earnings22-test-epoch-5-freq_mask.jsonl
earnings22,test,freq_mask,pre_update,374,5,0.1147772476,0.0246534727,0.0871908888,0.1433164179,5,9e-05,6,34,0,raw/earnings22-test-epoch-5-freq_mask.jsonl
earnings22,test,freq_mask,pre_update,375,5,0.1120497629,0.0292910309,0.0857576728,0.1534857452,5,9e-05,6,34,0,raw/earnings22-test-epoch-5-freq_mask.jsonl
earnings22,test,freq_mask,pre_update,376,5,0.1048745006,0.0256411582,0.0824861825,0.1475807428,5,9e-05,6,34,0,raw/earnings22-test-epoch-5-freq_mask.jsonl
earnings22,test,freq_mask,pre_update,377,5,0.1123848096,0.0301246861,0.0651784539,0.1430919170,5,9e-05,6,34,0,raw/earnings22-test-epoch-5-freq_mask.jsonl
earnings22,test,freq_mask,pre_update,378,5,0.0987777784,0.0186540219,0.0752018988,0.1267309040,5,9e-05,6,34,0,raw/earnings22-test-epoch-5-freq_mask.jsonl
earnings22,test,freq_mask,pre_update,379,5,0.0965072528,0.0180935026,0.0756785050,0.1214546710,5,9e-05,6,34,0,raw/earnings22-test-epoch-5-freq_mask.jsonl
earnings22,test,freq_mask,pre_update,380,5,0.1165831983,0.0309109747,0.0797903091,0.1600796580,5,9e-05,6,34,0,raw/earnings22-test-epoch-5-freq_mask.jsonl
earnings22,test,freq_mask,pre_update,381,5,0.0993721828,0.0314995730,0.0644063205,0.1485517025,5,9e-05,6,34,0,raw/earnings22-test-epoch-5-freq_mask.jsonl
earnings22,test,freq_mask,pre_update,382,5,0.0852859944,0.0124657086,0.0655319616,0.0988411233,5,9e-05,6,34,0,raw/earnings22-test-epoch-5-freq_mask.jsonl
earnings22,test,freq_mask,pre_update,383,5,0.1071662903,0.0238316905,0.0813764706,0.1450654268,5,9e-05,6,34,0,raw/earnings22-test-epoch-5-freq_mask.jsonl
earnings22,test,freq_mask,pre_update,384,5,0.0793972477,0.0164859453,0.0592966080,0.1028173491,5,9e-05,6,34,0,raw/earnings22-test-epoch-5-freq_mask.jsonl
earnings22,test,freq_mask,pre_update,385,5,0.0937724352,0.0109092301,0.0778429657,0.1052013934,5,9e-05,6,34,0,raw/earnings22-test-epoch-5-freq_mask.jsonl
earnings22,test,freq_mask,pre_update,386,5,0.0984738454,0.0231044483,0.0734722316,0.1345337331,5,9e-05,6,34,0,raw/earnings22-test-epoch-5-freq_mask.jsonl
earnings22,test,freq_mask,pre_update,387,5,0.0990074471,0.0300605994,0.0683841556,0.1421535313,5,9e-05,6,34,0,raw/earnings22-test-epoch-5-freq_mask.jsonl
earnings22,test,freq_mask,pre_update,388,5,0.0832052752,0.0356359764,0.0610139817,0.1463419646,5,9e-05,6,34,0,raw/earnings22-test-epoch-5-freq_mask.jsonl
earnings22,test,freq_mask,pre_update,389,5,0.0875657991,0.0185132248,0.0703313500,0.1169691384,5,9e-05,6,34,0,raw/earnings22-test-epoch-5-freq_mask.jsonl
earnings22,test,freq_mask,pre_update,390,5,0.0933294475,0.0358672693,0.0537613705,0.1424909979,5,9e-05,6,34,0,raw/earnings22-test-epoch-5-freq_mask.jsonl
earnings22,test,freq_mask,pre_update,391,5,0.0929633170,0.0297888460,0.0684734955,0.1427158713,5,9e-05,6,34,0,raw/earnings22-test-epoch-5-freq_mask.jsonl
earnings22,test,freq_mask,pre_update,392,5,0.0837595761,0.0175237415,0.0683199018,0.1057562754,5,9e-05,6,34,0,raw/earnings22-test-epoch-5-freq_mask.jsonl
earnings22,test,freq_mask,pre_update,393,5,0.0954015508,0.0182800166,0.0808302015,0.1257050931,5,9e-05,6,34,0,raw/earnings22-test-epoch-5-freq_mask.jsonl
earnings22,test,freq_mask,pre_update,394,5,0.1151944116,0.0460091160,0.0652863532,0.1721559614,5,9e-05,6,34,0,raw/earnings22-test-epoch-5-freq_mask.jsonl
earnings22,test,freq_mask,pre_update,395,5,0.0893403277,0.0351703739,0.0597008131,0.1449138224,5,9e-05,6,34,0,raw/earnings22-test-epoch-5-freq_mask.jsonl
earnings22,test,freq_mask,pre_update,396,5,0.1049226463,0.0253309874,0.0690098107,0.1400213093,5,9e-05,6,34,0,raw/earnings22-test-epoch-5-freq_mask.jsonl
earnings22,test,freq_mask,pre_update,397,5,0.0940313078,0.0366786719,0.0606438108,0.1554021239,5,9e-05,6,34,0,raw/earnings22-test-epoch-5-freq_mask.jsonl
earnings22,test,freq_mask,pre_update,398,5,0.1033682153,0.0297380733,0.0789710656,0.1547225863,5,9e-05,6,34,0,raw/earnings22-test-epoch-5-freq_mask.jsonl
earnings22,test,freq_mask,pre_update,399,5,0.0853964299,0.0149787397,0.0661260411,0.1073567197,5,9e-05,6,34,0,raw/earnings22-test-epoch-5-freq_mask.jsonl
earnings22,test,freq_mask,pre_update,400,5,0.0925281018,0.0469712942,0.0593691245,0.1742818952,5,9e-05,6,34,0,raw/earnings22-test-epoch-5-freq_mask.jsonl
earnings22,test,freq_mask,pre_update,401,5,0.1130483612,0.0380688354,0.0801389813,0.1772356182,5,9e-05,6,34,0,raw/earnings22-test-epoch-5-freq_mask.jsonl
earnings22,test,freq_mask,pre_update,402,5,0.0878848270,0.0278135629,0.0639940351,0.1348093003,5,9e-05,6,34,0,raw/earnings22-test-epoch-5-freq_mask.jsonl
earnings22,test,freq_mask,pre_update,403,5,0.0859413341,0.0177205676,0.0587072596,0.1082510948,5,9e-05,6,34,0,raw/earnings22-test-epoch-5-freq_mask.jsonl
earnings22,test,freq_mask,pre_update,404,5,0.0932623819,0.0366265272,0.0699132606,0.1566926241,5,9e-05,6,34,0,raw/earnings22-test-epoch-5-freq_mask.jsonl
earnings22,test,freq_mask,pre_update,405,5,0.1102096111,0.0291509526,0.0609000698,0.1372328401,5,9e-05,6,34,0,raw/earnings22-test-epoch-5-freq_mask.jsonl
earnings22,test,freq_mask,pre_update,406,5,0.1013186887,0.0297966118,0.0594078079,0.1285738647,5,9e-05,6,34,0,raw/earnings22-test-epoch-5-freq_mask.jsonl
earnings22,test,freq_mask,pre_update,407,5,0.1001450419,0.0199973521,0.0772742257,0.1312345862,5,9e-05,6,34,0,raw/earnings22-test-epoch-5-freq_mask.jsonl
earnings22,test,freq_mask,pre_update,408,5,0.1096871600,0.0355401852,0.0676184744,0.1576426029,5,9e-05,6,34,0,raw/earnings22-test-epoch-5-freq_mask.jsonl
earnings22,test,freq_mask,pre_update,409,5,0.0980449185,0.0306604787,0.0649411678,0.1306137592,5,9e-05,6,34,0,raw/earnings22-test-epoch-5-freq_mask.jsonl
earnings22,test,freq_mask,pre_update,410,5,0.1154623777,0.0432576782,0.0653014556,0.1734391749,5,9e-05,6,34,0,raw/earnings22-test-epoch-5-freq_mask.jsonl
earnings22,test,freq_mask,pre_update,411,5,0.1040273204,0.0293016825,0.0635674745,0.1455573887,5,9e-05,6,34,0,raw/earnings22-test-epoch-5-freq_mask.jsonl
earnings22,test,freq_mask,pre_update,412,5,0.1041377977,0.0188127672,0.0770704672,0.1241374314,5,9e-05,6,34,0,raw/earnings22-test-epoch-5-freq_mask.jsonl
earnings22,test,freq_mask,pre_update,413,5,0.1068583816,0.0413596148,0.0665697753,0.1723060757,5,9e-05,6,34,0,raw/earnings22-test-epoch-5-freq_mask.jsonl
earnings22,test,freq_mask,pre_update,414,5,0.1182840630,0.0517978314,0.0739698708,0.2015643418,5,9e-05,6,34,0,raw/earnings22-test-epoch-5-freq_mask.jsonl
earnings22,test,freq_mask,pre_update,415,5,0.0932884187,0.0204119236,0.0748592764,0.1268264055,5,9e-05,6,34,0,raw/earnings22-test-epoch-5-freq_mask.jsonl
earnings22,test,freq_mask,pre_update,416,5,0.1105894133,0.0245431839,0.0882758126,0.1389272362,5,9e-05,6,34,0,raw/earnings22-test-epoch-5-freq_mask.jsonl
earnings22,test,freq_mask,pre_update,417,5,0.0786810845,0.0344800009,0.0543686524,0.1366403699,5,9e-05,6,34,0,raw/earnings22-test-epoch-5-freq_mask.jsonl
earnings22,test,freq_mask,pre_update,418,5,0.1022671044,0.0350278536,0.0705098957,0.1582342982,5,9e-05,6,34,0,raw/earnings22-test-epoch-5-freq_mask.jsonl
earnings22,test,freq_mask,pre_update,419,5,0.1168317363,0.0429519078,0.0682399720,0.1700453162,5,9e-05,6,34,0,raw/earnings22-test-epoch-5-freq_mask.jsonl
earnings22,test,freq_mask,pre_update,420,5,0.1018931374,0.0373860018,0.0620298982,0.1437786967,5,9e-05,6,34,0,raw/earnings22-test-epoch-5-freq_mask.jsonl
earnings22,test,freq_mask,pre_update,421,5,0.0845468014,0.0279800706,0.0589941815,0.1279669106,5,9e-05,6,34,0,raw/earnings22-test-epoch-5-freq_mask.jsonl
earnings22,test,freq_mask,pre_update,422,5,0.1014863461,0.0436369314,0.0650775582,0.1685322225,5,9e-05,6,34,0,raw/earnings22-test-epoch-5-freq_mask.jsonl
earnings22,test,freq_mask,pre_update,423,5,0.1190006971,0.0408882130,0.0661427379,0.1638383120,5,9e-05,6,34,0,raw/earnings22-test-epoch-5-freq_mask.jsonl
earnings22,test,freq_mask,pre_update,424,5,0.0832458414,0.0348982206,0.0532785617,0.1436575353,5,9e-05,6,34,0,raw/earnings22-test-epoch-5-freq_mask.jsonl
earnings22,test,freq_mask,pre_update,425,5,0.1029586703,0.0352782092,0.0586803257,0.1511065066,5,9e-05,6,34,0,raw/earnings22-test-epoch-5-freq_mask.jsonl
earnings22,test,freq_mask,pre_update,426,5,0.1040599719,0.0352952031,0.0579538420,0.1451193243,5,9e-05,6,34,0,raw/earnings22-test-epoch-5-freq_mask.jsonl
earnings22,test,freq_mask,pre_update,427,5,0.0716472626,0.0115156499,0.0565304458,0.0884743407,5,9e-05,6,34,0,raw/earnings22-test-epoch-5-freq_mask.jsonl
earnings22,test,freq_mask,pre_update,428,5,0.0851305246,0.0086644099,0.0711045414,0.0931694955,5,9e-05,6,34,0,raw/earnings22-test-epoch-5-freq_mask.jsonl
earnings22,test,freq_mask,pre_update,429,5,0.1011387177,0.0517922875,0.0516522266,0.1815305650,5,9e-05,6,34,0,raw/earnings22-test-epoch-5-freq_mask.jsonl
earnings22,test,freq_mask,pre_update,430,5,0.1112327337,0.0458566584,0.0582694933,0.1643792391,5,9e-05,6,34,0,raw/earnings22-test-epoch-5-freq_mask.jsonl
earnings22,test,freq_mask,pre_update,431,5,0.0861546695,0.0296097490,0.0538659394,0.1319813728,5,9e-05,6,34,0,raw/earnings22-test-epoch-5-freq_mask.jsonl
earnings22,test,freq_mask,pre_update,432,5,0.0854197383,0.0109276417,0.0716963783,0.1001184881,5,9e-05,6,34,0,raw/earnings22-test-epoch-5-freq_mask.jsonl
earnings22,test,freq_mask,pre_update,433,5,0.0914576262,0.0447142979,0.0589728728,0.1684358418,5,9e-05,6,34,0,raw/earnings22-test-epoch-5-freq_mask.jsonl
earnings22,test,freq_mask,pre_update,434,5,0.0905691072,0.0203684876,0.0699696839,0.1183691621,5,9e-05,6,34,0,raw/earnings22-test-epoch-5-freq_mask.jsonl
earnings22,test,freq_mask,pre_update,435,5,0.1163278788,0.0348770824,0.0706447437,0.1525411457,5,9e-05,6,34,0,raw/earnings22-test-epoch-5-freq_mask.jsonl
earnings22,test,freq_mask,pre_update,436,5,0.0897444293,0.0258066398,0.0578020588,0.1199032962,5,9e-05,6,34,0,raw/earnings22-test-epoch-5-freq_mask.jsonl
earnings22,test,freq_mask,pre_update,437,5,0.0883956306,0.0264699115,0.0592871644,0.1225680187,5,9e-05,6,34,0,raw/earnings22-test-epoch-5-freq_mask.jsonl
earnings22,test,freq_mask,pre_update,438,5,0.1000901088,0.0273998015,0.0663755238,0.1287433654,5,9e-05,6,34,0,raw/earnings22-test-epoch-5-freq_mask.jsonl
earnings22,test,freq_mask,pre_update,439,5,0.0850741498,0.0213810966,0.0572277121,0.1087611616,5,9e-05,6,34,0,raw/earnings22-test-epoch-5-freq_mask.jsonl
earnings22,test,freq_mask,pre_update,440,5,0.0994422600,0.0338760398,0.0700960681,0.1418753266,5,9e-05,6,34,0,raw/earnings22-test-epoch-5-freq_mask.jsonl
earnings22,test,freq_mask,pre_update,441,5,0.0923622794,0.0422408942,0.0483073257,0.1501862109,5,9e-05,6,34,0,raw/earnings22-test-epoch-5-freq_mask.jsonl
earnings22,test,freq_mask,pre_update,442,5,0.1035150573,0.0529727983,0.0621106401,0.1620635241,5,9e-05,6,34,0,raw/earnings22-test-epoch-5-freq_mask.jsonl
earnings22,test,freq_mask,pre_update,443,5,0.0856071636,0.0142465854,0.0697651282,0.1060262695,5,9e-05,6,34,0,raw/earnings22-test-epoch-5-freq_mask.jsonl
earnings22,test,freq_mask,pre_update,444,5,0.0995503351,0.0469425155,0.0623917654,0.1810994148,5,9e-05,6,34,0,raw/earnings22-test-epoch-5-freq_mask.jsonl
earnings22,test,freq_mask,pre_update,445,5,0.1044810697,0.0418087684,0.0551925078,0.1493030488,5,9e-05,6,34,0,raw/earnings22-test-epoch-5-freq_mask.jsonl
earnings22,test,freq_mask,pre_update,446,5,0.0888117939,0.0448872171,0.0537464917,0.1507980824,5,9e-05,6,34,0,raw/earnings22-test-epoch-5-freq_mask.jsonl
earnings22,test,freq_mask,pre_update,447,5,0.1002330303,0.0391479933,0.0674908310,0.1670718044,5,9e-05,6,34,0,raw/earnings22-test-epoch-5-freq_mask.jsonl
earnings22,test,freq_mask,pre_update,448,5,0.0920954868,0.0255253460,0.0659454465,0.1238871291,5,9e-05,6,34,0,raw/earnings22-test-epoch-5-freq_mask.jsonl
earnings22,test,freq_mask,pre_update,449,5,0.0804525040,0.0188602845,0.0582416132,0.0985227302,5,9e-05,6,34,0,raw/earnings22-test-epoch-5-freq_mask.jsonl
earnings22,test,freq_mask,pre_update,450,5,0.1040659338,0.0393074344,0.0563184395,0.1620726436,5,9e-05,6,34,0,raw/earnings22-test-epoch-5-freq_mask.jsonl
earnings22,test,freq_mask,pre_update,451,5,0.0958107658,0.0403681533,0.0556435101,0.1614383906,5,9e-05,6,34,0,raw/earnings22-test-epoch-5-freq_mask.jsonl
earnings22,test,freq_mask,pre_update,452,5,0.1239071116,0.0407095970,0.0840626210,0.1821230352,5,9e-05,6,34,0,raw/earnings22-test-epoch-5-freq_mask.jsonl
earnings22,test,freq_mask,pre_update,453,5,0.0870285653,0.0331617643,0.0490857735,0.1209305748,5,9e-05,6,34,0,raw/earnings22-test-epoch-5-freq_mask.jsonl
earnings22,test,freq_mask,pre_update,454,5,0.0813409694,0.0206978210,0.0573221333,0.1041357815,5,9e-05,6,34,0,raw/earnings22-test-epoch-5-freq_mask.jsonl
earnings22,test,freq_mask,pre_update,455,5,0.0964715481,0.0377937474,0.0539055020,0.1444049478,5,9e-05,6,34,0,raw/earnings22-test-epoch-5-freq_mask.jsonl
earnings22,test,freq_mask,pre_update,456,5,0.1002445981,0.0361027338,0.0588940755,0.1296328455,5,9e-05,6,34,0,raw/earnings22-test-epoch-5-freq_mask.jsonl
earnings22,test,freq_mask,pre_update,457,5,0.1091617584,0.0482306056,0.0665988475,0.1736310720,5,9e-05,6,34,0,raw/earnings22-test-epoch-5-freq_mask.jsonl
earnings22,test,freq_mask,pre_update,458,5,0.0936436750,0.0392775201,0.0493519343,0.1452208012,5,9e-05,6,34,0,raw/earnings22-test-epoch-5-freq_mask.jsonl
earnings22,test,freq_mask,pre_update,459,5,0.0850240007,0.0283063845,0.0474988222,0.1239725649,5,9e-05,6,34,0,raw/earnings22-test-epoch-5-freq_mask.jsonl
earnings22,test,freq_mask,pre_update,460,5,0.0921209186,0.0335632175,0.0523054898,0.1320916116,5,9e-05,6,34,0,raw/earnings22-test-epoch-5-freq_mask.jsonl
earnings22,test,freq_mask,pre_update,461,5,0.0983294576,0.0264765517,0.0790219605,0.1428823322,5,9e-05,6,34,0,raw/earnings22-test-epoch-5-freq_mask.jsonl
earnings22,test,freq_mask,pre_update,462,5,0.0852317892,0.0275164019,0.0520087890,0.1230009049,5,9e-05,6,34,0,raw/earnings22-test-epoch-5-freq_mask.jsonl
earnings22,test,freq_mask,pre_update,463,5,0.1037147678,0.0466850670,0.0544342361,0.1754370928,5,9e-05,6,34,0,raw/earnings22-test-epoch-5-freq_mask.jsonl
earnings22,test,freq_mask,pre_update,464,5,0.0896112397,0.0201405381,0.0667052865,0.1066963673,5,9e-05,6,34,0,raw/earnings22-test-epoch-5-freq_mask.jsonl
earnings22,test,freq_mask,pre_update,465,5,0.1083459407,0.0394147948,0.0510841534,0.1485136747,5,9e-05,6,34,0,raw/earnings22-test-epoch-5-freq_mask.jsonl
earnings22,test,freq_mask,pre_update,466,5,0.1002822116,0.0430238481,0.0675197244,0.1648023129,5,9e-05,6,34,0,raw/earnings22-test-epoch-5-freq_mask.jsonl
earnings22,test,freq_mask,pre_update,467,5,0.0927428156,0.0431170972,0.0529880077,0.1590555608,5,9e-05,6,34,0,raw/earnings22-test-epoch-5-freq_mask.jsonl
earnings22,test,freq_mask,pre_update,468,5,0.1051639989,0.0490304307,0.0548753962,0.1723933667,5,9e-05,6,34,0,raw/earnings22-test-epoch-5-freq_mask.jsonl
earnings22,test,freq_mask,pre_update,469,5,0.0890485317,0.0375271963,0.0646408647,0.1543285847,5,9e-05,6,34,0,raw/earnings22-test-epoch-5-freq_mask.jsonl
earnings22,test,freq_mask,pre_update,470,5,0.1004122719,0.0305824841,0.0707738250,0.1412371844,5,9e-05,6,34,0,raw/earnings22-test-epoch-5-freq_mask.jsonl
earnings22,test,freq_mask,pre_update,471,5,0.0881750539,0.0374390535,0.0500315055,0.1288237125,5,9e-05,6,34,0,raw/earnings22-test-epoch-5-freq_mask.jsonl
earnings22,test,freq_mask,pre_update,472,5,0.1002850145,0.0352150609,0.0769052804,0.1604165733,5,9e-05,6,34,0,raw/earnings22-test-epoch-5-freq_mask.jsonl
earnings22,test,freq_mask,pre_update,473,5,0.0954176515,0.0271865781,0.0498555526,0.1143032759,5,9e-05,6,34,0,raw/earnings22-test-epoch-5-freq_mask.jsonl
earnings22,test,freq_mask,pre_update,474,5,0.0840465486,0.0159593765,0.0714260787,0.1103428453,5,9e-05,6,34,0,raw/earnings22-test-epoch-5-freq_mask.jsonl
earnings22,test,freq_mask,pre_update,475,5,0.0850478865,0.0344568319,0.0474739969,0.1345361769,5,9e-05,6,34,0,raw/earnings22-test-epoch-5-freq_mask.jsonl
earnings22,test,freq_mask,pre_update,476,5,0.0883901320,0.0325915478,0.0594267547,0.1313935667,5,9e-05,6,34,0,raw/earnings22-test-epoch-5-freq_mask.jsonl
earnings22,test,freq_mask,pre_update,477,5,0.1024016410,0.0370489087,0.0748399049,0.1667334735,5,9e-05,6,34,0,raw/earnings22-test-epoch-5-freq_mask.jsonl
earnings22,test,freq_mask,pre_update,478,5,0.1012299463,0.0424315685,0.0640847236,0.1734694839,5,9e-05,6,34,0,raw/earnings22-test-epoch-5-freq_mask.jsonl
earnings22,test,freq_mask,pre_update,479,5,0.0924798965,0.0320900384,0.0668468922,0.1309613138,5,9e-05,6,34,0,raw/earnings22-test-epoch-5-freq_mask.jsonl
earnings22,test,freq_mask,pre_update,480,5,0.0763458326,0.0194656877,0.0482303575,0.1017787457,5,9e-05,6,34,0,raw/earnings22-test-epoch-5-freq_mask.jsonl
earnings22,test,freq_mask,pre_update,481,5,0.1114156380,0.0325339811,0.0666520372,0.1457331032,5,9e-05,6,34,0,raw/earnings22-test-epoch-5-freq_mask.jsonl
earnings22,test,freq_mask,pre_update,482,5,0.1004356302,0.0483898325,0.0431929566,0.1626309752,5,9e-05,6,34,0,raw/earnings22-test-epoch-5-freq_mask.jsonl
earnings22,test,freq_mask,pre_update,483,5,0.0932907313,0.0325627947,0.0512728691,0.1268975288,5,9e-05,6,34,0,raw/earnings22-test-epoch-5-freq_mask.jsonl
earnings22,test,freq_mask,pre_update,484,5,0.0988357812,0.0460101618,0.0637841523,0.1495516598,5,9e-05,6,34,0,raw/earnings22-test-epoch-5-freq_mask.jsonl
earnings22,test,freq_mask,pre_update,485,5,0.0927182615,0.0281358229,0.0555610731,0.1299568862,5,9e-05,6,34,0,raw/earnings22-test-epoch-5-freq_mask.jsonl
earnings22,test,freq_mask,pre_update,486,5,0.0956035562,0.0422811561,0.0571211688,0.1671618819,5,9e-05,6,34,0,raw/earnings22-test-epoch-5-freq_mask.jsonl
earnings22,test,freq_mask,pre_update,487,5,0.0741265878,0.0066128382,0.0663386583,0.0829588100,5,9e-05,6,34,0,raw/earnings22-test-epoch-5-freq_mask.jsonl
earnings22,test,freq_mask,pre_update,488,5,0.0791408114,0.0180714697,0.0610553659,0.1065651476,5,9e-05,6,34,0,raw/earnings22-test-epoch-5-freq_mask.jsonl
earnings22,test,freq_mask,pre_update,489,5,0.1006172910,0.0349553558,0.0731988102,0.1468095928,5,9e-05,6,34,0,raw/earnings22-test-epoch-5-freq_mask.jsonl
earnings22,test,freq_mask,pre_update,490,5,0.1017745554,0.0483656670,0.0489991754,0.1532466114,5,9e-05,6,34,0,raw/earnings22-test-epoch-5-freq_mask.jsonl
earnings22,test,freq_mask,pre_update,491,5,0.0896221600,0.0336486179,0.0549828447,0.1361808330,5,9e-05,6,34,0,raw/earnings22-test-epoch-5-freq_mask.jsonl
earnings22,test,freq_mask,pre_update,492,5,0.0886687808,0.0487520289,0.0523833521,0.1648588330,5,9e-05,6,34,0,raw/earnings22-test-epoch-5-freq_mask.jsonl
earnings22,test,freq_mask,pre_update,493,5,0.1001836717,0.0368536157,0.0596434027,0.1413331926,5,9e-05,6,34,0,raw/earnings22-test-epoch-5-freq_mask.jsonl
earnings22,test,freq_mask,pre_update,494,5,0.0892606705,0.0311649532,0.0594621897,0.1322973967,5,9e-05,6,34,0,raw/earnings22-test-epoch-5-freq_mask.jsonl
earnings22,test,freq_mask,pre_update,495,5,0.0959870160,0.0444620929,0.0512859523,0.1691808403,5,9e-05,6,34,0,raw/earnings22-test-epoch-5-freq_mask.jsonl
earnings22,test,freq_mask,pre_update,496,5,0.0924415164,0.0375730333,0.0612728558,0.1425306797,5,9e-05,6,34,0,raw/earnings22-test-epoch-5-freq_mask.jsonl
earnings22,test,freq_mask,pre_update,497,5,0.0815479741,0.0234184849,0.0564805493,0.1196772829,5,9e-05,6,34,0,raw/earnings22-test-epoch-5-freq_mask.jsonl
earnings22,test,freq_mask,pre_update,498,5,0.0917007744,0.0415605862,0.0562461242,0.1503555924,5,9e-05,6,34,0,raw/earnings22-test-epoch-5-freq_mask.jsonl
earnings22,test,freq_mask,pre_update,499,5,0.0814813465,0.0251767058,0.0539542027,0.1140680909,5,9e-05,6,34,0,raw/earnings22-test-epoch-5-freq_mask.jsonl
earnings22,test,freq_mask,pre_update,500,5,0.0844111927,0.0220073332,0.0592402928,0.1188089475,5,9e-05,6,34,0,raw/earnings22-test-epoch-5-freq_mask.jsonl
earnings22,test,freq_mask,pre_update,501,5,0.0766780287,0.0199463887,0.0562851280,0.1096911877,5,9e-05,6,34,0,raw/earnings22-test-epoch-5-freq_mask.jsonl
earnings22,test,freq_mask,pre_update,502,5,0.0897487812,0.0382960424,0.0504885949,0.1295301020,5,9e-05,6,34,0,raw/earnings22-test-epoch-5-freq_mask.jsonl
earnings22,test,freq_mask,pre_update,503,5,0.0817983203,0.0290031914,0.0573289916,0.1250819266,5,9e-05,6,34,0,raw/earnings22-test-epoch-5-freq_mask.jsonl
earnings22,test,freq_mask,pre_update,504,5,0.0910846278,0.0435082508,0.0420603976,0.1493533254,5,9e-05,6,34,0,raw/earnings22-test-epoch-5-freq_mask.jsonl
earnings22,test,freq_mask,pre_update,505,5,0.1055027291,0.0446018973,0.0574173406,0.1634112298,5,9e-05,6,34,0,raw/earnings22-test-epoch-5-freq_mask.jsonl
earnings22,test,freq_mask,pre_update,506,5,0.0820295073,0.0430226033,0.0530217215,0.1572901607,5,9e-05,6,34,0,raw/earnings22-test-epoch-5-freq_mask.jsonl
earnings22,test,freq_mask,pre_update,507,5,0.1093028784,0.0457229941,0.0715641379,0.1708668768,5,9e-05,6,34,0,raw/earnings22-test-epoch-5-freq_mask.jsonl
earnings22,test,freq_mask,pre_update,508,5,0.0858095706,0.0333621481,0.0560247898,0.1416288614,5,9e-05,6,34,0,raw/earnings22-test-epoch-5-freq_mask.jsonl
earnings22,test,freq_mask,pre_update,509,5,0.0756677642,0.0378991275,0.0515758321,0.1399201453,5,9e-05,6,34,0,raw/earnings22-test-epoch-5-freq_mask.jsonl
earnings22,test,freq_mask,pre_update,510,5,0.0836388022,0.0307788067,0.0490447134,0.1292753220,5,9e-05,6,34,0,raw/earnings22-test-epoch-5-freq_mask.jsonl
earnings22,test,freq_mask,pre_update,511,5,0.0816396773,0.0218353888,0.0564959049,0.1168661937,5,9e-05,6,34,0,raw/earnings22-test-epoch-5-freq_mask.jsonl
earnings22,test,freq_mask,pre_update,512,5,0.1017873541,0.0392931786,0.0537970513,0.1424957067,5,9e-05,6,34,0,raw/earnings22-test-epoch-5-freq_mask.jsonl
earnings22,test,freq_mask,pre_update,513,5,0.0891051807,0.0389309336,0.0597940646,0.1570735872,5,9e-05,6,34,0,raw/earnings22-test-epoch-5-freq_mask.jsonl
earnings22,test,freq_mask,pre_update,514,5,0.0880360745,0.0412055884,0.0523911603,0.1545037925,5,9e-05,6,34,0,raw/earnings22-test-epoch-5-freq_mask.jsonl
earnings22,test,freq_mask,pre_update,515,5,0.0799446583,0.0234216468,0.0554090515,0.1178470850,5,9e-05,6,34,0,raw/earnings22-test-epoch-5-freq_mask.jsonl
earnings22,test,freq_mask,pre_update,516,5,0.0923374392,0.0405992429,0.0553423502,0.1516782790,5,9e-05,6,34,0,raw/earnings22-test-epoch-5-freq_mask.jsonl
earnings22,test,freq_mask,pre_update,517,5,0.1011264354,0.0495470661,0.0588693321,0.1643440574,5,9e-05,6,34,0,raw/earnings22-test-epoch-5-freq_mask.jsonl
earnings22,test,freq_mask,pre_update,518,5,0.0994834363,0.0444262182,0.0555823818,0.1687407792,5,9e-05,6,34,0,raw/earnings22-test-epoch-5-freq_mask.jsonl
earnings22,test,freq_mask,pre_update,519,5,0.1012341410,0.0316709502,0.0754605755,0.1532296091,5,9e-05,6,34,0,raw/earnings22-test-epoch-5-freq_mask.jsonl
earnings22,test,freq_mask,pre_update,520,5,0.0657731071,0.0086225636,0.0590098165,0.0806262195,5,9e-05,6,34,0,raw/earnings22-test-epoch-5-freq_mask.jsonl
earnings22,test,freq_mask,pre_update,521,5,0.0787637897,0.0254768983,0.0567788854,0.1209233850,5,9e-05,6,34,0,raw/earnings22-test-epoch-5-freq_mask.jsonl
earnings22,test,freq_mask,pre_update,522,5,0.0981662601,0.0371380824,0.0494875759,0.1371048391,5,9e-05,6,34,0,raw/earnings22-test-epoch-5-freq_mask.jsonl
earnings22,test,freq_mask,pre_update,523,5,0.0899059713,0.0335772204,0.0521410331,0.1250928342,5,9e-05,6,34,0,raw/earnings22-test-epoch-5-freq_mask.jsonl
earnings22,test,freq_mask,pre_update,524,5,0.0846248999,0.0307963884,0.0472238734,0.1182427704,5,9e-05,6,34,0,raw/earnings22-test-epoch-5-freq_mask.jsonl
earnings22,test,freq_mask,pre_update,525,5,0.1015645638,0.0333889687,0.0633964837,0.1408007294,5,9e-05,6,34,0,raw/earnings22-test-epoch-5-freq_mask.jsonl
earnings22,test,freq_mask,pre_update,526,5,0.1003326580,0.0399785949,0.0758546889,0.1708479971,5,9e-05,6,34,0,raw/earnings22-test-epoch-5-freq_mask.jsonl
earnings22,test,freq_mask,pre_update,527,5,0.0920922309,0.0279542478,0.0659179688,0.1398055255,5,9e-05,6,34,0,raw/earnings22-test-epoch-5-freq_mask.jsonl
earnings22,test,freq_mask,pre_update,528,5,0.0845728248,0.0337197424,0.0557709634,0.1379577965,5,9e-05,6,34,0,raw/earnings22-test-epoch-5-freq_mask.jsonl
earnings22,test,freq_mask,pre_update,529,5,0.0945658639,0.0393856328,0.0643258989,0.1580760628,5,9e-05,6,34,0,raw/earnings22-test-epoch-5-freq_mask.jsonl
earnings22,test,freq_mask,pre_update,530,5,0.0823008657,0.0199263345,0.0600306541,0.1121851653,5,9e-05,6,34,0,raw/earnings22-test-epoch-5-freq_mask.jsonl
earnings22,test,freq_mask,pre_update,531,5,0.0930705398,0.0401230167,0.0546035022,0.1594308168,5,9e-05,6,34,0,raw/earnings22-test-epoch-5-freq_mask.jsonl
earnings22,test,freq_mask,pre_update,532,5,0.0908374257,0.0253641699,0.0548074208,0.1174129099,5,9e-05,6,34,0,raw/earnings22-test-epoch-5-freq_mask.jsonl
earnings22,test,freq_mask,pre_update,533,5,0.0846774422,0.0328445535,0.0455513187,0.1286359131,5,9e-05,6,34,0,raw/earnings22-test-epoch-5-freq_mask.jsonl
earnings22,test,freq_mask,pre_update,534,5,0.0845010370,0.0343860893,0.0562350973,0.1401285827,5,9e-05,6,34,0,raw/earnings22-test-epoch-5-freq_mask.jsonl
earnings22,test,freq_mask,pre_update,535,5,0.1085214496,0.0353391136,0.0570176244,0.1524584740,5,9e-05,6,34,0,raw/earnings22-test-epoch-5-freq_mask.jsonl
earnings22,test,freq_mask,pre_update,536,5,0.0929956861,0.0424253667,0.0466616638,0.1595856249,5,9e-05,6,34,0,raw/earnings22-test-epoch-5-freq_mask.jsonl
earnings22,test,freq_mask,pre_update,537,5,0.0888177857,0.0306488124,0.0577572733,0.1322448552,5,9e-05,6,34,0,raw/earnings22-test-epoch-5-freq_mask.jsonl
earnings22,test,freq_mask,pre_update,538,5,0.0955830455,0.0280171100,0.0745333135,0.1444535702,5,9e-05,6,34,0,raw/earnings22-test-epoch-5-freq_mask.jsonl
earnings22,test,freq_mask,pre_update,539,5,0.0872567117,0.0310783993,0.0514042675,0.1331294477,5,9e-05,6,34,0,raw/earnings22-test-epoch-5-freq_mask.jsonl
earnings22,test,freq_mask,pre_update,540,5,0.0852652252,0.0313468864,0.0562295616,0.1379359812,5,9e-05,6,34,0,raw/earnings22-test-epoch-5-freq_mask.jsonl
earnings22,test,freq_mask,pre_update,541,5,0.0901902243,0.0303147893,0.0644922331,0.1309982538,5,9e-05,6,34,0,raw/earnings22-test-epoch-5-freq_mask.jsonl
earnings22,test,freq_mask,pre_update,542,5,0.0711584345,0.0223111386,0.0469595343,0.1025285721,5,9e-05,6,34,0,raw/earnings22-test-epoch-5-freq_mask.jsonl
earnings22,test,freq_mask,pre_update,543,5,0.0825446323,0.0293569986,0.0501586124,0.1157557815,5,9e-05,6,34,0,raw/earnings22-test-epoch-5-freq_mask.jsonl
earnings22,test,freq_mask,pre_update,544,5,0.0777365558,0.0244838839,0.0556821972,0.1147707105,5,9e-05,6,34,0,raw/earnings22-test-epoch-5-freq_mask.jsonl
earnings22,test,freq_mask,pre_update,545,5,0.0902338699,0.0351736524,0.0565201044,0.1410644054,5,9e-05,6,34,0,raw/earnings22-test-epoch-5-freq_mask.jsonl
earnings22,test,freq_mask,pre_update,546,5,0.0918970145,0.0347408498,0.0603729002,0.1375132501,5,9e-05,6,34,0,raw/earnings22-test-epoch-5-freq_mask.jsonl
earnings22,test,freq_mask,pre_update,547,5,0.0775613986,0.0194965494,0.0599782430,0.1020381525,5,9e-05,6,34,0,raw/earnings22-test-epoch-5-freq_mask.jsonl
earnings22,test,freq_mask,pre_update,548,5,0.0732993089,0.0197662940,0.0544241369,0.1047947407,5,9e-05,6,34,0,raw/earnings22-test-epoch-5-freq_mask.jsonl
earnings22,test,freq_mask,pre_update,549,5,0.0798183538,0.0251005300,0.0480975993,0.1149446294,5,9e-05,6,34,0,raw/earnings22-test-epoch-5-freq_mask.jsonl
earnings22,test,freq_mask,pre_update,550,5,0.0961629346,0.0358404903,0.0512235463,0.1460824311,5,9e-05,6,34,0,raw/earnings22-test-epoch-5-freq_mask.jsonl
earnings22,test,freq_mask,pre_update,551,5,0.0942617700,0.0436196110,0.0539683774,0.1422105134,5,9e-05,6,34,0,raw/earnings22-test-epoch-5-freq_mask.jsonl
earnings22,test,freq_mask,pre_update,552,5,0.0998290792,0.0420401013,0.0573555008,0.1474689394,5,9e-05,6,34,0,raw/earnings22-test-epoch-5-freq_mask.jsonl
earnings22,test,freq_mask,pre_update,553,5,0.0962267399,0.0266107021,0.0761093870,0.1422505975,5,9e-05,6,34,0,raw/earnings22-test-epoch-5-freq_mask.jsonl
earnings22,test,freq_mask,pre_update,554,5,0.0822163172,0.0214721640,0.0505411141,0.1054956019,5,9e-05,6,34,0,raw/earnings22-test-epoch-5-freq_mask.jsonl
earnings22,test,freq_mask,pre_update,555,5,0.0743429437,0.0296462814,0.0479307026,0.1249413416,5,9e-05,6,34,0,raw/earnings22-test-epoch-5-freq_mask.jsonl
earnings22,test,freq_mask,pre_update,556,5,0.0745295539,0.0167880238,0.0606707111,0.1036339998,5,9e-05,6,34,0,raw/earnings22-test-epoch-5-freq_mask.jsonl
earnings22,test,freq_mask,pre_update,557,5,0.0774223946,0.0280391719,0.0515605882,0.1236559302,5,9e-05,6,34,0,raw/earnings22-test-epoch-5-freq_mask.jsonl
earnings22,test,freq_mask,pre_update,558,5,0.0863423720,0.0460369544,0.0502238758,0.1494065672,5,9e-05,6,34,0,raw/earnings22-test-epoch-5-freq_mask.jsonl
earnings22,test,freq_mask,pre_update,559,5,0.0893488094,0.0266261559,0.0628914088,0.1318404824,5,9e-05,6,34,0,raw/earnings22-test-epoch-5-freq_mask.jsonl
earnings22,test,freq_mask,pre_update,560,5,0.0894195199,0.0248823142,0.0616653338,0.1241039857,5,9e-05,6,34,0,raw/earnings22-test-epoch-5-freq_mask.jsonl
earnings22,test,freq_mask,pre_update,561,5,0.0888621837,0.0479473426,0.0533856973,0.1676011086,5,9e-05,6,34,0,raw/earnings22-test-epoch-5-freq_mask.jsonl
earnings22,test,freq_mask,pre_update,562,5,0.0842549294,0.0254993272,0.0631172433,0.1273753047,5,9e-05,6,34,0,raw/earnings22-test-epoch-5-freq_mask.jsonl
earnings22,test,freq_mask,pre_update,563,5,0.0754503958,0.0187731747,0.0544442497,0.1007724553,5,9e-05,6,34,0,raw/earnings22-test-epoch-5-freq_mask.jsonl
earnings22,test,freq_mask,pre_update,564,5,0.0801863678,0.0144436034,0.0602843724,0.0936276093,5,9e-05,6,34,0,raw/earnings22-test-epoch-5-freq_mask.jsonl
earnings22,test,freq_mask,pre_update,565,5,0.1002668053,0.0282187763,0.0776109099,0.1329778433,5,9e-05,6,34,0,raw/earnings22-test-epoch-5-freq_mask.jsonl
earnings22,test,freq_mask,pre_update,566,5,0.0888728544,0.0273961735,0.0709317923,0.1374236047,5,9e-05,6,34,0,raw/earnings22-test-epoch-5-freq_mask.jsonl
earnings22,test,freq_mask,pre_update,567,5,0.0685718961,0.0246928215,0.0407672338,0.1087463051,5,9e-05,6,34,0,raw/earnings22-test-epoch-5-freq_mask.jsonl
earnings22,test,freq_mask,pre_update,568,5,0.0940334976,0.0349382541,0.0597391352,0.1469309181,5,9e-05,6,34,0,raw/earnings22-test-epoch-5-freq_mask.jsonl
earnings22,test,freq_mask,pre_update,569,5,0.0703320667,0.0124680800,0.0516887978,0.0867358074,5,9e-05,6,34,0,raw/earnings22-test-epoch-5-freq_mask.jsonl
earnings22,test,freq_mask,pre_update,570,5,0.0920041412,0.0452306837,0.0549885258,0.1651827693,5,9e-05,6,34,0,raw/earnings22-test-epoch-5-freq_mask.jsonl
earnings22,test,freq_mask,pre_update,571,5,0.0832940347,0.0284959901,0.0423282646,0.1223736256,5,9e-05,6,34,0,raw/earnings22-test-epoch-5-freq_mask.jsonl
earnings22,test,freq_mask,pre_update,572,5,0.0705809563,0.0254422775,0.0498526767,0.1149920821,5,9e-05,6,34,0,raw/earnings22-test-epoch-5-freq_mask.jsonl
earnings22,test,freq_mask,pre_update,573,5,0.0854515329,0.0449870162,0.0501792729,0.1487558782,5,9e-05,6,34,0,raw/earnings22-test-epoch-5-freq_mask.jsonl
earnings22,test,freq_mask,pre_update,574,5,0.1053828582,0.0357260409,0.0574565306,0.1571872234,5,9e-05,6,34,0,raw/earnings22-test-epoch-5-freq_mask.jsonl
earnings22,test,freq_mask,pre_update,575,5,0.0879858971,0.0348519141,0.0638235509,0.1495363265,5,9e-05,6,34,0,raw/earnings22-test-epoch-5-freq_mask.jsonl
earnings22,test,freq_mask,pre_update,576,5,0.0963351980,0.0324731963,0.0681480318,0.1393071711,5,9e-05,6,34,0,raw/earnings22-test-epoch-5-freq_mask.jsonl
earnings22,test,freq_mask,pre_update,577,5,0.1056145713,0.0467259068,0.0613538250,0.1621376276,5,9e-05,6,34,0,raw/earnings22-test-epoch-5-freq_mask.jsonl
earnings22,test,freq_mask,pre_update,578,5,0.0977973014,0.0306868203,0.0639865249,0.1384191960,5,9e-05,6,34,0,raw/earnings22-test-epoch-5-freq_mask.jsonl
earnings22,test,freq_mask,pre_update,579,5,0.0998255961,0.0380001831,0.0533565022,0.1486014724,5,9e-05,6,34,0,raw/earnings22-test-epoch-5-freq_mask.jsonl
earnings22,test,freq_mask,pre_update,580,5,0.0776080370,0.0322257086,0.0525678843,0.1329737157,5,9e-05,6,34,0,raw/earnings22-test-epoch-5-freq_mask.jsonl
earnings22,test,freq_mask,pre_update,581,5,0.0776233040,0.0328524650,0.0520701371,0.1349178404,5,9e-05,6,34,0,raw/earnings22-test-epoch-5-freq_mask.jsonl
earnings22,test,freq_mask,pre_update,582,5,0.0912160955,0.0381352758,0.0567304790,0.1521984041,5,9e-05,6,34,0,raw/earnings22-test-epoch-5-freq_mask.jsonl
earnings22,test,freq_mask,pre_update,583,5,0.0913555160,0.0192743571,0.0707749575,0.1133857518,5,9e-05,6,34,0,raw/earnings22-test-epoch-5-freq_mask.jsonl
earnings22,test,freq_mask,pre_update,584,5,0.0867036715,0.0302496580,0.0543620065,0.1336335242,5,9e-05,6,34,0,raw/earnings22-test-epoch-5-freq_mask.jsonl
earnings22,test,freq_mask,pre_update,585,5,0.0752010316,0.0126295638,0.0543486550,0.0881453305,5,9e-05,6,34,0,raw/earnings22-test-epoch-5-freq_mask.jsonl
earnings22,test,freq_mask,pre_update,586,5,0.0880960181,0.0269092132,0.0610719472,0.1178950295,5,9e-05,6,34,0,raw/earnings22-test-epoch-5-freq_mask.jsonl
earnings22,test,freq_mask,pre_update,587,5,0.0716515526,0.0131655245,0.0546952486,0.0847666189,5,9e-05,6,34,0,raw/earnings22-test-epoch-5-freq_mask.jsonl
earnings22,test,freq_mask,pre_update,588,5,0.0982481003,0.0316001405,0.0646369904,0.1426346004,5,9e-05,6,34,0,raw/earnings22-test-epoch-5-freq_mask.jsonl
earnings22,test,freq_mask,pre_update,589,5,0.0853628442,0.0211195284,0.0613066033,0.1046886593,5,9e-05,6,34,0,raw/earnings22-test-epoch-5-freq_mask.jsonl
earnings22,test,freq_mask,pre_update,590,5,0.0783650771,0.0276744594,0.0507339910,0.1150749624,5,9e-05,6,34,0,raw/earnings22-test-epoch-5-freq_mask.jsonl
earnings22,test,freq_mask,pre_update,591,5,0.0843538508,0.0285136346,0.0531641096,0.1243761256,5,9e-05,6,34,0,raw/earnings22-test-epoch-5-freq_mask.jsonl
earnings22,test,freq_mask,pre_update,592,5,0.0895955458,0.0229201923,0.0694010854,0.1196932197,5,9e-05,6,34,0,raw/earnings22-test-epoch-5-freq_mask.jsonl
earnings22,test,freq_mask,pre_update,593,5,0.0890038148,0.0238603040,0.0702913031,0.1274144650,5,9e-05,6,34,0,raw/earnings22-test-epoch-5-freq_mask.jsonl
earnings22,test,freq_mask,pre_update,594,5,0.0890852004,0.0333462737,0.0563745499,0.1317737401,5,9e-05,6,34,0,raw/earnings22-test-epoch-5-freq_mask.jsonl
earnings22,test,freq_mask,pre_update,595,5,0.0740193911,0.0203470302,0.0560671203,0.1056214124,5,9e-05,6,34,0,raw/earnings22-test-epoch-5-freq_mask.jsonl
earnings22,test,freq_mask,pre_update,596,5,0.0890064701,0.0394727346,0.0566845238,0.1542600095,5,9e-05,6,34,0,raw/earnings22-test-epoch-5-freq_mask.jsonl
earnings22,test,freq_mask,pre_update,597,5,0.0843334600,0.0252073807,0.0574520379,0.1257268786,5,9e-05,6,34,0,raw/earnings22-test-epoch-5-freq_mask.jsonl
earnings22,test,freq_mask,pre_update,598,5,0.0864332490,0.0424278608,0.0556227192,0.1590629667,5,9e-05,6,34,0,raw/earnings22-test-epoch-5-freq_mask.jsonl
earnings22,test,freq_mask,pre_update,599,5,0.0832199395,0.0250401548,0.0556346253,0.1175515801,5,9e-05,6,34,0,raw/earnings22-test-epoch-5-freq_mask.jsonl
earnings22,test,freq_mask,pre_update,600,5,0.0946780995,0.0224043850,0.0707735643,0.1274522692,5,9e-05,6,34,0,raw/earnings22-test-epoch-5-freq_mask.jsonl
earnings22,test,freq_mask,pre_update,601,5,0.0909256697,0.0484497996,0.0488859490,0.1651297510,5,9e-05,6,34,0,raw/earnings22-test-epoch-5-freq_mask.jsonl
earnings22,test,freq_mask,pre_update,602,5,0.0712883502,0.0284014015,0.0456410572,0.1162579879,5,9e-05,6,34,0,raw/earnings22-test-epoch-5-freq_mask.jsonl
earnings22,test,freq_mask,pre_update,603,5,0.0728161007,0.0209340048,0.0486556962,0.1061637402,5,9e-05,6,34,0,raw/earnings22-test-epoch-5-freq_mask.jsonl
earnings22,test,freq_mask,pre_update,604,5,0.0806471705,0.0443485317,0.0528613776,0.1586039662,5,9e-05,6,34,0,raw/earnings22-test-epoch-5-freq_mask.jsonl
earnings22,test,freq_mask,pre_update,605,5,0.1024105415,0.0383198119,0.0516568795,0.1445606202,5,9e-05,6,34,0,raw/earnings22-test-epoch-5-freq_mask.jsonl
earnings22,test,freq_mask,pre_update,606,5,0.0685695402,0.0182627080,0.0467415936,0.0854595751,5,9e-05,6,34,0,raw/earnings22-test-epoch-5-freq_mask.jsonl
earnings22,test,freq_mask,pre_update,607,5,0.0777845979,0.0187324175,0.0540753976,0.0966782346,5,9e-05,6,34,0,raw/earnings22-test-epoch-5-freq_mask.jsonl
earnings22,test,freq_mask,pre_update,608,5,0.0869933948,0.0215494945,0.0605528727,0.1139428765,5,9e-05,6,34,0,raw/earnings22-test-epoch-5-freq_mask.jsonl
earnings22,test,freq_mask,pre_update,609,5,0.0929546505,0.0345541678,0.0600828230,0.1353503615,5,9e-05,6,34,0,raw/earnings22-test-epoch-5-freq_mask.jsonl
earnings22,test,freq_mask,pre_update,610,5,0.0806906469,0.0383675489,0.0428852513,0.1379919499,5,9e-05,6,34,0,raw/earnings22-test-epoch-5-freq_mask.jsonl
earnings22,test,freq_mask,pre_update,611,5,0.0853686929,0.0143406721,0.0735485777,0.1103566140,5,9e-05,6,34,0,raw/earnings22-test-epoch-5-freq_mask.jsonl
earnings22,test,freq_mask,pre_update,612,5,0.0821914926,0.0287136689,0.0590087324,0.1281721741,5,9e-05,6,34,0,raw/earnings22-test-epoch-5-freq_mask.jsonl
earnings22,test,freq_mask,pre_update,613,5,0.0702689216,0.0081283499,0.0598690882,0.0799780339,5,9e-05,6,34,0,raw/earnings22-test-epoch-5-freq_mask.jsonl
earnings22,test,freq_mask,pre_update,614,5,0.0836827658,0.0243873690,0.0543455295,0.1198765188,5,9e-05,6,34,0,raw/earnings22-test-epoch-5-freq_mask.jsonl
earnings22,test,freq_mask,pre_update,615,4,0.0765353525,0.0350395416,0.0480321944,0.1253877729,5,9e-05,6,34,0,raw/earnings22-test-epoch-5-freq_mask.jsonl
earnings22,test,freq_mask,pre_update,616,4,0.0912928097,0.0214315941,0.0655978173,0.1116655916,5,9e-05,6,34,0,raw/earnings22-test-epoch-5-freq_mask.jsonl
earnings22,test,freq_mask,pre_update,617,4,0.0845165309,0.0301873079,0.0646668300,0.1288700998,5,9e-05,6,34,0,raw/earnings22-test-epoch-5-freq_mask.jsonl
earnings22,test,freq_mask,pre_update,618,4,0.1037453515,0.0415866857,0.0564529113,0.1394260079,5,9e-05,6,34,0,raw/earnings22-test-epoch-5-freq_mask.jsonl
earnings22,test,freq_mask,pre_update,619,4,0.0940554682,0.0461380411,0.0650267303,0.1629551798,5,9e-05,6,34,0,raw/earnings22-test-epoch-5-freq_mask.jsonl
earnings22,test,freq_mask,pre_update,620,4,0.0705750715,0.0178540266,0.0501478091,0.0936533809,5,9e-05,6,34,0,raw/earnings22-test-epoch-5-freq_mask.jsonl
earnings22,test,freq_mask,pre_update,621,4,0.0927860988,0.0477213756,0.0438959673,0.1348594725,5,9e-05,6,34,0,raw/earnings22-test-epoch-5-freq_mask.jsonl
earnings22,test,freq_mask,pre_update,622,4,0.0952887684,0.0240835397,0.0727486759,0.1227045655,5,9e-05,6,34,0,raw/earnings22-test-epoch-5-freq_mask.jsonl
earnings22,test,freq_mask,pre_update,623,4,0.0984281078,0.0355053369,0.0625703409,0.1382944584,5,9e-05,6,34,0,raw/earnings22-test-epoch-5-freq_mask.jsonl
earnings22,test,freq_mask,pre_update,624,4,0.0969862752,0.0214229504,0.0764236748,0.1230701506,5,9e-05,6,34,0,raw/earnings22-test-epoch-5-freq_mask.jsonl
earnings22,test,freq_mask,pre_update,625,4,0.0754579585,0.0090133914,0.0690461844,0.0887862518,5,9e-05,6,34,0,raw/earnings22-test-epoch-5-freq_mask.jsonl
earnings22,test,freq_mask,pre_update,626,4,0.0853676805,0.0412328238,0.0509183668,0.1452585310,5,9e-05,6,34,0,raw/earnings22-test-epoch-5-freq_mask.jsonl
earnings22,test,freq_mask,pre_update,627,4,0.1030580923,0.0354388729,0.0702360868,0.1469536722,5,9e-05,6,34,0,raw/earnings22-test-epoch-5-freq_mask.jsonl
earnings22,test,freq_mask,pre_update,628,4,0.1004237216,0.0250654184,0.0754370689,0.1315894723,5,9e-05,6,34,0,raw/earnings22-test-epoch-5-freq_mask.jsonl
earnings22,test,freq_mask,pre_update,629,4,0.0857954249,0.0372717941,0.0524628013,0.1277219653,5,9e-05,6,34,0,raw/earnings22-test-epoch-5-freq_mask.jsonl
earnings22,test,freq_mask,pre_update,630,4,0.0981392339,0.0401213004,0.0638083965,0.1414745152,5,9e-05,6,34,0,raw/earnings22-test-epoch-5-freq_mask.jsonl
earnings22,test,freq_mask,pre_update,631,4,0.0797017384,0.0339114904,0.0566653870,0.1297945678,5,9e-05,6,34,0,raw/earnings22-test-epoch-5-freq_mask.jsonl
earnings22,test,freq_mask,pre_update,632,4,0.0989889475,0.0477393141,0.0466315337,0.1462758183,5,9e-05,6,34,0,raw/earnings22-test-epoch-5-freq_mask.jsonl
earnings22,test,freq_mask,pre_update,633,4,0.0902078720,0.0344563185,0.0597649626,0.1349138916,5,9e-05,6,34,0,raw/earnings22-test-epoch-5-freq_mask.jsonl
earnings22,test,freq_mask,pre_update,634,4,0.0833567847,0.0260975786,0.0549857467,0.1182222590,5,9e-05,6,34,0,raw/earnings22-test-epoch-5-freq_mask.jsonl
earnings22,test,freq_mask,pre_update,635,4,0.0935234837,0.0429628253,0.0472740531,0.1478055120,5,9e-05,6,34,0,raw/earnings22-test-epoch-5-freq_mask.jsonl
earnings22,test,freq_mask,pre_update,636,4,0.0730440747,0.0151998547,0.0566979498,0.0934097171,5,9e-05,6,34,0,raw/earnings22-test-epoch-5-freq_mask.jsonl
earnings22,test,freq_mask,pre_update,637,4,0.0791973621,0.0281701478,0.0585069805,0.1201592162,5,9e-05,6,34,0,raw/earnings22-test-epoch-5-freq_mask.jsonl
earnings22,test,freq_mask,pre_update,638,4,0.0798047949,0.0227156440,0.0585636571,0.1074252874,5,9e-05,6,34,0,raw/earnings22-test-epoch-5-freq_mask.jsonl
earnings22,test,freq_mask,pre_update,639,4,0.0778185669,0.0272156163,0.0540149659,0.1169040576,5,9e-05,6,34,0,raw/earnings22-test-epoch-5-freq_mask.jsonl
earnings22,test,freq_mask,pre_update,640,4,0.0847547995,0.0340947286,0.0534041896,0.1198670492,5,9e-05,6,34,0,raw/earnings22-test-epoch-5-freq_mask.jsonl
earnings22,test,freq_mask,pre_update,641,4,0.0836655367,0.0336790874,0.0509575456,0.1307640076,5,9e-05,6,34,0,raw/earnings22-test-epoch-5-freq_mask.jsonl
earnings22,test,freq_mask,pre_update,642,4,0.0726745939,0.0255249441,0.0461633690,0.1057117432,5,9e-05,6,34,0,raw/earnings22-test-epoch-5-freq_mask.jsonl
earnings22,test,freq_mask,pre_update,643,4,0.0766958799,0.0141760152,0.0663796738,0.0966802388,5,9e-05,6,34,0,raw/earnings22-test-epoch-5-freq_mask.jsonl
earnings22,test,freq_mask,pre_update,644,4,0.0689458195,0.0123789755,0.0538966358,0.0833441764,5,9e-05,6,34,0,raw/earnings22-test-epoch-5-freq_mask.jsonl
earnings22,test,freq_mask,pre_update,645,4,0.0737519739,0.0140172020,0.0597340725,0.0928265005,5,9e-05,6,34,0,raw/earnings22-test-epoch-5-freq_mask.jsonl
earnings22,test,freq_mask,pre_update,646,4,0.0878034178,0.0437538006,0.0551001653,0.1523523331,5,9e-05,6,34,0,raw/earnings22-test-epoch-5-freq_mask.jsonl
earnings22,test,freq_mask,pre_update,647,4,0.0929183681,0.0289056547,0.0624133274,0.1316453815,5,9e-05,6,34,0,raw/earnings22-test-epoch-5-freq_mask.jsonl
earnings22,test,freq_mask,pre_update,648,4,0.0740821306,0.0218338161,0.0536692664,0.1049948335,5,9e-05,6,34,0,raw/earnings22-test-epoch-5-freq_mask.jsonl
earnings22,test,freq_mask,pre_update,649,4,0.1065337155,0.0404057046,0.0702513829,0.1511343718,5,9e-05,6,34,0,raw/earnings22-test-epoch-5-freq_mask.jsonl
earnings22,test,freq_mask,pre_update,650,4,0.0945511498,0.0154484650,0.0728776753,0.1067644209,5,9e-05,6,34,0,raw/earnings22-test-epoch-5-freq_mask.jsonl
earnings22,test,freq_mask,pre_update,651,4,0.0764908660,0.0131479891,0.0609186366,0.0901180208,5,9e-05,6,34,0,raw/earnings22-test-epoch-5-freq_mask.jsonl
earnings22,test,freq_mask,pre_update,652,4,0.0861700270,0.0311120904,0.0645865947,0.1323695779,5,9e-05,6,34,0,raw/earnings22-test-epoch-5-freq_mask.jsonl
earnings22,test,freq_mask,pre_update,653,4,0.0785749825,0.0221526293,0.0493557639,0.1030523032,5,9e-05,6,34,0,raw/earnings22-test-epoch-5-freq_mask.jsonl
earnings22,test,freq_mask,pre_update,654,4,0.0684199743,0.0120418214,0.0571910366,0.0789479911,5,9e-05,6,34,0,raw/earnings22-test-epoch-5-freq_mask.jsonl
earnings22,test,freq_mask,pre_update,655,4,0.0766811930,0.0134502243,0.0647111163,0.0956211165,5,9e-05,6,34,0,raw/earnings22-test-epoch-5-freq_mask.jsonl
earnings22,test,freq_mask,pre_update,656,4,0.0902564805,0.0254744806,0.0591815412,0.1195072681,5,9e-05,6,34,0,raw/earnings22-test-epoch-5-freq_mask.jsonl
earnings22,test,freq_mask,pre_update,657,4,0.0873937262,0.0504480103,0.0595583878,0.1628587842,5,9e-05,6,34,0,raw/earnings22-test-epoch-5-freq_mask.jsonl
earnings22,test,freq_mask,pre_update,658,4,0.0935521536,0.0389283515,0.0555123985,0.1392440200,5,9e-05,6,34,0,raw/earnings22-test-epoch-5-freq_mask.jsonl
earnings22,test,freq_mask,pre_update,659,4,0.0799242258,0.0361558861,0.0497137681,0.1323492676,5,9e-05,6,34,0,raw/earnings22-test-epoch-5-freq_mask.jsonl
earnings22,test,freq_mask,pre_update,660,4,0.0837050583,0.0211517497,0.0638968199,0.1102619469,5,9e-05,6,34,0,raw/earnings22-test-epoch-5-freq_mask.jsonl
earnings22,test,freq_mask,pre_update,661,4,0.0854139235,0.0442615027,0.0427501425,0.1471370310,5,9e-05,6,34,0,raw/earnings22-test-epoch-5-freq_mask.jsonl
earnings22,test,freq_mask,pre_update,662,4,0.0784785533,0.0282601457,0.0537901483,0.1186237335,5,9e-05,6,34,0,raw/earnings22-test-epoch-5-freq_mask.jsonl
earnings22,test,freq_mask,pre_update,663,4,0.0952184629,0.0407734722,0.0623845309,0.1482019573,5,9e-05,6,34,0,raw/earnings22-test-epoch-5-freq_mask.jsonl
earnings22,test,freq_mask,pre_update,664,4,0.0965181757,0.0241420766,0.0689291507,0.1205752641,5,9e-05,6,34,0,raw/earnings22-test-epoch-5-freq_mask.jsonl
earnings22,test,freq_mask,pre_update,665,4,0.0689170202,0.0180970510,0.0540162474,0.0941522717,5,9e-05,6,34,0,raw/earnings22-test-epoch-5-freq_mask.jsonl
earnings22,test,freq_mask,pre_update,666,4,0.0970393894,0.0499759488,0.0513474904,0.1452956796,5,9e-05,6,34,0,raw/earnings22-test-epoch-5-freq_mask.jsonl
earnings22,test,freq_mask,pre_update,667,4,0.0892251302,0.0323005538,0.0607234314,0.1308109462,5,9e-05,6,34,0,raw/earnings22-test-epoch-5-freq_mask.jsonl
earnings22,test,freq_mask,pre_update,668,4,0.0863661245,0.0284124463,0.0602476597,0.1242412180,5,9e-05,6,34,0,raw/earnings22-test-epoch-5-freq_mask.jsonl
earnings22,test,freq_mask,pre_update,669,4,0.0921886973,0.0327210595,0.0592610911,0.1241753623,5,9e-05,6,34,0,raw/earnings22-test-epoch-5-freq_mask.jsonl
earnings22,test,freq_mask,pre_update,670,4,0.0736722723,0.0212236321,0.0519924760,0.1020545438,5,9e-05,6,34,0,raw/earnings22-test-epoch-5-freq_mask.jsonl
earnings22,test,freq_mask,pre_update,671,4,0.0957638407,0.0315334159,0.0608511455,0.1339623034,5,9e-05,6,34,0,raw/earnings22-test-epoch-5-freq_mask.jsonl
earnings22,test,freq_mask,pre_update,672,4,0.0934528857,0.0384673004,0.0557664260,0.1387398243,5,9e-05,6,34,0,raw/earnings22-test-epoch-5-freq_mask.jsonl
earnings22,test,freq_mask,pre_update,673,4,0.0784748988,0.0264714762,0.0570133589,0.1170215011,5,9e-05,6,34,0,raw/earnings22-test-epoch-5-freq_mask.jsonl
earnings22,test,freq_mask,pre_update,674,4,0.0791882956,0.0368942498,0.0538084507,0.1337813735,5,9e-05,6,34,0,raw/earnings22-test-epoch-5-freq_mask.jsonl
earnings22,test,freq_mask,pre_update,675,4,0.0926612429,0.0389009136,0.0525416136,0.1274822056,5,9e-05,6,34,0,raw/earnings22-test-epoch-5-freq_mask.jsonl
earnings22,test,freq_mask,pre_update,676,4,0.0791167766,0.0282682641,0.0555073693,0.1159599051,5,9e-05,6,34,0,raw/earnings22-test-epoch-5-freq_mask.jsonl
earnings22,test,freq_mask,pre_update,677,4,0.0789567539,0.0233418452,0.0593525730,0.1120850444,5,9e-05,6,34,0,raw/earnings22-test-epoch-5-freq_mask.jsonl
earnings22,test,freq_mask,pre_update,678,4,0.0958961118,0.0303228412,0.0755884200,0.1403113157,5,9e-05,6,34,0,raw/earnings22-test-epoch-5-freq_mask.jsonl
earnings22,test,freq_mask,pre_update,679,4,0.0968868593,0.0468027990,0.0555564351,0.1640811563,5,9e-05,6,34,0,raw/earnings22-test-epoch-5-freq_mask.jsonl
earnings22,test,freq_mask,pre_update,680,4,0.0694225403,0.0181596648,0.0544331558,0.0917894840,5,9e-05,6,34,0,raw/earnings22-test-epoch-5-freq_mask.jsonl
earnings22,test,freq_mask,pre_update,681,4,0.0605099695,0.0108521423,0.0524594933,0.0758292526,5,9e-05,6,34,0,raw/earnings22-test-epoch-5-freq_mask.jsonl
earnings22,test,freq_mask,pre_update,682,4,0.1004138980,0.0284316479,0.0762810409,0.1403726935,5,9e-05,6,34,0,raw/earnings22-test-epoch-5-freq_mask.jsonl
earnings22,test,freq_mask,pre_update,683,4,0.1090674195,0.0351740858,0.0698668584,0.1473756433,5,9e-05,6,34,0,raw/earnings22-test-epoch-5-freq_mask.jsonl
earnings22,test,freq_mask,pre_update,684,4,0.0989716947,0.0281251028,0.0713463426,0.1355616599,5,9e-05,6,34,0,raw/earnings22-test-epoch-5-freq_mask.jsonl
earnings22,test,freq_mask,pre_update,685,4,0.0926239323,0.0263445796,0.0641711503,0.1179284751,5,9e-05,6,34,0,raw/earnings22-test-epoch-5-freq_mask.jsonl
earnings22,test,freq_mask,pre_update,686,4,0.0922251772,0.0160093942,0.0772925243,0.1140140444,5,9e-05,6,34,0,raw/earnings22-test-epoch-5-freq_mask.jsonl
earnings22,test,freq_mask,pre_update,687,4,0.0901728906,0.0226619482,0.0742755234,0.1233561262,5,9e-05,6,34,0,raw/earnings22-test-epoch-5-freq_mask.jsonl
earnings22,test,freq_mask,pre_update,688,4,0.0666552819,0.0125154404,0.0547620580,0.0836582780,5,9e-05,6,34,0,raw/earnings22-test-epoch-5-freq_mask.jsonl
earnings22,test,freq_mask,pre_update,689,4,0.0851130858,0.0220011905,0.0661245808,0.1089853346,5,9e-05,6,34,0,raw/earnings22-test-epoch-5-freq_mask.jsonl
earnings22,test,freq_mask,pre_update,690,4,0.0772980237,0.0248056890,0.0565334111,0.1097809970,5,9e-05,6,34,0,raw/earnings22-test-epoch-5-freq_mask.jsonl
earnings22,test,freq_mask,pre_update,691,4,0.1035353970,0.0283251591,0.0672885627,0.1337821633,5,9e-05,6,34,0,raw/earnings22-test-epoch-5-freq_mask.jsonl
earnings22,test,freq_mask,pre_update,692,4,0.0807430679,0.0276816424,0.0549167208,0.1087782085,5,9e-05,6,34,0,raw/earnings22-test-epoch-5-freq_mask.jsonl
earnings22,test,freq_mask,pre_update,693,4,0.0902784672,0.0366294129,0.0539480820,0.1337768883,5,9e-05,6,34,0,raw/earnings22-test-epoch-5-freq_mask.jsonl
earnings22,test,freq_mask,pre_update,694,4,0.0854835846,0.0362283427,0.0476776361,0.1240234673,5,9e-05,6,34,0,raw/earnings22-test-epoch-5-freq_mask.jsonl
earnings22,test,freq_mask,pre_update,695,4,0.0840794519,0.0352409048,0.0549035668,0.1275960803,5,9e-05,6,34,0,raw/earnings22-test-epoch-5-freq_mask.jsonl
earnings22,test,freq_mask,pre_update,696,4,0.0827810783,0.0382806187,0.0564381629,0.1388240159,5,9e-05,6,34,0,raw/earnings22-test-epoch-5-freq_mask.jsonl
earnings22,test,freq_mask,pre_update,697,4,0.0740336347,0.0161611559,0.0599145368,0.0954548717,5,9e-05,6,34,0,raw/earnings22-test-epoch-5-freq_mask.jsonl
earnings22,test,freq_mask,pre_update,698,4,0.0847972631,0.0154188847,0.0658596754,0.0994398445,5,9e-05,6,34,0,raw/earnings22-test-epoch-5-freq_mask.jsonl
earnings22,test,freq_mask,pre_update,699,4,0.1050931774,0.0383193844,0.0652424693,0.1497942209,5,9e-05,6,34,0,raw/earnings22-test-epoch-5-freq_mask.jsonl
earnings22,test,freq_mask,pre_update,700,4,0.0798106212,0.0262211455,0.0528218225,0.1124201044,5,9e-05,6,34,0,raw/earnings22-test-epoch-5-freq_mask.jsonl
earnings22,test,freq_mask,pre_update,701,4,0.0844224691,0.0348885993,0.0478138253,0.1309764087,5,9e-05,6,34,0,raw/earnings22-test-epoch-5-freq_mask.jsonl
earnings22,test,freq_mask,pre_update,702,4,0.0717554986,0.0176417675,0.0559507981,0.0935817510,5,9e-05,6,34,0,raw/earnings22-test-epoch-5-freq_mask.jsonl
earnings22,test,freq_mask,pre_update,703,4,0.0752086099,0.0088199995,0.0634246618,0.0831393600,5,9e-05,6,34,0,raw/earnings22-test-epoch-5-freq_mask.jsonl
earnings22,test,freq_mask,pre_update,704,4,0.0913224230,0.0344595160,0.0618643500,0.1313229501,5,9e-05,6,34,0,raw/earnings22-test-epoch-5-freq_mask.jsonl
earnings22,test,freq_mask,pre_update,705,4,0.0869610496,0.0444964481,0.0478560030,0.1284042299,5,9e-05,6,34,0,raw/earnings22-test-epoch-5-freq_mask.jsonl
earnings22,test,freq_mask,pre_update,706,4,0.0976741109,0.0431259750,0.0549628064,0.1412869096,5,9e-05,6,34,0,raw/earnings22-test-epoch-5-freq_mask.jsonl
earnings22,test,freq_mask,pre_update,707,4,0.0810578400,0.0296440874,0.0555114970,0.1210846528,5,9e-05,6,34,0,raw/earnings22-test-epoch-5-freq_mask.jsonl
earnings22,test,freq_mask,pre_update,708,4,0.0803501960,0.0209955171,0.0520697013,0.1019933075,5,9e-05,6,34,0,raw/earnings22-test-epoch-5-freq_mask.jsonl
earnings22,test,freq_mask,pre_update,709,4,0.0926400591,0.0379718070,0.0529427975,0.1289719641,5,9e-05,6,34,0,raw/earnings22-test-epoch-5-freq_mask.jsonl
earnings22,test,freq_mask,pre_update,710,4,0.0879612509,0.0305955044,0.0647286549,0.1329042912,5,9e-05,6,34,0,raw/earnings22-test-epoch-5-freq_mask.jsonl
earnings22,test,freq_mask,pre_update,711,4,0.0933957584,0.0458136041,0.0541259348,0.1571847796,5,9e-05,6,34,0,raw/earnings22-test-epoch-5-freq_mask.jsonl
earnings22,test,freq_mask,pre_update,712,4,0.0886893235,0.0244969381,0.0659551993,0.1190286651,5,9e-05,6,34,0,raw/earnings22-test-epoch-5-freq_mask.jsonl
earnings22,test,freq_mask,pre_update,713,4,0.0808268357,0.0285754595,0.0497020632,0.1176967919,5,9e-05,6,34,0,raw/earnings22-test-epoch-5-freq_mask.jsonl
earnings22,test,freq_mask,pre_update,714,4,0.0788061861,0.0231502715,0.0563503280,0.1014310122,5,9e-05,6,34,0,raw/earnings22-test-epoch-5-freq_mask.jsonl
earnings22,test,freq_mask,pre_update,715,4,0.0964700254,0.0405707260,0.0553696193,0.1369525790,5,9e-05,6,34,0,raw/earnings22-test-epoch-5-freq_mask.jsonl
earnings22,test,freq_mask,pre_update,716,4,0.0763181923,0.0285951676,0.0571196787,0.1185167581,5,9e-05,6,34,0,raw/earnings22-test-epoch-5-freq_mask.jsonl
earnings22,test,freq_mask,pre_update,717,4,0.0852370970,0.0328961257,0.0639464483,0.1342656463,5,9e-05,6,34,0,raw/earnings22-test-epoch-5-freq_mask.jsonl
earnings22,test,freq_mask,pre_update,718,4,0.0866083410,0.0163899955,0.0773337334,0.1111661866,5,9e-05,6,34,0,raw/earnings22-test-epoch-5-freq_mask.jsonl
earnings22,test,freq_mask,pre_update,719,4,0.0992699433,0.0263565574,0.0754657611,0.1296616197,5,9e-05,6,34,0,raw/earnings22-test-epoch-5-freq_mask.jsonl
earnings22,test,freq_mask,pre_update,720,4,0.0907204188,0.0329150198,0.0595231652,0.1289246827,5,9e-05,6,34,0,raw/earnings22-test-epoch-5-freq_mask.jsonl
earnings22,test,freq_mask,pre_update,721,4,0.0658622244,0.0088857579,0.0534478016,0.0743868798,5,9e-05,6,34,0,raw/earnings22-test-epoch-5-freq_mask.jsonl
earnings22,test,freq_mask,pre_update,722,4,0.0754802674,0.0227064421,0.0502552688,0.0987038314,5,9e-05,6,34,0,raw/earnings22-test-epoch-5-freq_mask.jsonl
earnings22,test,freq_mask,pre_update,723,4,0.0720333736,0.0271430089,0.0433655232,0.1083333045,5,9e-05,6,34,0,raw/earnings22-test-epoch-5-freq_mask.jsonl
earnings22,test,freq_mask,pre_update,724,4,0.0785272270,0.0380082670,0.0510753617,0.1347872019,5,9e-05,6,34,0,raw/earnings22-test-epoch-5-freq_mask.jsonl
earnings22,test,freq_mask,pre_update,725,4,0.0815897044,0.0333866852,0.0487356782,0.1112158746,5,9e-05,6,34,0,raw/earnings22-test-epoch-5-freq_mask.jsonl
earnings22,test,freq_mask,pre_update,726,4,0.0702650510,0.0272196265,0.0440688431,0.1044472381,5,9e-05,6,34,0,raw/earnings22-test-epoch-5-freq_mask.jsonl
earnings22,test,freq_mask,pre_update,727,4,0.0795723638,0.0380199224,0.0483306125,0.1265434474,5,9e-05,6,34,0,raw/earnings22-test-epoch-5-freq_mask.jsonl
earnings22,test,freq_mask,pre_update,728,4,0.0726422090,0.0114677345,0.0580078885,0.0826715678,5,9e-05,6,34,0,raw/earnings22-test-epoch-5-freq_mask.jsonl
earnings22,test,freq_mask,pre_update,729,4,0.0880943527,0.0244337791,0.0604491346,0.1193723381,5,9e-05,6,34,0,raw/earnings22-test-epoch-5-freq_mask.jsonl
earnings22,test,freq_mask,pre_update,730,4,0.0809977278,0.0274536423,0.0523758307,0.1166136563,5,9e-05,6,34,0,raw/earnings22-test-epoch-5-freq_mask.jsonl
earnings22,test,freq_mask,pre_update,731,4,0.0871327352,0.0410179091,0.0483557060,0.1443906277,5,9e-05,6,34,0,raw/earnings22-test-epoch-5-freq_mask.jsonl
earnings22,test,freq_mask,pre_update,732,4,0.0798605718,0.0179635668,0.0649913624,0.1051059812,5,9e-05,6,34,0,raw/earnings22-test-epoch-5-freq_mask.jsonl
earnings22,test,freq_mask,pre_update,733,4,0.0676305583,0.0170207462,0.0518759675,0.0863466710,5,9e-05,6,34,0,raw/earnings22-test-epoch-5-freq_mask.jsonl
earnings22,test,freq_mask,pre_update,734,4,0.0780454315,0.0349898599,0.0455244184,0.1269096732,5,9e-05,6,34,0,raw/earnings22-test-epoch-5-freq_mask.jsonl
earnings22,test,freq_mask,pre_update,735,4,0.0883056391,0.0340075504,0.0425977558,0.1247377172,5,9e-05,6,34,0,raw/earnings22-test-epoch-5-freq_mask.jsonl
earnings22,test,freq_mask,pre_update,736,4,0.1120457724,0.0418575433,0.0550192147,0.1525481641,5,9e-05,6,34,0,raw/earnings22-test-epoch-5-freq_mask.jsonl
earnings22,test,freq_mask,pre_update,737,4,0.0683581233,0.0199951947,0.0411467180,0.0864749849,5,9e-05,6,34,0,raw/earnings22-test-epoch-5-freq_mask.jsonl
earnings22,test,freq_mask,pre_update,738,4,0.0838603526,0.0372080066,0.0448317006,0.1342395693,5,9e-05,6,34,0,raw/earnings22-test-epoch-5-freq_mask.jsonl
earnings22,test,freq_mask,pre_update,739,4,0.0848362166,0.0119150989,0.0739487857,0.1016598120,5,9e-05,6,34,0,raw/earnings22-test-epoch-5-freq_mask.jsonl
earnings22,test,freq_mask,pre_update,740,4,0.0895966999,0.0309083091,0.0720095709,0.1358909309,5,9e-05,6,34,0,raw/earnings22-test-epoch-5-freq_mask.jsonl
earnings22,test,freq_mask,pre_update,741,4,0.0914609302,0.0265316295,0.0647854209,0.1180765927,5,9e-05,6,34,0,raw/earnings22-test-epoch-5-freq_mask.jsonl
earnings22,test,freq_mask,pre_update,742,4,0.1073460951,0.0478965059,0.0653409511,0.1572408378,5,9e-05,6,34,0,raw/earnings22-test-epoch-5-freq_mask.jsonl
earnings22,test,freq_mask,pre_update,743,4,0.0883797091,0.0460899797,0.0494110510,0.1451157331,5,9e-05,6,34,0,raw/earnings22-test-epoch-5-freq_mask.jsonl
earnings22,test,freq_mask,pre_update,744,4,0.1024559159,0.0332504260,0.0666994527,0.1331746280,5,9e-05,6,34,0,raw/earnings22-test-epoch-5-freq_mask.jsonl
earnings22,test,freq_mask,pre_update,745,4,0.0849137250,0.0303939634,0.0429688022,0.1121147722,5,9e-05,6,34,0,raw/earnings22-test-epoch-5-freq_mask.jsonl
earnings22,test,freq_mask,pre_update,746,4,0.0825035367,0.0359404766,0.0546818823,0.1346188188,5,9e-05,6,34,0,raw/earnings22-test-epoch-5-freq_mask.jsonl
earnings22,test,freq_mask,pre_update,747,4,0.0857120510,0.0383313556,0.0533237830,0.1399286538,5,9e-05,6,34,0,raw/earnings22-test-epoch-5-freq_mask.jsonl
earnings22,test,freq_mask,pre_update,748,4,0.0673869252,0.0223150056,0.0493980050,0.0973228514,5,9e-05,6,34,0,raw/earnings22-test-epoch-5-freq_mask.jsonl
earnings22,test,freq_mask,pre_update,749,4,0.0835280484,0.0273709634,0.0555170290,0.1177925915,5,9e-05,6,34,0,raw/earnings22-test-epoch-5-freq_mask.jsonl
earnings22,test,freq_mask,pre_update,750,4,0.1006210949,0.0512166430,0.0442312360,0.1448289454,5,9e-05,6,34,0,raw/earnings22-test-epoch-5-freq_mask.jsonl
earnings22,test,freq_mask,pre_update,751,4,0.0707846936,0.0376824478,0.0333078876,0.1227095500,5,9e-05,6,34,0,raw/earnings22-test-epoch-5-freq_mask.jsonl
earnings22,test,freq_mask,pre_update,752,4,0.0818969067,0.0451424726,0.0423170216,0.1421774328,5,9e-05,6,34,0,raw/earnings22-test-epoch-5-freq_mask.jsonl
earnings22,test,freq_mask,pre_update,753,4,0.0802941825,0.0432162645,0.0435361713,0.1287402660,5,9e-05,6,34,0,raw/earnings22-test-epoch-5-freq_mask.jsonl
earnings22,test,freq_mask,pre_update,754,4,0.0791552700,0.0244798714,0.0622339770,0.1143604219,5,9e-05,6,34,0,raw/earnings22-test-epoch-5-freq_mask.jsonl
earnings22,test,freq_mask,pre_update,755,4,0.0775288995,0.0298303698,0.0467168838,0.1068277285,5,9e-05,6,34,0,raw/earnings22-test-epoch-5-freq_mask.jsonl
earnings22,test,freq_mask,pre_update,756,4,0.0878167599,0.0220835049,0.0681474060,0.1116671562,5,9e-05,6,34,0,raw/earnings22-test-epoch-5-freq_mask.jsonl
earnings22,test,freq_mask,pre_update,757,4,0.0922932504,0.0328819347,0.0608867370,0.1312207282,5,9e-05,6,34,0,raw/earnings22-test-epoch-5-freq_mask.jsonl
earnings22,test,freq_mask,pre_update,758,4,0.0972509887,0.0408911271,0.0568878278,0.1517536193,5,9e-05,6,34,0,raw/earnings22-test-epoch-5-freq_mask.jsonl
earnings22,test,freq_mask,pre_update,759,4,0.0873462455,0.0295348482,0.0580249466,0.1177860051,5,9e-05,6,34,0,raw/earnings22-test-epoch-5-freq_mask.jsonl
earnings22,test,freq_mask,pre_update,760,4,0.0735291447,0.0304925259,0.0511955656,0.1160910651,5,9e-05,6,34,0,raw/earnings22-test-epoch-5-freq_mask.jsonl
earnings22,test,freq_mask,pre_update,761,4,0.0707040429,0.0062019182,0.0640465841,0.0761218518,5,9e-05,6,34,0,raw/earnings22-test-epoch-5-freq_mask.jsonl
earnings22,test,freq_mask,pre_update,762,4,0.0666540861,0.0116737535,0.0494534820,0.0749274343,5,9e-05,6,34,0,raw/earnings22-test-epoch-5-freq_mask.jsonl
earnings22,test,freq_mask,pre_update,763,4,0.0925412271,0.0385939705,0.0510451421,0.1340404153,5,9e-05,6,34,0,raw/earnings22-test-epoch-5-freq_mask.jsonl
earnings22,test,freq_mask,pre_update,764,4,0.0829976900,0.0238786744,0.0488252975,0.1003679633,5,9e-05,6,34,0,raw/earnings22-test-epoch-5-freq_mask.jsonl
earnings22,test,freq_mask,pre_update,765,4,0.0761748403,0.0158175750,0.0573014095,0.0954601467,5,9e-05,6,34,0,raw/earnings22-test-epoch-5-freq_mask.jsonl
earnings22,test,freq_mask,pre_update,766,4,0.0683657974,0.0169184649,0.0554900616,0.0918229222,5,9e-05,6,34,0,raw/earnings22-test-epoch-5-freq_mask.jsonl
earnings22,test,freq_mask,pre_update,767,4,0.0916362936,0.0418815879,0.0487962328,0.1340863854,5,9e-05,6,34,0,raw/earnings22-test-epoch-5-freq_mask.jsonl
earnings22,test,freq_mask,pre_update,768,4,0.0864850478,0.0283991986,0.0530863442,0.1154294163,5,9e-05,6,34,0,raw/earnings22-test-epoch-5-freq_mask.jsonl
earnings22,test,freq_mask,pre_update,769,4,0.0728197973,0.0071663533,0.0658918619,0.0811339170,5,9e-05,6,34,0,raw/earnings22-test-epoch-5-freq_mask.jsonl
earnings22,test,freq_mask,pre_update,770,4,0.1067993622,0.0398313519,0.0714459047,0.1445161402,5,9e-05,6,34,0,raw/earnings22-test-epoch-5-freq_mask.jsonl
earnings22,test,freq_mask,pre_update,771,4,0.0719778612,0.0259223260,0.0527688488,0.1101887822,5,9e-05,6,34,0,raw/earnings22-test-epoch-5-freq_mask.jsonl
earnings22,test,freq_mask,pre_update,772,4,0.0800723191,0.0300178516,0.0607994124,0.1248581186,5,9e-05,6,34,0,raw/earnings22-test-epoch-5-freq_mask.jsonl
earnings22,test,freq_mask,pre_update,773,4,0.0905020153,0.0369542151,0.0498384722,0.1353851408,5,9e-05,6,34,0,raw/earnings22-test-epoch-5-freq_mask.jsonl
earnings22,test,freq_mask,pre_update,774,4,0.0845619552,0.0211017452,0.0634122491,0.1038474068,5,9e-05,6,34,0,raw/earnings22-test-epoch-5-freq_mask.jsonl
earnings22,test,freq_mask,pre_update,775,4,0.0907749319,0.0306810593,0.0540145524,0.1195709854,5,9e-05,6,34,0,raw/earnings22-test-epoch-5-freq_mask.jsonl
earnings22,test,freq_mask,pre_update,776,4,0.0940033738,0.0310353580,0.0671844035,0.1323330700,5,9e-05,6,34,0,raw/earnings22-test-epoch-5-freq_mask.jsonl
earnings22,test,freq_mask,pre_update,777,4,0.0668337764,0.0050893913,0.0599025302,0.0715366155,5,9e-05,6,34,0,raw/earnings22-test-epoch-5-freq_mask.jsonl
earnings22,test,freq_mask,pre_update,778,4,0.0912860222,0.0315321196,0.0486355349,0.1185828894,5,9e-05,6,34,0,raw/earnings22-test-epoch-5-freq_mask.jsonl
earnings22,test,freq_mask,pre_update,779,4,0.0772662023,0.0209383244,0.0544356667,0.1033428311,5,9e-05,6,34,0,raw/earnings22-test-epoch-5-freq_mask.jsonl
earnings22,test,freq_mask,pre_update,780,4,0.0962627437,0.0338777117,0.0662974417,0.1274213940,5,9e-05,6,34,0,raw/earnings22-test-epoch-5-freq_mask.jsonl
earnings22,test,freq_mask,pre_update,781,4,0.0835255897,0.0467021135,0.0469970480,0.1514862180,5,9e-05,6,34,0,raw/earnings22-test-epoch-5-freq_mask.jsonl
earnings22,test,freq_mask,pre_update,782,4,0.0675591473,0.0206313290,0.0527639166,0.0970886797,5,9e-05,6,34,0,raw/earnings22-test-epoch-5-freq_mask.jsonl
earnings22,test,freq_mask,pre_update,783,4,0.0882097417,0.0380294643,0.0499192812,0.1401049644,5,9e-05,6,34,0,raw/earnings22-test-epoch-5-freq_mask.jsonl
earnings22,test,freq_mask,pre_update,784,4,0.0701016039,0.0091180969,0.0615046769,0.0816891268,5,9e-05,6,34,0,raw/earnings22-test-epoch-5-freq_mask.jsonl
earnings22,test,freq_mask,pre_update,785,4,0.0752425995,0.0355410149,0.0458101332,0.1237988323,5,9e-05,6,34,0,raw/earnings22-test-epoch-5-freq_mask.jsonl
earnings22,test,freq_mask,pre_update,786,4,0.0834682826,0.0310710450,0.0554085746,0.1121639907,5,9e-05,6,34,0,raw/earnings22-test-epoch-5-freq_mask.jsonl
earnings22,test,freq_mask,pre_update,787,4,0.0834606774,0.0290273276,0.0662043840,0.1266005486,5,9e-05,6,34,0,raw/earnings22-test-epoch-5-freq_mask.jsonl
earnings22,test,freq_mask,pre_update,788,4,0.0581330992,0.0203119618,0.0433614030,0.0874056667,5,9e-05,6,34,0,raw/earnings22-test-epoch-5-freq_mask.jsonl
earnings22,test,freq_mask,pre_update,789,4,0.0770786451,0.0404013983,0.0379629694,0.1140471697,5,9e-05,6,34,0,raw/earnings22-test-epoch-5-freq_mask.jsonl
earnings22,test,freq_mask,pre_update,790,4,0.0703337379,0.0456765287,0.0382373482,0.1366923153,5,9e-05,6,34,0,raw/earnings22-test-epoch-5-freq_mask.jsonl
earnings22,test,freq_mask,pre_update,791,4,0.0602667080,0.0127580015,0.0499776825,0.0778327435,5,9e-05,6,34,0,raw/earnings22-test-epoch-5-freq_mask.jsonl
earnings22,test,freq_mask,pre_update,792,4,0.0697685191,0.0250775226,0.0424656160,0.1026504636,5,9e-05,6,34,0,raw/earnings22-test-epoch-5-freq_mask.jsonl
earnings22,test,freq_mask,pre_update,793,4,0.0975850616,0.0426956607,0.0431492031,0.1392772496,5,9e-05,6,34,0,raw/earnings22-test-epoch-5-freq_mask.jsonl
earnings22,test,freq_mask,pre_update,794,4,0.0713362526,0.0252220169,0.0490878820,0.1041599065,5,9e-05,6,34,0,raw/earnings22-test-epoch-5-freq_mask.jsonl
earnings22,test,freq_mask,pre_update,795,4,0.0875631170,0.0393320357,0.0465391651,0.1225143224,5,9e-05,6,34,0,raw/earnings22-test-epoch-5-freq_mask.jsonl
earnings22,test,freq_mask,pre_update,796,4,0.0606017821,0.0077778036,0.0518331118,0.0705306530,5,9e-05,6,34,0,raw/earnings22-test-epoch-5-freq_mask.jsonl
earnings22,test,freq_mask,pre_update,797,4,0.0813807417,0.0210028835,0.0551689863,0.1065950617,5,9e-05,6,34,0,raw/earnings22-test-epoch-5-freq_mask.jsonl
earnings22,test,freq_mask,pre_update,798,4,0.0888611339,0.0418780605,0.0450529829,0.1285869032,5,9e-05,6,34,0,raw/earnings22-test-epoch-5-freq_mask.jsonl
earnings22,test,freq_mask,pre_update,799,4,0.0753223319,0.0198333743,0.0543147847,0.1011911929,5,9e-05,6,34,0,raw/earnings22-test-epoch-5-freq_mask.jsonl
earnings22,test,freq_mask,pre_update,800,4,0.0748669058,0.0376848312,0.0506754965,0.1310927570,5,9e-05,6,34,0,raw/earnings22-test-epoch-5-freq_mask.jsonl
earnings22,test,freq_mask,pre_update,801,4,0.0582957072,0.0089119102,0.0487140603,0.0682142526,5,9e-05,6,34,0,raw/earnings22-test-epoch-5-freq_mask.jsonl
earnings22,test,freq_mask,pre_update,802,4,0.0800972562,0.0404044651,0.0357631072,0.1282661110,5,9e-05,6,34,0,raw/earnings22-test-epoch-5-freq_mask.jsonl
earnings22,test,freq_mask,pre_update,803,4,0.0713262102,0.0243101791,0.0493743084,0.1059805453,5,9e-05,6,34,0,raw/earnings22-test-epoch-5-freq_mask.jsonl
earnings22,test,freq_mask,pre_update,804,4,0.0743837338,0.0344781335,0.0444687083,0.1239028275,5,9e-05,6,34,0,raw/earnings22-test-epoch-5-freq_mask.jsonl
earnings22,test,freq_mask,pre_update,805,4,0.1044645254,0.0493350708,0.0580179244,0.1482010186,5,9e-05,6,34,0,raw/earnings22-test-epoch-5-freq_mask.jsonl
earnings22,test,freq_mask,pre_update,806,4,0.0629493520,0.0106234178,0.0509410948,0.0766945928,5,9e-05,6,34,0,raw/earnings22-test-epoch-5-freq_mask.jsonl
earnings22,test,freq_mask,pre_update,807,4,0.0721366489,0.0183793952,0.0544229485,0.0978405997,5,9e-05,6,34,0,raw/earnings22-test-epoch-5-freq_mask.jsonl
earnings22,test,freq_mask,pre_update,808,4,0.0671905093,0.0162065853,0.0462424532,0.0810373873,5,9e-05,6,34,0,raw/earnings22-test-epoch-5-freq_mask.jsonl
earnings22,test,freq_mask,pre_update,809,4,0.0621009367,0.0043325517,0.0584690534,0.0683509260,5,9e-05,6,34,0,raw/earnings22-test-epoch-5-freq_mask.jsonl
earnings22,test,freq_mask,pre_update,810,4,0.0779580800,0.0435462146,0.0421929732,0.1374967992,5,9e-05,6,34,0,raw/earnings22-test-epoch-5-freq_mask.jsonl
earnings22,test,freq_mask,pre_update,811,4,0.0682854913,0.0238748276,0.0450093374,0.1016710997,5,9e-05,6,34,0,raw/earnings22-test-epoch-5-freq_mask.jsonl
earnings22,test,freq_mask,pre_update,812,4,0.0843159836,0.0363219279,0.0382762477,0.1180201843,5,9e-05,6,34,0,raw/earnings22-test-epoch-5-freq_mask.jsonl
earnings22,test,freq_mask,pre_update,813,4,0.0593906175,0.0254962832,0.0345026553,0.0949754417,5,9e-05,6,34,0,raw/earnings22-test-epoch-5-freq_mask.jsonl
earnings22,test,freq_mask,pre_update,814,4,0.0645822790,0.0106000025,0.0517970771,0.0777257085,5,9e-05,6,34,0,raw/earnings22-test-epoch-5-freq_mask.jsonl
earnings22,test,freq_mask,pre_update,815,4,0.0876952838,0.0299872980,0.0580171645,0.1176163778,5,9e-05,6,34,0,raw/earnings22-test-epoch-5-freq_mask.jsonl
earnings22,test,freq_mask,pre_update,816,4,0.0861924049,0.0248575752,0.0598086119,0.1137578115,5,9e-05,6,34,0,raw/earnings22-test-epoch-5-freq_mask.jsonl
earnings22,test,freq_mask,pre_update,817,4,0.0788307637,0.0468264928,0.0444354340,0.1473925710,5,9e-05,6,34,0,raw/earnings22-test-epoch-5-freq_mask.jsonl
earnings22,test,freq_mask,pre_update,818,4,0.0662006829,0.0208341499,0.0383864045,0.0885424167,5,9e-05,6,34,0,raw/earnings22-test-epoch-5-freq_mask.jsonl
earnings22,test,freq_mask,pre_update,819,4,0.0697059883,0.0256651481,0.0460058041,0.1028803214,5,9e-05,6,34,0,raw/earnings22-test-epoch-5-freq_mask.jsonl
earnings22,test,freq_mask,pre_update,820,4,0.0791097321,0.0366530587,0.0479923785,0.1305344552,5,9e-05,6,34,0,raw/earnings22-test-epoch-5-freq_mask.jsonl
earnings22,test,freq_mask,pre_update,821,4,0.0797952414,0.0321078886,0.0490387417,0.1112332568,5,9e-05,6,34,0,raw/earnings22-test-epoch-5-freq_mask.jsonl
earnings22,test,freq_mask,pre_update,822,4,0.0734107848,0.0341425935,0.0454489291,0.1221372038,5,9e-05,6,34,0,raw/earnings22-test-epoch-5-freq_mask.jsonl
earnings22,test,freq_mask,pre_update,823,4,0.0595048182,0.0078706857,0.0520422757,0.0680404007,5,9e-05,6,34,0,raw/earnings22-test-epoch-5-freq_mask.jsonl
earnings22,test,freq_mask,pre_update,824,4,0.0830055699,0.0328114440,0.0559054278,0.1222447306,5,9e-05,6,34,0,raw/earnings22-test-epoch-5-freq_mask.jsonl
earnings22,test,freq_mask,pre_update,825,4,0.0630784491,0.0219810595,0.0456983484,0.0940605104,5,9e-05,6,34,0,raw/earnings22-test-epoch-5-freq_mask.jsonl
earnings22,test,freq_mask,pre_update,826,4,0.0622692024,0.0257732778,0.0387857892,0.0980609804,5,9e-05,6,34,0,raw/earnings22-test-epoch-5-freq_mask.jsonl
earnings22,test,freq_mask,pre_update,827,4,0.1085671075,0.0327726241,0.0800480098,0.1414939761,5,9e-05,6,34,0,raw/earnings22-test-epoch-5-freq_mask.jsonl
earnings22,test,freq_mask,pre_update,828,4,0.0815906953,0.0356886275,0.0439514741,0.1160827875,5,9e-05,6,34,0,raw/earnings22-test-epoch-5-freq_mask.jsonl
earnings22,test,freq_mask,pre_update,829,4,0.0838502264,0.0435648109,0.0545330383,0.1484742016,5,9e-05,6,34,0,raw/earnings22-test-epoch-5-freq_mask.jsonl
earnings22,test,freq_mask,pre_update,830,4,0.0625728453,0.0214024371,0.0434931107,0.0884189233,5,9e-05,6,34,0,raw/earnings22-test-epoch-5-freq_mask.jsonl
earnings22,test,freq_mask,pre_update,831,4,0.0768220890,0.0279833269,0.0487681329,0.1094717383,5,9e-05,6,34,0,raw/earnings22-test-epoch-5-freq_mask.jsonl
earnings22,test,freq_mask,pre_update,832,4,0.0837525781,0.0433576001,0.0447316840,0.1458031684,5,9e-05,6,34,0,raw/earnings22-test-epoch-5-freq_mask.jsonl
earnings22,test,freq_mask,pre_update,833,4,0.0707952352,0.0268689243,0.0475411303,0.1078239158,5,9e-05,6,34,0,raw/earnings22-test-epoch-5-freq_mask.jsonl
earnings22,test,freq_mask,pre_update,834,4,0.0786446854,0.0354632366,0.0486266315,0.1180586740,5,9e-05,6,34,0,raw/earnings22-test-epoch-5-freq_mask.jsonl
earnings22,test,freq_mask,pre_update,835,4,0.0740943141,0.0324852058,0.0431127250,0.1191306561,5,9e-05,6,34,0,raw/earnings22-test-epoch-5-freq_mask.jsonl
earnings22,test,freq_mask,pre_update,836,4,0.0898421183,0.0492169068,0.0470026284,0.1386930943,5,9e-05,6,34,0,raw/earnings22-test-epoch-5-freq_mask.jsonl
earnings22,test,freq_mask,pre_update,837,4,0.0695927581,0.0404165566,0.0359309129,0.1212865412,5,9e-05,6,34,0,raw/earnings22-test-epoch-5-freq_mask.jsonl
earnings22,test,freq_mask,pre_update,838,4,0.0773496106,0.0304966325,0.0494846851,0.1196654513,5,9e-05,6,34,0,raw/earnings22-test-epoch-5-freq_mask.jsonl
earnings22,test,freq_mask,pre_update,839,4,0.0679240357,0.0155505623,0.0550799035,0.0900288969,5,9e-05,6,34,0,raw/earnings22-test-epoch-5-freq_mask.jsonl
earnings22,test,freq_mask,pre_update,840,4,0.0786581142,0.0314258299,0.0586280935,0.1254405677,5,9e-05,6,34,0,raw/earnings22-test-epoch-5-freq_mask.jsonl
earnings22,test,freq_mask,pre_update,841,4,0.0839345977,0.0310046651,0.0442688540,0.1104793549,5,9e-05,6,34,0,raw/earnings22-test-epoch-5-freq_mask.jsonl
earnings22,test,freq_mask,pre_update,842,4,0.0834442684,0.0315027507,0.0548648573,0.1280295849,5,9e-05,6,34,0,raw/earnings22-test-epoch-5-freq_mask.jsonl
earnings22,test,freq_mask,pre_update,843,4,0.0777264861,0.0318514597,0.0422238447,0.1167631373,5,9e-05,6,34,0,raw/earnings22-test-epoch-5-freq_mask.jsonl
earnings22,test,freq_mask,pre_update,844,4,0.0810102560,0.0270386087,0.0516192392,0.1055402979,5,9e-05,6,34,0,raw/earnings22-test-epoch-5-freq_mask.jsonl
earnings22,test,freq_mask,pre_update,845,4,0.0992351416,0.0366085257,0.0657850504,0.1364328265,5,9e-05,6,34,0,raw/earnings22-test-epoch-5-freq_mask.jsonl
earnings22,test,freq_mask,pre_update,846,4,0.0748567758,0.0277943606,0.0475938991,0.1120741963,5,9e-05,6,34,0,raw/earnings22-test-epoch-5-freq_mask.jsonl
earnings22,test,freq_mask,pre_update,847,4,0.0834011286,0.0402195788,0.0435134917,0.1373335421,5,9e-05,6,34,0,raw/earnings22-test-epoch-5-freq_mask.jsonl
earnings22,test,freq_mask,pre_update,848,4,0.0903315125,0.0380057603,0.0458720513,0.1225007921,5,9e-05,6,34,0,raw/earnings22-test-epoch-5-freq_mask.jsonl
earnings22,test,freq_mask,pre_update,849,4,0.0906315036,0.0320776132,0.0639388934,0.1352026165,5,9e-05,6,34,0,raw/earnings22-test-epoch-5-freq_mask.jsonl
earnings22,test,freq_mask,pre_update,850,4,0.0957207605,0.0515086291,0.0499251857,0.1419010162,5,9e-05,6,34,0,raw/earnings22-test-epoch-5-freq_mask.jsonl
earnings22,test,freq_mask,pre_update,851,4,0.0807883255,0.0294026796,0.0433291793,0.1060724109,5,9e-05,6,34,0,raw/earnings22-test-epoch-5-freq_mask.jsonl
earnings22,test,freq_mask,pre_update,852,4,0.0924450681,0.0342082845,0.0575244725,0.1373970658,5,9e-05,6,34,0,raw/earnings22-test-epoch-5-freq_mask.jsonl
earnings22,test,freq_mask,pre_update,853,4,0.0822043531,0.0324571445,0.0447080210,0.1136061102,5,9e-05,6,34,0,raw/earnings22-test-epoch-5-freq_mask.jsonl
earnings22,test,freq_mask,pre_update,854,4,0.0807628706,0.0385995618,0.0467279702,0.1227912307,5,9e-05,6,34,0,raw/earnings22-test-epoch-5-freq_mask.jsonl
earnings22,test,freq_mask,pre_update,855,4,0.0741917025,0.0210823770,0.0605676919,0.1056259125,5,9e-05,6,34,0,raw/earnings22-test-epoch-5-freq_mask.jsonl
earnings22,test,freq_mask,pre_update,856,4,0.0660259370,0.0235338421,0.0483539477,0.1001271158,5,9e-05,6,34,0,raw/earnings22-test-epoch-5-freq_mask.jsonl
earnings22,test,freq_mask,pre_update,857,4,0.0870893747,0.0282935751,0.0552607775,0.1154847145,5,9e-05,6,34,0,raw/earnings22-test-epoch-5-freq_mask.jsonl
earnings22,test,freq_mask,pre_update,858,4,0.0857316190,0.0307766287,0.0541598387,0.1130219772,5,9e-05,6,34,0,raw/earnings22-test-epoch-5-freq_mask.jsonl
earnings22,test,freq_mask,pre_update,859,4,0.0756002702,0.0195766080,0.0612121671,0.1045096666,5,9e-05,6,34,0,raw/earnings22-test-epoch-5-freq_mask.jsonl
earnings22,test,freq_mask,pre_update,860,3,0.1057476451,0.0462646843,0.0537990853,0.1425122619,5,9e-05,6,34,0,raw/earnings22-test-epoch-5-freq_mask.jsonl
earnings22,test,freq_mask,pre_update,861,3,0.0817941974,0.0219033300,0.0606751293,0.1044054776,5,9e-05,6,34,0,raw/earnings22-test-epoch-5-freq_mask.jsonl
earnings22,test,freq_mask,pre_update,862,3,0.0827159372,0.0387350136,0.0394520275,0.1141752452,5,9e-05,6,34,0,raw/earnings22-test-epoch-5-freq_mask.jsonl
earnings22,test,freq_mask,pre_update,863,3,0.0686133628,0.0239597766,0.0509042069,0.0958760977,5,9e-05,6,34,0,raw/earnings22-test-epoch-5-freq_mask.jsonl
earnings22,test,freq_mask,pre_update,864,3,0.0933990106,0.0268310772,0.0625552610,0.1113515049,5,9e-05,6,34,0,raw/earnings22-test-epoch-5-freq_mask.jsonl
earnings22,test,freq_mask,pre_update,865,3,0.0818062151,0.0396992947,0.0547860488,0.1273860186,5,9e-05,6,34,0,raw/earnings22-test-epoch-5-freq_mask.jsonl
earnings22,test,freq_mask,pre_update,866,3,0.0799169193,0.0326716364,0.0454942584,0.1104978472,5,9e-05,6,34,0,raw/earnings22-test-epoch-5-freq_mask.jsonl
earnings22,test,freq_mask,pre_update,867,3,0.0874374534,0.0458902504,0.0576051474,0.1402803808,5,9e-05,6,34,0,raw/earnings22-test-epoch-5-freq_mask.jsonl
earnings22,test,freq_mask,pre_update,868,3,0.0973355832,0.0410933719,0.0531915165,0.1344788224,5,9e-05,6,34,0,raw/earnings22-test-epoch-5-freq_mask.jsonl
earnings22,test,freq_mask,pre_update,869,3,0.0907022419,0.0360775326,0.0532978214,0.1252874732,5,9e-05,6,34,0,raw/earnings22-test-epoch-5-freq_mask.jsonl
earnings22,test,freq_mask,pre_update,870,2,0.0915754698,0.0447556805,0.0599284247,0.1232225150,5,9e-05,6,34,0,raw/earnings22-test-epoch-5-freq_mask.jsonl
earnings22,test,freq_mask,pre_update,871,2,0.0700987931,0.0160933553,0.0587190725,0.0814785138,5,9e-05,6,34,0,raw/earnings22-test-epoch-5-freq_mask.jsonl
earnings22,test,freq_mask,pre_update,872,2,0.0875247959,0.0567855527,0.0473713465,0.1276782453,5,9e-05,6,34,0,raw/earnings22-test-epoch-5-freq_mask.jsonl
earnings22,test,freq_mask,pre_update,873,2,0.0710873771,0.0123489186,0.0623553731,0.0798193812,5,9e-05,6,34,0,raw/earnings22-test-epoch-5-freq_mask.jsonl
earnings22,test,freq_mask,pre_update,874,2,0.0812232923,0.0307292383,0.0594944395,0.1029521450,5,9e-05,6,34,0,raw/earnings22-test-epoch-5-freq_mask.jsonl
earnings22,test,freq_mask,pre_update,875,2,0.0772255510,0.0439531781,0.0461459607,0.1083051413,5,9e-05,6,34,0,raw/earnings22-test-epoch-5-freq_mask.jsonl
earnings22,test,freq_mask,pre_update,876,2,0.0628583059,0.0134844522,0.0533233583,0.0723932534,5,9e-05,6,34,0,raw/earnings22-test-epoch-5-freq_mask.jsonl
earnings22,test,freq_mask,pre_update,877,2,0.0625668019,0.0052900617,0.0588261634,0.0663074404,5,9e-05,6,34,0,raw/earnings22-test-epoch-5-freq_mask.jsonl
earnings22,test,freq_mask,pre_update,878,2,0.0670488998,0.0241380375,0.0499807298,0.0841170698,5,9e-05,6,34,0,raw/earnings22-test-epoch-5-freq_mask.jsonl
earnings22,test,freq_mask,pre_update,879,2,0.0825445987,0.0420484304,0.0528118685,0.1122773290,5,9e-05,6,34,0,raw/earnings22-test-epoch-5-freq_mask.jsonl
earnings22,test,freq_mask,pre_update,880,2,0.0610465631,0.0143975426,0.0508659631,0.0712271631,5,9e-05,6,34,0,raw/earnings22-test-epoch-5-freq_mask.jsonl
earnings22,test,freq_mask,pre_update,881,2,0.0680086464,0.0326482765,0.0449228287,0.0910944641,5,9e-05,6,34,0,raw/earnings22-test-epoch-5-freq_mask.jsonl
earnings22,test,freq_mask,pre_update,882,2,0.0718982182,0.0069756353,0.0669656992,0.0768307373,5,9e-05,6,34,0,raw/earnings22-test-epoch-5-freq_mask.jsonl
earnings22,test,freq_mask,pre_update,883,2,0.0793438554,0.0342535446,0.0551229417,0.1035647690,5,9e-05,6,34,0,raw/earnings22-test-epoch-5-freq_mask.jsonl
earnings22,test,freq_mask,pre_update,884,2,0.0575237777,0.0354141555,0.0324821882,0.0825653672,5,9e-05,6,34,0,raw/earnings22-test-epoch-5-freq_mask.jsonl
earnings22,test,freq_mask,pre_update,885,2,0.0533411708,0.0284847500,0.0331994109,0.0734829307,5,9e-05,6,34,0,raw/earnings22-test-epoch-5-freq_mask.jsonl
earnings22,test,freq_mask,pre_update,886,2,0.0733707603,0.0410849297,0.0443193279,0.1024221927,5,9e-05,6,34,0,raw/earnings22-test-epoch-5-freq_mask.jsonl
earnings22,test,freq_mask,pre_update,887,2,0.0503835436,0.0161269779,0.0389800481,0.0617870390,5,9e-05,6,34,0,raw/earnings22-test-epoch-5-freq_mask.jsonl
earnings22,test,freq_mask,pre_update,888,2,0.0710024387,0.0456549414,0.0387195200,0.1032853574,5,9e-05,6,34,0,raw/earnings22-test-epoch-5-freq_mask.jsonl
earnings22,test,freq_mask,pre_update,889,2,0.0479115061,0.0156871150,0.0368190408,0.0590039715,5,9e-05,6,34,0,raw/earnings22-test-epoch-5-freq_mask.jsonl
earnings22,test,freq_mask,pre_update,890,2,0.0871863775,0.0502808794,0.0516324267,0.1227403283,5,9e-05,6,34,0,raw/earnings22-test-epoch-5-freq_mask.jsonl
earnings22,test,freq_mask,pre_update,891,2,0.0726540238,0.0509949155,0.0365951732,0.1087128744,5,9e-05,6,34,0,raw/earnings22-test-epoch-5-freq_mask.jsonl
earnings22,test,freq_mask,pre_update,892,2,0.0710716546,0.0488060084,0.0365605950,0.1055827141,5,9e-05,6,34,0,raw/earnings22-test-epoch-5-freq_mask.jsonl
earnings22,test,freq_mask,pre_update,893,2,0.0744789504,0.0486788883,0.0400577784,0.1089001223,5,9e-05,6,34,0,raw/earnings22-test-epoch-5-freq_mask.jsonl
earnings22,test,freq_mask,pre_update,894,2,0.0780616961,0.0561304089,0.0383715034,0.1177518889,5,9e-05,6,34,0,raw/earnings22-test-epoch-5-freq_mask.jsonl
earnings22,test,freq_mask,pre_update,895,2,0.0738234073,0.0321280685,0.0511054322,0.0965413824,5,9e-05,6,34,0,raw/earnings22-test-epoch-5-freq_mask.jsonl
earnings22,test,freq_mask,pre_update,896,2,0.0675857179,0.0327153585,0.0444524661,0.0907189697,5,9e-05,6,34,0,raw/earnings22-test-epoch-5-freq_mask.jsonl
earnings22,test,freq_mask,pre_update,897,2,0.0925198644,0.0391183235,0.0648590326,0.1201806962,5,9e-05,6,34,0,raw/earnings22-test-epoch-5-freq_mask.jsonl
earnings22,test,freq_mask,pre_update,898,2,0.0736023169,0.0216002203,0.0583286546,0.0888759792,5,9e-05,6,34,0,raw/earnings22-test-epoch-5-freq_mask.jsonl
earnings22,test,freq_mask,pre_update,899,2,0.0564080290,0.0056287169,0.0524279252,0.0603881329,5,9e-05,6,34,0,raw/earnings22-test-epoch-5-freq_mask.jsonl
earnings22,test,freq_mask,pre_update,900,2,0.0794957764,0.0386160226,0.0521901250,0.1068014279,5,9e-05,6,34,0,raw/earnings22-test-epoch-5-freq_mask.jsonl
earnings22,test,freq_mask,pre_update,901,2,0.0937400144,0.0538689855,0.0556488894,0.1318311393,5,9e-05,6,34,0,raw/earnings22-test-epoch-5-freq_mask.jsonl
earnings22,test,freq_mask,pre_update,902,2,0.0810997263,0.0563274086,0.0412702337,0.1209292188,5,9e-05,6,34,0,raw/earnings22-test-epoch-5-freq_mask.jsonl
earnings22,test,freq_mask,pre_update,903,2,0.0540376082,0.0184544507,0.0409883410,0.0670868754,5,9e-05,6,34,0,raw/earnings22-test-epoch-5-freq_mask.jsonl
earnings22,test,freq_mask,pre_update,904,2,0.0938056447,0.0362557359,0.0681689680,0.1194423214,5,9e-05,6,34,0,raw/earnings22-test-epoch-5-freq_mask.jsonl
earnings22,test,freq_mask,pre_update,905,2,0.0720307231,0.0320763754,0.0493493006,0.0947121456,5,9e-05,6,34,0,raw/earnings22-test-epoch-5-freq_mask.jsonl
earnings22,test,freq_mask,pre_update,906,2,0.0747685824,0.0479676101,0.0408503599,0.1086868048,5,9e-05,6,34,0,raw/earnings22-test-epoch-5-freq_mask.jsonl
earnings22,test,freq_mask,pre_update,907,2,0.0495970417,0.0023490204,0.0479360335,0.0512580499,5,9e-05,6,34,0,raw/earnings22-test-epoch-5-freq_mask.jsonl
earnings22,test,freq_mask,pre_update,908,2,0.0874286816,0.0283049278,0.0674140751,0.1074432880,5,9e-05,6,34,0,raw/earnings22-test-epoch-5-freq_mask.jsonl
earnings22,test,freq_mask,pre_update,909,2,0.0878942087,0.0570031174,0.0475869179,0.1282014996,5,9e-05,6,34,0,raw/earnings22-test-epoch-5-freq_mask.jsonl
earnings22,test,freq_mask,pre_update,910,2,0.0544107426,0.0041131768,0.0515022874,0.0573191978,5,9e-05,6,34,0,raw/earnings22-test-epoch-5-freq_mask.jsonl
earnings22,test,freq_mask,pre_update,911,2,0.0900927242,0.0522719045,0.0531309061,0.1270545423,5,9e-05,6,34,0,raw/earnings22-test-epoch-5-freq_mask.jsonl
earnings22,test,freq_mask,pre_update,912,2,0.0515366420,0.0030494720,0.0493803397,0.0536929443,5,9e-05,6,34,0,raw/earnings22-test-epoch-5-freq_mask.jsonl
earnings22,test,freq_mask,pre_update,913,2,0.0781565346,0.0275235095,0.0586944744,0.0976185948,5,9e-05,6,34,0,raw/earnings22-test-epoch-5-freq_mask.jsonl
earnings22,test,freq_mask,pre_update,914,2,0.0555188283,0.0052920426,0.0517767891,0.0592608675,5,9e-05,6,34,0,raw/earnings22-test-epoch-5-freq_mask.jsonl
earnings22,test,freq_mask,pre_update,915,2,0.0739897639,0.0331057068,0.0505804941,0.0973990336,5,9e-05,6,34,0,raw/earnings22-test-epoch-5-freq_mask.jsonl
earnings22,test,freq_mask,pre_update,916,2,0.0719351694,0.0341262611,0.0478042588,0.0960660800,5,9e-05,6,34,0,raw/earnings22-test-epoch-5-freq_mask.jsonl
earnings22,test,freq_mask,pre_update,917,2,0.0599666871,0.0037500738,0.0573149845,0.0626183897,5,9e-05,6,34,0,raw/earnings22-test-epoch-5-freq_mask.jsonl
earnings22,test,freq_mask,pre_update,918,2,0.0665881447,0.0072610433,0.0614538118,0.0717224777,5,9e-05,6,34,0,raw/earnings22-test-epoch-5-freq_mask.jsonl
earnings22,test,freq_mask,pre_update,919,2,0.0690248199,0.0085883740,0.0629519224,0.0750977173,5,9e-05,6,34,0,raw/earnings22-test-epoch-5-freq_mask.jsonl
earnings22,test,freq_mask,pre_update,920,2,0.0877585784,0.0335684792,0.0640220791,0.1114950776,5,9e-05,6,34,0,raw/earnings22-test-epoch-5-freq_mask.jsonl
earnings22,test,freq_mask,pre_update,921,2,0.0687478818,0.0020000734,0.0673336163,0.0701621473,5,9e-05,6,34,0,raw/earnings22-test-epoch-5-freq_mask.jsonl
earnings22,test,freq_mask,pre_update,922,2,0.0990002602,0.0465537651,0.0660817772,0.1319187433,5,9e-05,6,34,0,raw/earnings22-test-epoch-5-freq_mask.jsonl
earnings22,test,freq_mask,pre_update,923,2,0.0764383115,0.0359196358,0.0510392934,0.1018373296,5,9e-05,6,34,0,raw/earnings22-test-epoch-5-freq_mask.jsonl
earnings22,test,freq_mask,pre_update,924,2,0.0914240088,0.0459255901,0.0589497127,0.1238983050,5,9e-05,6,34,0,raw/earnings22-test-epoch-5-freq_mask.jsonl
earnings22,test,freq_mask,pre_update,925,2,0.0685637556,0.0439871327,0.0374601558,0.0996673554,5,9e-05,6,34,0,raw/earnings22-test-epoch-5-freq_mask.jsonl
earnings22,test,freq_mask,pre_update,926,2,0.0942791626,0.0484690760,0.0600063503,0.1285519749,5,9e-05,6,34,0,raw/earnings22-test-epoch-5-freq_mask.jsonl
earnings22,test,freq_mask,pre_update,927,2,0.0750046782,0.0555989477,0.0356902853,0.1143190712,5,9e-05,6,34,0,raw/earnings22-test-epoch-5-freq_mask.jsonl
earnings22,test,freq_mask,pre_update,928,2,0.0924455654,0.0477313718,0.0586943887,0.1261967421,5,9e-05,6,34,0,raw/earnings22-test-epoch-5-freq_mask.jsonl
earnings22,test,freq_mask,pre_update,929,2,0.0841901489,0.0552060653,0.0451535657,0.1232267320,5,9e-05,6,34,0,raw/earnings22-test-epoch-5-freq_mask.jsonl
earnings22,test,freq_mask,pre_update,930,2,0.0533553418,0.0175550607,0.0409420393,0.0657686442,5,9e-05,6,34,0,raw/earnings22-test-epoch-5-freq_mask.jsonl
earnings22,test,freq_mask,pre_update,931,2,0.0726362504,0.0239069095,0.0557315126,0.0895409882,5,9e-05,6,34,0,raw/earnings22-test-epoch-5-freq_mask.jsonl
earnings22,test,freq_mask,pre_update,932,2,0.0842491984,0.0529276646,0.0468236879,0.1216747090,5,9e-05,6,34,0,raw/earnings22-test-epoch-5-freq_mask.jsonl
earnings22,test,freq_mask,pre_update,933,2,0.0862585884,0.0463324547,0.0534965955,0.1190205812,5,9e-05,6,34,0,raw/earnings22-test-epoch-5-freq_mask.jsonl
earnings22,test,freq_mask,pre_update,934,2,0.0776018947,0.0303063868,0.0561720431,0.0990317464,5,9e-05,6,34,0,raw/earnings22-test-epoch-5-freq_mask.jsonl
earnings22,test,freq_mask,pre_update,935,2,0.0600357354,0.0188304322,0.0467206091,0.0733508617,5,9e-05,6,34,0,raw/earnings22-test-epoch-5-freq_mask.jsonl
earnings22,test,freq_mask,pre_update,936,2,0.0770642012,0.0067334648,0.0723029226,0.0818254799,5,9e-05,6,34,0,raw/earnings22-test-epoch-5-freq_mask.jsonl
earnings22,test,freq_mask,pre_update,937,2,0.0715895630,0.0059072970,0.0674124733,0.0757666528,5,9e-05,6,34,0,raw/earnings22-test-epoch-5-freq_mask.jsonl
earnings22,test,freq_mask,pre_update,938,2,0.0820903126,0.0413042566,0.0528837927,0.1112968326,5,9e-05,6,34,0,raw/earnings22-test-epoch-5-freq_mask.jsonl
earnings22,test,freq_mask,pre_update,939,2,0.0651386976,0.0110039626,0.0573577210,0.0729196742,5,9e-05,6,34,0,raw/earnings22-test-epoch-5-freq_mask.jsonl
earnings22,test,freq_mask,pre_update,940,2,0.0887061357,0.0366641652,0.0627806559,0.1146316156,5,9e-05,6,34,0,raw/earnings22-test-epoch-5-freq_mask.jsonl
earnings22,test,freq_mask,pre_update,941,2,0.0722730979,0.0044730556,0.0691101700,0.0754360259,5,9e-05,6,34,0,raw/earnings22-test-epoch-5-freq_mask.jsonl
earnings22,test,freq_mask,pre_update,942,2,0.0833189674,0.0277266151,0.0637132898,0.1029246449,5,9e-05,6,34,0,raw/earnings22-test-epoch-5-freq_mask.jsonl
earnings22,test,freq_mask,pre_update,943,2,0.0758585557,0.0151850354,0.0651211143,0.0865959972,5,9e-05,6,34,0,raw/earnings22-test-epoch-5-freq_mask.jsonl
earnings22,test,freq_mask,pre_update,944,2,0.0543813389,0.0151231032,0.0436876900,0.0650749877,5,9e-05,6,34,0,raw/earnings22-test-epoch-5-freq_mask.jsonl
earnings22,test,freq_mask,pre_update,945,2,0.0969540030,0.0412887176,0.0677584708,0.1261495352,5,9e-05,6,34,0,raw/earnings22-test-epoch-5-freq_mask.jsonl
earnings22,test,freq_mask,pre_update,946,2,0.0750079583,0.0381044942,0.0480640121,0.1019519046,5,9e-05,6,34,0,raw/earnings22-test-epoch-5-freq_mask.jsonl
earnings22,test,freq_mask,pre_update,947,2,0.0917990357,0.0358528910,0.0664472133,0.1171508580,5,9e-05,6,34,0,raw/earnings22-test-epoch-5-freq_mask.jsonl
earnings22,test,freq_mask,pre_update,948,2,0.0729262456,0.0050216389,0.0693754107,0.0764770806,5,9e-05,6,34,0,raw/earnings22-test-epoch-5-freq_mask.jsonl
earnings22,test,freq_mask,pre_update,949,2,0.0818480328,0.0361338946,0.0562975109,0.1073985547,5,9e-05,6,34,0,raw/earnings22-test-epoch-5-freq_mask.jsonl
earnings22,test,freq_mask,pre_update,950,2,0.0954397954,0.0397442832,0.0673363432,0.1235432476,5,9e-05,6,34,0,raw/earnings22-test-epoch-5-freq_mask.jsonl
earnings22,test,freq_mask,pre_update,951,2,0.0600200295,0.0137556355,0.0502933264,0.0697467327,5,9e-05,6,34,0,raw/earnings22-test-epoch-5-freq_mask.jsonl
earnings22,test,freq_mask,pre_update,952,2,0.0786849894,0.0464615742,0.0458316952,0.1115382835,5,9e-05,6,34,0,raw/earnings22-test-epoch-5-freq_mask.jsonl
earnings22,test,freq_mask,pre_update,953,2,0.0826330651,0.0472039303,0.0492548458,0.1160112843,5,9e-05,6,34,0,raw/earnings22-test-epoch-5-freq_mask.jsonl
earnings22,test,freq_mask,pre_update,954,2,0.0797929913,0.0514662754,0.0434008390,0.1161851436,5,9e-05,6,34,0,raw/earnings22-test-epoch-5-freq_mask.jsonl
earnings22,test,freq_mask,pre_update,955,2,0.0713922419,0.0288005695,0.0510271639,0.0917573199,5,9e-05,6,34,0,raw/earnings22-test-epoch-5-freq_mask.jsonl
earnings22,test,freq_mask,pre_update,956,2,0.0704572909,0.0361987217,0.0448609293,0.0960536525,5,9e-05,6,34,0,raw/earnings22-test-epoch-5-freq_mask.jsonl
earnings22,test,freq_mask,pre_update,957,2,0.0863544997,0.0677698486,0.0384339802,0.1342750192,5,9e-05,6,34,0,raw/earnings22-test-epoch-5-freq_mask.jsonl
earnings22,test,freq_mask,pre_update,958,2,0.0763546675,0.0195315661,0.0625437647,0.0901655704,5,9e-05,6,34,0,raw/earnings22-test-epoch-5-freq_mask.jsonl
earnings22,test,freq_mask,pre_update,959,2,0.0575962048,0.0165530404,0.0458914377,0.0693009719,5,9e-05,6,34,0,raw/earnings22-test-epoch-5-freq_mask.jsonl
earnings22,test,freq_mask,pre_update,960,2,0.0547950882,0.0130701776,0.0455530770,0.0640370995,5,9e-05,6,34,0,raw/earnings22-test-epoch-5-freq_mask.jsonl
earnings22,test,freq_mask,pre_update,961,2,0.0762176253,0.0286414968,0.0559650287,0.0964702219,5,9e-05,6,34,0,raw/earnings22-test-epoch-5-freq_mask.jsonl
earnings22,test,freq_mask,pre_update,962,2,0.0793748088,0.0502097250,0.0438711718,0.1148784459,5,9e-05,6,34,0,raw/earnings22-test-epoch-5-freq_mask.jsonl
earnings22,test,freq_mask,pre_update,963,2,0.0823819023,0.0440576628,0.0512284301,0.1135353744,5,9e-05,6,34,0,raw/earnings22-test-epoch-5-freq_mask.jsonl
earnings22,test,freq_mask,pre_update,964,2,0.0617581401,0.0024480022,0.0600271411,0.0634891391,5,9e-05,6,34,0,raw/earnings22-test-epoch-5-freq_mask.jsonl
earnings22,test,freq_mask,pre_update,965,2,0.0856998097,0.0482519064,0.0515805595,0.1198190600,5,9e-05,6,34,0,raw/earnings22-test-epoch-5-freq_mask.jsonl
earnings22,test,freq_mask,pre_update,966,2,0.0546088517,0.0075966007,0.0492372438,0.0599804595,5,9e-05,6,34,0,raw/earnings22-test-epoch-5-freq_mask.jsonl
earnings22,test,freq_mask,pre_update,967,2,0.0823001564,0.0449347888,0.0505264625,0.1140738502,5,9e-05,6,34,0,raw/earnings22-test-epoch-5-freq_mask.jsonl
earnings22,test,freq_mask,pre_update,968,2,0.0908843577,0.0318083319,0.0683924705,0.1133762449,5,9e-05,6,34,0,raw/earnings22-test-epoch-5-freq_mask.jsonl
earnings22,test,freq_mask,pre_update,969,2,0.0581833534,0.0227215715,0.0421167761,0.0742499307,5,9e-05,6,34,0,raw/earnings22-test-epoch-5-freq_mask.jsonl
earnings22,test,freq_mask,pre_update,970,2,0.0845897868,0.0564745959,0.0446562171,0.1245233566,5,9e-05,6,34,0,raw/earnings22-test-epoch-5-freq_mask.jsonl
earnings22,test,freq_mask,pre_update,971,2,0.0596011728,0.0216630376,0.0442830920,0.0749192536,5,9e-05,6,34,0,raw/earnings22-test-epoch-5-freq_mask.jsonl
earnings22,test,freq_mask,pre_update,972,2,0.0733745452,0.0400552716,0.0450511910,0.1016978994,5,9e-05,6,34,0,raw/earnings22-test-epoch-5-freq_mask.jsonl
earnings22,test,freq_mask,pre_update,973,2,0.0687777381,0.0099044699,0.0617742203,0.0757812560,5,9e-05,6,34,0,raw/earnings22-test-epoch-5-freq_mask.jsonl
earnings22,test,freq_mask,pre_update,974,2,0.0827335492,0.0526718438,0.0454889312,0.1199781671,5,9e-05,6,34,0,raw/earnings22-test-epoch-5-freq_mask.jsonl
earnings22,test,freq_mask,pre_update,975,2,0.0810729433,0.0367771688,0.0550675578,0.1070783287,5,9e-05,6,34,0,raw/earnings22-test-epoch-5-freq_mask.jsonl
earnings22,test,freq_mask,pre_update,976,2,0.0710322876,0.0307327944,0.0493009202,0.0927636549,5,9e-05,6,34,0,raw/earnings22-test-epoch-5-freq_mask.jsonl
earnings22,test,freq_mask,pre_update,977,2,0.0579559244,0.0087214948,0.0517888963,0.0641229525,5,9e-05,6,34,0,raw/earnings22-test-epoch-5-freq_mask.jsonl
earnings22,test,freq_mask,pre_update,978,2,0.0756636299,0.0380869743,0.0487320721,0.1025951877,5,9e-05,6,34,0,raw/earnings22-test-epoch-5-freq_mask.jsonl
earnings22,test,freq_mask,pre_update,979,2,0.0626719613,0.0314437801,0.0404378511,0.0849060714,5,9e-05,6,34,0,raw/earnings22-test-epoch-5-freq_mask.jsonl
earnings22,test,freq_mask,pre_update,980,2,0.0623416416,0.0003102588,0.0621222556,0.0625610277,5,9e-05,6,34,0,raw/earnings22-test-epoch-5-freq_mask.jsonl
earnings22,test,freq_mask,pre_update,981,2,0.0796661228,0.0171637035,0.0675295517,0.0918026939,5,9e-05,6,34,0,raw/earnings22-test-epoch-5-freq_mask.jsonl
earnings22,test,freq_mask,pre_update,982,2,0.0629637614,0.0171060044,0.0508679897,0.0750595331,5,9e-05,6,34,0,raw/earnings22-test-epoch-5-freq_mask.jsonl
earnings22,test,freq_mask,pre_update,983,2,0.0566080473,0.0049849185,0.0530831777,0.0601329170,5,9e-05,6,34,0,raw/earnings22-test-epoch-5-freq_mask.jsonl
earnings22,test,freq_mask,pre_update,984,2,0.0677354559,0.0213060011,0.0526698381,0.0828010738,5,9e-05,6,34,0,raw/earnings22-test-epoch-5-freq_mask.jsonl
earnings22,test,freq_mask,pre_update,985,1,0.0555717722,,0.0555717722,0.0555717722,5,9e-05,6,34,0,raw/earnings22-test-epoch-5-freq_mask.jsonl
earnings22,test,freq_mask,pre_update,986,1,0.0464186333,,0.0464186333,0.0464186333,5,9e-05,6,34,0,raw/earnings22-test-epoch-5-freq_mask.jsonl
earnings22,test,freq_mask,pre_update,987,1,0.0573224351,,0.0573224351,0.0573224351,5,9e-05,6,34,0,raw/earnings22-test-epoch-5-freq_mask.jsonl
earnings22,test,freq_mask,pre_update,988,1,0.0515321195,,0.0515321195,0.0515321195,5,9e-05,6,34,0,raw/earnings22-test-epoch-5-freq_mask.jsonl
earnings22,test,freq_mask,pre_update,989,1,0.0558026880,,0.0558026880,0.0558026880,5,9e-05,6,34,0,raw/earnings22-test-epoch-5-freq_mask.jsonl
earnings22,test,freq_mask,pre_update,990,1,0.0441432297,,0.0441432297,0.0441432297,5,9e-05,6,34,0,raw/earnings22-test-epoch-5-freq_mask.jsonl
earnings22,test,freq_mask,pre_update,991,1,0.0389379412,,0.0389379412,0.0389379412,5,9e-05,6,34,0,raw/earnings22-test-epoch-5-freq_mask.jsonl
earnings22,test,freq_mask,pre_update,992,1,0.0596205667,,0.0596205667,0.0596205667,5,9e-05,6,34,0,raw/earnings22-test-epoch-5-freq_mask.jsonl
earnings22,test,freq_mask,pre_update,993,1,0.0629310980,,0.0629310980,0.0629310980,5,9e-05,6,34,0,raw/earnings22-test-epoch-5-freq_mask.jsonl
earnings22,test,freq_mask,pre_update,994,1,0.0631169826,,0.0631169826,0.0631169826,5,9e-05,6,34,0,raw/earnings22-test-epoch-5-freq_mask.jsonl
earnings22,test,freq_mask,pre_update,995,1,0.0433328226,,0.0433328226,0.0433328226,5,9e-05,6,34,0,raw/earnings22-test-epoch-5-freq_mask.jsonl
earnings22,test,freq_mask,pre_update,996,1,0.0505686700,,0.0505686700,0.0505686700,5,9e-05,6,34,0,raw/earnings22-test-epoch-5-freq_mask.jsonl
earnings22,test,freq_mask,pre_update,997,1,0.0499523208,,0.0499523208,0.0499523208,5,9e-05,6,34,0,raw/earnings22-test-epoch-5-freq_mask.jsonl
earnings22,test,freq_mask,pre_update,998,1,0.0775208622,,0.0775208622,0.0775208622,5,9e-05,6,34,0,raw/earnings22-test-epoch-5-freq_mask.jsonl
earnings22,test,freq_mask,pre_update,999,1,0.0514786579,,0.0514786579,0.0514786579,5,9e-05,6,34,0,raw/earnings22-test-epoch-5-freq_mask.jsonl
earnings22,test,freq_mask,pre_update,1000,1,0.0712206662,,0.0712206662,0.0712206662,5,9e-05,6,34,0,raw/earnings22-test-epoch-5-freq_mask.jsonl
earnings22,test,freq_mask,pre_update,1001,1,0.0683592930,,0.0683592930,0.0683592930,5,9e-05,6,34,0,raw/earnings22-test-epoch-5-freq_mask.jsonl
earnings22,test,freq_mask,pre_update,1002,1,0.0532831773,,0.0532831773,0.0532831773,5,9e-05,6,34,0,raw/earnings22-test-epoch-5-freq_mask.jsonl
earnings22,test,freq_mask,pre_update,1003,1,0.0690040439,,0.0690040439,0.0690040439,5,9e-05,6,34,0,raw/earnings22-test-epoch-5-freq_mask.jsonl
earnings22,test,freq_mask,pre_update,1004,1,0.0572194941,,0.0572194941,0.0572194941,5,9e-05,6,34,0,raw/earnings22-test-epoch-5-freq_mask.jsonl
earnings22,test,freq_mask,pre_update,1005,1,0.0523420461,,0.0523420461,0.0523420461,5,9e-05,6,34,0,raw/earnings22-test-epoch-5-freq_mask.jsonl
earnings22,test,freq_mask,pre_update,1006,1,0.0531211942,,0.0531211942,0.0531211942,5,9e-05,6,34,0,raw/earnings22-test-epoch-5-freq_mask.jsonl
earnings22,test,freq_mask,pre_update,1007,1,0.0577657893,,0.0577657893,0.0577657893,5,9e-05,6,34,0,raw/earnings22-test-epoch-5-freq_mask.jsonl
earnings22,test,freq_mask,pre_update,1008,1,0.0460435562,,0.0460435562,0.0460435562,5,9e-05,6,34,0,raw/earnings22-test-epoch-5-freq_mask.jsonl
earnings22,test,freq_mask,pre_update,1009,1,0.0485036708,,0.0485036708,0.0485036708,5,9e-05,6,34,0,raw/earnings22-test-epoch-5-freq_mask.jsonl
earnings22,test,freq_mask,pre_update,1010,1,0.0640957728,,0.0640957728,0.0640957728,5,9e-05,6,34,0,raw/earnings22-test-epoch-5-freq_mask.jsonl
earnings22,test,freq_mask,pre_update,1011,1,0.0571987256,,0.0571987256,0.0571987256,5,9e-05,6,34,0,raw/earnings22-test-epoch-5-freq_mask.jsonl
earnings22,test,freq_mask,pre_update,1012,1,0.0484092310,,0.0484092310,0.0484092310,5,9e-05,6,34,0,raw/earnings22-test-epoch-5-freq_mask.jsonl
earnings22,test,freq_mask,pre_update,1013,1,0.0589038432,,0.0589038432,0.0589038432,5,9e-05,6,34,0,raw/earnings22-test-epoch-5-freq_mask.jsonl
earnings22,test,freq_mask,pre_update,1014,1,0.0835116655,,0.0835116655,0.0835116655,5,9e-05,6,34,0,raw/earnings22-test-epoch-5-freq_mask.jsonl
earnings22,test,freq_mask,pre_update,1015,1,0.0469351187,,0.0469351187,0.0469351187,5,9e-05,6,34,0,raw/earnings22-test-epoch-5-freq_mask.jsonl
earnings22,test,freq_mask,pre_update,1016,1,0.0543081649,,0.0543081649,0.0543081649,5,9e-05,6,34,0,raw/earnings22-test-epoch-5-freq_mask.jsonl
earnings22,test,freq_mask,pre_update,1017,1,0.0497249365,,0.0497249365,0.0497249365,5,9e-05,6,34,0,raw/earnings22-test-epoch-5-freq_mask.jsonl
earnings22,test,freq_mask,pre_update,1018,1,0.0728138089,,0.0728138089,0.0728138089,5,9e-05,6,34,0,raw/earnings22-test-epoch-5-freq_mask.jsonl
earnings22,test,freq_mask,pre_update,1019,1,0.0523679182,,0.0523679182,0.0523679182,5,9e-05,6,34,0,raw/earnings22-test-epoch-5-freq_mask.jsonl
earnings22,test,freq_mask,pre_update,1020,1,0.0548482165,,0.0548482165,0.0548482165,5,9e-05,6,34,0,raw/earnings22-test-epoch-5-freq_mask.jsonl
earnings22,test,freq_mask,pre_update,1021,1,0.0511393845,,0.0511393845,0.0511393845,5,9e-05,6,34,0,raw/earnings22-test-epoch-5-freq_mask.jsonl
earnings22,test,freq_mask,pre_update,1022,1,0.0603723116,,0.0603723116,0.0603723116,5,9e-05,6,34,0,raw/earnings22-test-epoch-5-freq_mask.jsonl
earnings22,test,freq_mask,pre_update,1023,1,0.0615597144,,0.0615597144,0.0615597144,5,9e-05,6,34,0,raw/earnings22-test-epoch-5-freq_mask.jsonl
earnings22,test,freq_mask,pre_update,1024,1,0.0680186450,,0.0680186450,0.0680186450,5,9e-05,6,34,0,raw/earnings22-test-epoch-5-freq_mask.jsonl
earnings22,test,no_aug,post_update,1,6,0.2569457019,0.0864659616,0.1194978654,0.3653331399,5,9e-05,0,0,0,raw/earnings22-test-epoch-5-no_aug.jsonl
earnings22,test,no_aug,post_update,2,6,0.2643339162,0.0919228055,0.1545502394,0.4042961299,5,9e-05,0,0,0,raw/earnings22-test-epoch-5-no_aug.jsonl
earnings22,test,no_aug,post_update,3,6,0.2433910742,0.1065497506,0.1658695638,0.4513112307,5,9e-05,0,0,0,raw/earnings22-test-epoch-5-no_aug.jsonl
earnings22,test,no_aug,post_update,4,6,0.2110133866,0.0694219624,0.1183657795,0.3212524652,5,9e-05,0,0,0,raw/earnings22-test-epoch-5-no_aug.jsonl
earnings22,test,no_aug,post_update,5,6,0.2379995634,0.0551703997,0.1619902849,0.3220574856,5,9e-05,0,0,0,raw/earnings22-test-epoch-5-no_aug.jsonl
earnings22,test,no_aug,post_update,6,6,0.2214411298,0.0624351669,0.1393905878,0.2926830351,5,9e-05,0,0,0,raw/earnings22-test-epoch-5-no_aug.jsonl
earnings22,test,no_aug,post_update,7,6,0.1933481370,0.0427183538,0.1422486603,0.2404533923,5,9e-05,0,0,0,raw/earnings22-test-epoch-5-no_aug.jsonl
earnings22,test,no_aug,post_update,8,6,0.1885910307,0.0287142205,0.1357818842,0.2139195204,5,9e-05,0,0,0,raw/earnings22-test-epoch-5-no_aug.jsonl
earnings22,test,no_aug,post_update,9,6,0.2021624384,0.1186309821,0.1222692057,0.4378555417,5,9e-05,0,0,0,raw/earnings22-test-epoch-5-no_aug.jsonl
earnings22,test,no_aug,post_update,10,6,0.2033627679,0.0544671723,0.1457119137,0.2920770943,5,9e-05,0,0,0,raw/earnings22-test-epoch-5-no_aug.jsonl
earnings22,test,no_aug,post_update,11,6,0.1549295187,0.0427799247,0.1168268919,0.2366168797,5,9e-05,0,0,0,raw/earnings22-test-epoch-5-no_aug.jsonl
earnings22,test,no_aug,post_update,12,6,0.1673507864,0.0362295115,0.1161004901,0.2102522105,5,9e-05,0,0,0,raw/earnings22-test-epoch-5-no_aug.jsonl
earnings22,test,no_aug,post_update,13,6,0.1691961984,0.0591729162,0.1002657562,0.2752335072,5,9e-05,0,0,0,raw/earnings22-test-epoch-5-no_aug.jsonl
earnings22,test,no_aug,post_update,14,6,0.1392823669,0.0301254970,0.1031607315,0.1910452545,5,9e-05,0,0,0,raw/earnings22-test-epoch-5-no_aug.jsonl
earnings22,test,no_aug,post_update,15,6,0.1295639239,0.0402353632,0.0756228119,0.1830157340,5,9e-05,0,0,0,raw/earnings22-test-epoch-5-no_aug.jsonl
earnings22,test,no_aug,post_update,16,6,0.1291941802,0.0195919017,0.1054234952,0.1552074552,5,9e-05,0,0,0,raw/earnings22-test-epoch-5-no_aug.jsonl
earnings22,test,no_aug,post_update,17,6,0.1312617722,0.0317085757,0.0845415667,0.1634156406,5,9e-05,0,0,0,raw/earnings22-test-epoch-5-no_aug.jsonl
earnings22,test,no_aug,post_update,18,6,0.1282632127,0.0184643192,0.1050179750,0.1560760736,5,9e-05,0,0,0,raw/earnings22-test-epoch-5-no_aug.jsonl
earnings22,test,no_aug,post_update,19,6,0.1231596222,0.0167705026,0.0958190113,0.1435215324,5,9e-05,0,0,0,raw/earnings22-test-epoch-5-no_aug.jsonl
earnings22,test,no_aug,post_update,20,6,0.1193858621,0.0276180704,0.0905965939,0.1652247906,5,9e-05,0,0,0,raw/earnings22-test-epoch-5-no_aug.jsonl
earnings22,test,no_aug,post_update,21,6,0.1181063217,0.0355766678,0.0644659549,0.1589805484,5,9e-05,0,0,0,raw/earnings22-test-epoch-5-no_aug.jsonl
earnings22,test,no_aug,post_update,22,6,0.1069748315,0.0130419585,0.0932076424,0.1303637326,5,9e-05,0,0,0,raw/earnings22-test-epoch-5-no_aug.jsonl
earnings22,test,no_aug,post_update,23,6,0.1115444514,0.0320712563,0.0688086897,0.1571841538,5,9e-05,0,0,0,raw/earnings22-test-epoch-5-no_aug.jsonl
earnings22,test,no_aug,post_update,24,6,0.0903753129,0.0211734318,0.0697224736,0.1221786514,5,9e-05,0,0,0,raw/earnings22-test-epoch-5-no_aug.jsonl
earnings22,test,no_aug,post_update,25,6,0.0813023262,0.0157296614,0.0662179291,0.1007401794,5,9e-05,0,0,0,raw/earnings22-test-epoch-5-no_aug.jsonl
earnings22,test,no_aug,post_update,26,6,0.0942981436,0.0312635561,0.0562400855,0.1361645460,5,9e-05,0,0,0,raw/earnings22-test-epoch-5-no_aug.jsonl
earnings22,test,no_aug,post_update,27,6,0.0935613960,0.0249355600,0.0656131953,0.1275042444,5,9e-05,0,0,0,raw/earnings22-test-epoch-5-no_aug.jsonl
earnings22,test,no_aug,post_update,28,6,0.1001271009,0.0269324706,0.0642451048,0.1246147901,5,9e-05,0,0,0,raw/earnings22-test-epoch-5-no_aug.jsonl
earnings22,test,no_aug,post_update,29,6,0.0833897125,0.0194780788,0.0567098372,0.1083405688,5,9e-05,0,0,0,raw/earnings22-test-epoch-5-no_aug.jsonl
earnings22,test,no_aug,post_update,30,6,0.0760965676,0.0230581500,0.0512307659,0.1045304537,5,9e-05,0,0,0,raw/earnings22-test-epoch-5-no_aug.jsonl
earnings22,test,no_aug,post_update,31,6,0.0829312957,0.0274031424,0.0580402091,0.1291850507,5,9e-05,0,0,0,raw/earnings22-test-epoch-5-no_aug.jsonl
earnings22,test,no_aug,post_update,32,6,0.0734096734,0.0199236985,0.0486103073,0.0927548409,5,9e-05,0,0,0,raw/earnings22-test-epoch-5-no_aug.jsonl
earnings22,test,no_aug,post_update,33,6,0.0881090897,0.0288131982,0.0639667213,0.1382625997,5,9e-05,0,0,0,raw/earnings22-test-epoch-5-no_aug.jsonl
earnings22,test,no_aug,post_update,34,6,0.0749612103,0.0127527420,0.0581996739,0.0935836285,5,9e-05,0,0,0,raw/earnings22-test-epoch-5-no_aug.jsonl
earnings22,test,no_aug,post_update,35,6,0.0755362796,0.0107983821,0.0628626496,0.0912917554,5,9e-05,0,0,0,raw/earnings22-test-epoch-5-no_aug.jsonl
earnings22,test,no_aug,post_update,36,6,0.0730369619,0.0129456856,0.0615874752,0.0903645158,5,9e-05,0,0,0,raw/earnings22-test-epoch-5-no_aug.jsonl
earnings22,test,no_aug,post_update,37,6,0.0674445995,0.0207796005,0.0426562391,0.0955960602,5,9e-05,0,0,0,raw/earnings22-test-epoch-5-no_aug.jsonl
earnings22,test,no_aug,post_update,38,6,0.0815713021,0.0252929727,0.0543423295,0.1116476581,5,9e-05,0,0,0,raw/earnings22-test-epoch-5-no_aug.jsonl
earnings22,test,no_aug,post_update,39,6,0.0762022821,0.0175015888,0.0476961434,0.0917049274,5,9e-05,0,0,0,raw/earnings22-test-epoch-5-no_aug.jsonl
earnings22,test,no_aug,post_update,40,6,0.0692432150,0.0221655316,0.0456929728,0.1016619802,5,9e-05,0,0,0,raw/earnings22-test-epoch-5-no_aug.jsonl
earnings22,test,no_aug,post_update,41,6,0.0907560562,0.0494280879,0.0581009276,0.1889462918,5,9e-05,0,0,0,raw/earnings22-test-epoch-5-no_aug.jsonl
earnings22,test,no_aug,post_update,42,6,0.0556526538,0.0100941806,0.0415862016,0.0679319203,5,9e-05,0,0,0,raw/earnings22-test-epoch-5-no_aug.jsonl
earnings22,test,no_aug,post_update,43,6,0.0712653374,0.0275072043,0.0342005119,0.1002047956,5,9e-05,0,0,0,raw/earnings22-test-epoch-5-no_aug.jsonl
earnings22,test,no_aug,post_update,44,6,0.0598294971,0.0182082482,0.0359746106,0.0893496573,5,9e-05,0,0,0,raw/earnings22-test-epoch-5-no_aug.jsonl
earnings22,test,no_aug,post_update,45,6,0.0713476619,0.0297675655,0.0422928706,0.1148647219,5,9e-05,0,0,0,raw/earnings22-test-epoch-5-no_aug.jsonl
earnings22,test,no_aug,post_update,46,6,0.0580413404,0.0077084761,0.0437530577,0.0661457852,5,9e-05,0,0,0,raw/earnings22-test-epoch-5-no_aug.jsonl
earnings22,test,no_aug,post_update,47,6,0.0593654631,0.0131502814,0.0498749837,0.0855095759,5,9e-05,0,0,0,raw/earnings22-test-epoch-5-no_aug.jsonl
earnings22,test,no_aug,post_update,48,6,0.0592845747,0.0181576723,0.0374118537,0.0811819881,5,9e-05,0,0,0,raw/earnings22-test-epoch-5-no_aug.jsonl
earnings22,test,no_aug,post_update,49,6,0.0785352302,0.0330579420,0.0348935127,0.1207495853,5,9e-05,0,0,0,raw/earnings22-test-epoch-5-no_aug.jsonl
earnings22,test,no_aug,post_update,50,6,0.0521718947,0.0080864060,0.0408930816,0.0621288158,5,9e-05,0,0,0,raw/earnings22-test-epoch-5-no_aug.jsonl
earnings22,test,no_aug,post_update,51,6,0.0618628692,0.0217679441,0.0436792076,0.1027721912,5,9e-05,0,0,0,raw/earnings22-test-epoch-5-no_aug.jsonl
earnings22,test,no_aug,post_update,52,6,0.0570695680,0.0210710713,0.0350873545,0.0810761079,5,9e-05,0,0,0,raw/earnings22-test-epoch-5-no_aug.jsonl
earnings22,test,no_aug,post_update,53,6,0.0616723485,0.0206894237,0.0338021368,0.0860125944,5,9e-05,0,0,0,raw/earnings22-test-epoch-5-no_aug.jsonl
earnings22,test,no_aug,post_update,54,6,0.0598624678,0.0209407508,0.0403608792,0.0940165520,5,9e-05,0,0,0,raw/earnings22-test-epoch-5-no_aug.jsonl
earnings22,test,no_aug,post_update,55,6,0.0523843200,0.0167321184,0.0374535061,0.0788993314,5,9e-05,0,0,0,raw/earnings22-test-epoch-5-no_aug.jsonl
earnings22,test,no_aug,post_update,56,6,0.0451409680,0.0065090523,0.0395793132,0.0572527125,5,9e-05,0,0,0,raw/earnings22-test-epoch-5-no_aug.jsonl
earnings22,test,no_aug,post_update,57,6,0.0598823987,0.0158358179,0.0412652791,0.0851170942,5,9e-05,0,0,0,raw/earnings22-test-epoch-5-no_aug.jsonl
earnings22,test,no_aug,post_update,58,6,0.0487423968,0.0126941022,0.0317918621,0.0711397305,5,9e-05,0,0,0,raw/earnings22-test-epoch-5-no_aug.jsonl
earnings22,test,no_aug,post_update,59,6,0.0553591099,0.0240272251,0.0281213280,0.0966606438,5,9e-05,0,0,0,raw/earnings22-test-epoch-5-no_aug.jsonl
earnings22,test,no_aug,post_update,60,6,0.0597271615,0.0140036911,0.0425563641,0.0828635395,5,9e-05,0,0,0,raw/earnings22-test-epoch-5-no_aug.jsonl
earnings22,test,no_aug,post_update,61,6,0.0642015090,0.0206984691,0.0419190228,0.0952093899,5,9e-05,0,0,0,raw/earnings22-test-epoch-5-no_aug.jsonl
earnings22,test,no_aug,post_update,62,6,0.0470813960,0.0143924317,0.0346592218,0.0718536824,5,9e-05,0,0,0,raw/earnings22-test-epoch-5-no_aug.jsonl
earnings22,test,no_aug,post_update,63,6,0.0458885341,0.0187733630,0.0251463894,0.0716843531,5,9e-05,0,0,0,raw/earnings22-test-epoch-5-no_aug.jsonl
earnings22,test,no_aug,post_update,64,6,0.0536466179,0.0190956989,0.0302446187,0.0788692981,5,9e-05,0,0,0,raw/earnings22-test-epoch-5-no_aug.jsonl
earnings22,test,no_aug,post_update,65,6,0.0493934713,0.0157291820,0.0285062715,0.0700244308,5,9e-05,0,0,0,raw/earnings22-test-epoch-5-no_aug.jsonl
earnings22,test,no_aug,post_update,66,6,0.0414027485,0.0119742421,0.0286344253,0.0631242096,5,9e-05,0,0,0,raw/earnings22-test-epoch-5-no_aug.jsonl
earnings22,test,no_aug,post_update,67,6,0.0570298340,0.0264620219,0.0339704677,0.1087563485,5,9e-05,0,0,0,raw/earnings22-test-epoch-5-no_aug.jsonl
earnings22,test,no_aug,post_update,68,6,0.0534395625,0.0154418578,0.0350095592,0.0765226632,5,9e-05,0,0,0,raw/earnings22-test-epoch-5-no_aug.jsonl
earnings22,test,no_aug,post_update,69,6,0.0482078555,0.0150700637,0.0277205259,0.0637670755,5,9e-05,0,0,0,raw/earnings22-test-epoch-5-no_aug.jsonl
earnings22,test,no_aug,post_update,70,6,0.0436716098,0.0113062746,0.0280092806,0.0621945821,5,9e-05,0,0,0,raw/earnings22-test-epoch-5-no_aug.jsonl
earnings22,test,no_aug,post_update,71,6,0.0465131576,0.0175935574,0.0315014049,0.0802652240,5,9e-05,0,0,0,raw/earnings22-test-epoch-5-no_aug.jsonl
earnings22,test,no_aug,post_update,72,6,0.0396419950,0.0115754336,0.0273092762,0.0543780997,5,9e-05,0,0,0,raw/earnings22-test-epoch-5-no_aug.jsonl
earnings22,test,no_aug,post_update,73,6,0.0477568504,0.0226001613,0.0233226735,0.0780698359,5,9e-05,0,0,0,raw/earnings22-test-epoch-5-no_aug.jsonl
earnings22,test,no_aug,post_update,74,6,0.0347369382,0.0085401807,0.0232842341,0.0450505428,5,9e-05,0,0,0,raw/earnings22-test-epoch-5-no_aug.jsonl
earnings22,test,no_aug,post_update,75,6,0.0443852016,0.0148319752,0.0345080867,0.0743812770,5,9e-05,0,0,0,raw/earnings22-test-epoch-5-no_aug.jsonl
earnings22,test,no_aug,post_update,76,6,0.0443288752,0.0140423601,0.0253356472,0.0617425814,5,9e-05,0,0,0,raw/earnings22-test-epoch-5-no_aug.jsonl
earnings22,test,no_aug,post_update,77,6,0.0467752473,0.0193307124,0.0272086896,0.0759128928,5,9e-05,0,0,0,raw/earnings22-test-epoch-5-no_aug.jsonl
earnings22,test,no_aug,post_update,78,6,0.0461382947,0.0180188757,0.0261100680,0.0688353181,5,9e-05,0,0,0,raw/earnings22-test-epoch-5-no_aug.jsonl
earnings22,test,no_aug,post_update,79,6,0.0357968239,0.0139739368,0.0209559500,0.0557914078,5,9e-05,0,0,0,raw/earnings22-test-epoch-5-no_aug.jsonl
earnings22,test,no_aug,post_update,80,6,0.0368448300,0.0094288959,0.0257034786,0.0530334488,5,9e-05,0,0,0,raw/earnings22-test-epoch-5-no_aug.jsonl
earnings22,test,no_aug,post_update,81,6,0.0359872164,0.0095589536,0.0254727416,0.0536270663,5,9e-05,0,0,0,raw/earnings22-test-epoch-5-no_aug.jsonl
earnings22,test,no_aug,post_update,82,6,0.0379464452,0.0065554024,0.0305072255,0.0467253961,5,9e-05,0,0,0,raw/earnings22-test-epoch-5-no_aug.jsonl
earnings22,test,no_aug,post_update,83,6,0.0406379178,0.0132408173,0.0285028219,0.0614111274,5,9e-05,0,0,0,raw/earnings22-test-epoch-5-no_aug.jsonl
earnings22,test,no_aug,post_update,84,6,0.0315833827,0.0086194985,0.0180811621,0.0421098992,5,9e-05,0,0,0,raw/earnings22-test-epoch-5-no_aug.jsonl
earnings22,test,no_aug,post_update,85,6,0.0431154016,0.0092618182,0.0267005712,0.0540777221,5,9e-05,0,0,0,raw/earnings22-test-epoch-5-no_aug.jsonl
earnings22,test,no_aug,post_update,86,6,0.0342773053,0.0119490390,0.0255610868,0.0557448007,5,9e-05,0,0,0,raw/earnings22-test-epoch-5-no_aug.jsonl
earnings22,test,no_aug,post_update,87,6,0.0414304053,0.0140019556,0.0286571961,0.0685710162,5,9e-05,0,0,0,raw/earnings22-test-epoch-5-no_aug.jsonl
earnings22,test,no_aug,post_update,88,6,0.0344869336,0.0122293847,0.0161000639,0.0510919876,5,9e-05,0,0,0,raw/earnings22-test-epoch-5-no_aug.jsonl
earnings22,test,no_aug,post_update,89,6,0.0379030434,0.0176208349,0.0222671982,0.0671548694,5,9e-05,0,0,0,raw/earnings22-test-epoch-5-no_aug.jsonl
earnings22,test,no_aug,post_update,90,6,0.0342737939,0.0088505047,0.0181681924,0.0420551114,5,9e-05,0,0,0,raw/earnings22-test-epoch-5-no_aug.jsonl
earnings22,test,no_aug,post_update,91,6,0.0438579768,0.0144133963,0.0281698592,0.0605857670,5,9e-05,0,0,0,raw/earnings22-test-epoch-5-no_aug.jsonl
earnings22,test,no_aug,post_update,92,6,0.0348875951,0.0131382251,0.0223782063,0.0574476272,5,9e-05,0,0,0,raw/earnings22-test-epoch-5-no_aug.jsonl
earnings22,test,no_aug,post_update,93,6,0.0395311738,0.0129269851,0.0235048980,0.0631566793,5,9e-05,0,0,0,raw/earnings22-test-epoch-5-no_aug.jsonl
earnings22,test,no_aug,post_update,94,6,0.0398683473,0.0128106509,0.0229878686,0.0527281463,5,9e-05,0,0,0,raw/earnings22-test-epoch-5-no_aug.jsonl
earnings22,test,no_aug,post_update,95,6,0.0421026250,0.0085446435,0.0324920639,0.0548199117,5,9e-05,0,0,0,raw/earnings22-test-epoch-5-no_aug.jsonl
earnings22,test,no_aug,post_update,96,6,0.0341213094,0.0078350354,0.0234276205,0.0448252559,5,9e-05,0,0,0,raw/earnings22-test-epoch-5-no_aug.jsonl
earnings22,test,no_aug,post_update,97,6,0.0354107659,0.0057536574,0.0286197253,0.0446836986,5,9e-05,0,0,0,raw/earnings22-test-epoch-5-no_aug.jsonl
earnings22,test,no_aug,post_update,98,6,0.0322786079,0.0061375001,0.0242404491,0.0410633013,5,9e-05,0,0,0,raw/earnings22-test-epoch-5-no_aug.jsonl
earnings22,test,no_aug,post_update,99,6,0.0372082802,0.0079695950,0.0290024281,0.0501758717,5,9e-05,0,0,0,raw/earnings22-test-epoch-5-no_aug.jsonl
earnings22,test,no_aug,post_update,100,6,0.0303922625,0.0093175697,0.0224968754,0.0478768311,5,9e-05,0,0,0,raw/earnings22-test-epoch-5-no_aug.jsonl
earnings22,test,no_aug,post_update,101,6,0.0376698750,0.0119568511,0.0273470748,0.0602978393,5,9e-05,0,0,0,raw/earnings22-test-epoch-5-no_aug.jsonl
earnings22,test,no_aug,post_update,102,6,0.0385857013,0.0121547762,0.0270935223,0.0597153530,5,9e-05,0,0,0,raw/earnings22-test-epoch-5-no_aug.jsonl
earnings22,test,no_aug,post_update,103,6,0.0332186039,0.0172138952,0.0202118400,0.0662617683,5,9e-05,0,0,0,raw/earnings22-test-epoch-5-no_aug.jsonl
earnings22,test,no_aug,post_update,104,6,0.0360260367,0.0116528089,0.0282607321,0.0589265674,5,9e-05,0,0,0,raw/earnings22-test-epoch-5-no_aug.jsonl
earnings22,test,no_aug,post_update,105,6,0.0330296050,0.0140308519,0.0209146552,0.0606010146,5,9e-05,0,0,0,raw/earnings22-test-epoch-5-no_aug.jsonl
earnings22,test,no_aug,post_update,106,6,0.0359143186,0.0092986545,0.0238870978,0.0484649427,5,9e-05,0,0,0,raw/earnings22-test-epoch-5-no_aug.jsonl
earnings22,test,no_aug,post_update,107,6,0.0304779010,0.0050315751,0.0215499178,0.0352851227,5,9e-05,0,0,0,raw/earnings22-test-epoch-5-no_aug.jsonl
earnings22,test,no_aug,post_update,108,6,0.0309465708,0.0060847337,0.0235897377,0.0402533337,5,9e-05,0,0,0,raw/earnings22-test-epoch-5-no_aug.jsonl
earnings22,test,no_aug,post_update,109,6,0.0354909475,0.0172289643,0.0186210088,0.0636657551,5,9e-05,0,0,0,raw/earnings22-test-epoch-5-no_aug.jsonl
earnings22,test,no_aug,post_update,110,6,0.0283957229,0.0037334438,0.0234203599,0.0341479927,5,9e-05,0,0,0,raw/earnings22-test-epoch-5-no_aug.jsonl
earnings22,test,no_aug,post_update,111,6,0.0336155420,0.0175771091,0.0217182506,0.0684434995,5,9e-05,0,0,0,raw/earnings22-test-epoch-5-no_aug.jsonl
earnings22,test,no_aug,post_update,112,6,0.0360077436,0.0105135430,0.0283983983,0.0569374897,5,9e-05,0,0,0,raw/earnings22-test-epoch-5-no_aug.jsonl
earnings22,test,no_aug,post_update,113,6,0.0317453671,0.0094913581,0.0234702919,0.0488283709,5,9e-05,0,0,0,raw/earnings22-test-epoch-5-no_aug.jsonl
earnings22,test,no_aug,post_update,114,6,0.0287855525,0.0082983585,0.0221787170,0.0451215878,5,9e-05,0,0,0,raw/earnings22-test-epoch-5-no_aug.jsonl
earnings22,test,no_aug,post_update,115,6,0.0299779192,0.0074805483,0.0216974355,0.0405549519,5,9e-05,0,0,0,raw/earnings22-test-epoch-5-no_aug.jsonl
earnings22,test,no_aug,post_update,116,6,0.0315342459,0.0031323251,0.0284619238,0.0356314182,5,9e-05,0,0,0,raw/earnings22-test-epoch-5-no_aug.jsonl
earnings22,test,no_aug,post_update,117,6,0.0247304467,0.0043728409,0.0180864111,0.0297108237,5,9e-05,0,0,0,raw/earnings22-test-epoch-5-no_aug.jsonl
earnings22,test,no_aug,post_update,118,6,0.0326231628,0.0097375543,0.0204682890,0.0458985008,5,9e-05,0,0,0,raw/earnings22-test-epoch-5-no_aug.jsonl
earnings22,test,no_aug,post_update,119,6,0.0340626830,0.0151732630,0.0194932483,0.0540843830,5,9e-05,0,0,0,raw/earnings22-test-epoch-5-no_aug.jsonl
earnings22,test,no_aug,post_update,120,6,0.0312958701,0.0071413754,0.0219778437,0.0392144844,5,9e-05,0,0,0,raw/earnings22-test-epoch-5-no_aug.jsonl
earnings22,test,no_aug,post_update,121,6,0.0273663737,0.0043941129,0.0193876382,0.0314473808,5,9e-05,0,0,0,raw/earnings22-test-epoch-5-no_aug.jsonl
earnings22,test,no_aug,post_update,122,6,0.0366607948,0.0143010992,0.0186250210,0.0556085296,5,9e-05,0,0,0,raw/earnings22-test-epoch-5-no_aug.jsonl
earnings22,test,no_aug,post_update,123,6,0.0240003957,0.0047703256,0.0194518864,0.0306266788,5,9e-05,0,0,0,raw/earnings22-test-epoch-5-no_aug.jsonl
earnings22,test,no_aug,post_update,124,6,0.0319758958,0.0084333745,0.0222149231,0.0455953479,5,9e-05,0,0,0,raw/earnings22-test-epoch-5-no_aug.jsonl
earnings22,test,no_aug,post_update,125,6,0.0310800656,0.0068263364,0.0218834281,0.0412128195,5,9e-05,0,0,0,raw/earnings22-test-epoch-5-no_aug.jsonl
earnings22,test,no_aug,post_update,126,6,0.0322940514,0.0080944997,0.0228891000,0.0418350771,5,9e-05,0,0,0,raw/earnings22-test-epoch-5-no_aug.jsonl
earnings22,test,no_aug,post_update,127,6,0.0274910592,0.0110273448,0.0172047019,0.0470307656,5,9e-05,0,0,0,raw/earnings22-test-epoch-5-no_aug.jsonl
earnings22,test,no_aug,post_update,128,6,0.0286181072,0.0100555275,0.0158142317,0.0408580080,5,9e-05,0,0,0,raw/earnings22-test-epoch-5-no_aug.jsonl
earnings22,test,no_aug,post_update,129,6,0.0308575863,0.0131709164,0.0183462594,0.0544326007,5,9e-05,0,0,0,raw/earnings22-test-epoch-5-no_aug.jsonl
earnings22,test,no_aug,post_update,130,6,0.0262011178,0.0100472370,0.0177673697,0.0444944724,5,9e-05,0,0,0,raw/earnings22-test-epoch-5-no_aug.jsonl
earnings22,test,no_aug,post_update,131,6,0.0257250176,0.0048140818,0.0209277868,0.0340325609,5,9e-05,0,0,0,raw/earnings22-test-epoch-5-no_aug.jsonl
earnings22,test,no_aug,post_update,132,6,0.0270705288,0.0101851500,0.0211938135,0.0476229340,5,9e-05,0,0,0,raw/earnings22-test-epoch-5-no_aug.jsonl
earnings22,test,no_aug,post_update,133,6,0.0260903494,0.0047210452,0.0191670470,0.0329506621,5,9e-05,0,0,0,raw/earnings22-test-epoch-5-no_aug.jsonl
earnings22,test,no_aug,post_update,134,6,0.0304972269,0.0099566294,0.0149891693,0.0434326008,5,9e-05,0,0,0,raw/earnings22-test-epoch-5-no_aug.jsonl
earnings22,test,no_aug,post_update,135,6,0.0301408538,0.0072444598,0.0237442106,0.0436490253,5,9e-05,0,0,0,raw/earnings22-test-epoch-5-no_aug.jsonl
earnings22,test,no_aug,post_update,136,6,0.0269342439,0.0105181552,0.0156151420,0.0440595783,5,9e-05,0,0,0,raw/earnings22-test-epoch-5-no_aug.jsonl
earnings22,test,no_aug,post_update,137,6,0.0295571660,0.0111017892,0.0164251588,0.0489406213,5,9e-05,0,0,0,raw/earnings22-test-epoch-5-no_aug.jsonl
earnings22,test,no_aug,post_update,138,6,0.0270021825,0.0081623548,0.0170506164,0.0380273685,5,9e-05,0,0,0,raw/earnings22-test-epoch-5-no_aug.jsonl
earnings22,test,no_aug,post_update,139,6,0.0265005426,0.0079218337,0.0168135837,0.0401471667,5,9e-05,0,0,0,raw/earnings22-test-epoch-5-no_aug.jsonl
earnings22,test,no_aug,post_update,140,6,0.0273162629,0.0087107516,0.0197262503,0.0442104973,5,9e-05,0,0,0,raw/earnings22-test-epoch-5-no_aug.jsonl
earnings22,test,no_aug,post_update,141,6,0.0265844126,0.0085268623,0.0164831597,0.0399637818,5,9e-05,0,0,0,raw/earnings22-test-epoch-5-no_aug.jsonl
earnings22,test,no_aug,post_update,142,6,0.0258257460,0.0068805051,0.0176519118,0.0350265056,5,9e-05,0,0,0,raw/earnings22-test-epoch-5-no_aug.jsonl
earnings22,test,no_aug,post_update,143,6,0.0228616847,0.0080618310,0.0158187263,0.0343081430,5,9e-05,0,0,0,raw/earnings22-test-epoch-5-no_aug.jsonl
earnings22,test,no_aug,post_update,144,6,0.0273926013,0.0105891013,0.0174670592,0.0464630052,5,9e-05,0,0,0,raw/earnings22-test-epoch-5-no_aug.jsonl
earnings22,test,no_aug,post_update,145,6,0.0246111316,0.0073193798,0.0142665971,0.0360674001,5,9e-05,0,0,0,raw/earnings22-test-epoch-5-no_aug.jsonl
earnings22,test,no_aug,post_update,146,6,0.0234737840,0.0030802331,0.0206572320,0.0286221635,5,9e-05,0,0,0,raw/earnings22-test-epoch-5-no_aug.jsonl
earnings22,test,no_aug,post_update,147,6,0.0321926366,0.0130335880,0.0190467592,0.0512582213,5,9e-05,0,0,0,raw/earnings22-test-epoch-5-no_aug.jsonl
earnings22,test,no_aug,post_update,148,6,0.0230814523,0.0065190125,0.0150474496,0.0333851315,5,9e-05,0,0,0,raw/earnings22-test-epoch-5-no_aug.jsonl
earnings22,test,no_aug,post_update,149,6,0.0308499880,0.0136430360,0.0167462453,0.0470366813,5,9e-05,0,0,0,raw/earnings22-test-epoch-5-no_aug.jsonl
earnings22,test,no_aug,post_update,150,6,0.0233005152,0.0057657071,0.0166397840,0.0295771994,5,9e-05,0,0,0,raw/earnings22-test-epoch-5-no_aug.jsonl
earnings22,test,no_aug,post_update,151,6,0.0267040217,0.0094135490,0.0129051208,0.0399450660,5,9e-05,0,0,0,raw/earnings22-test-epoch-5-no_aug.jsonl
earnings22,test,no_aug,post_update,152,6,0.0273716132,0.0081670045,0.0153462412,0.0403380245,5,9e-05,0,0,0,raw/earnings22-test-epoch-5-no_aug.jsonl
earnings22,test,no_aug,post_update,153,6,0.0224570213,0.0036264416,0.0174489766,0.0277996454,5,9e-05,0,0,0,raw/earnings22-test-epoch-5-no_aug.jsonl
earnings22,test,no_aug,post_update,154,6,0.0277511203,0.0111681128,0.0125347218,0.0420527272,5,9e-05,0,0,0,raw/earnings22-test-epoch-5-no_aug.jsonl
earnings22,test,no_aug,post_update,155,6,0.0313512664,0.0097838477,0.0221513063,0.0490180477,5,9e-05,0,0,0,raw/earnings22-test-epoch-5-no_aug.jsonl
earnings22,test,no_aug,post_update,156,6,0.0278170276,0.0120687911,0.0170076471,0.0488073640,5,9e-05,0,0,0,raw/earnings22-test-epoch-5-no_aug.jsonl
earnings22,test,no_aug,post_update,157,6,0.0264189706,0.0073935415,0.0172462948,0.0362939835,5,9e-05,0,0,0,raw/earnings22-test-epoch-5-no_aug.jsonl
earnings22,test,no_aug,post_update,158,6,0.0247598927,0.0074961604,0.0164244510,0.0378480256,5,9e-05,0,0,0,raw/earnings22-test-epoch-5-no_aug.jsonl
earnings22,test,no_aug,post_update,159,6,0.0243697499,0.0059687408,0.0191980805,0.0353697464,5,9e-05,0,0,0,raw/earnings22-test-epoch-5-no_aug.jsonl
earnings22,test,no_aug,post_update,160,6,0.0291932784,0.0098238880,0.0212078188,0.0470447429,5,9e-05,0,0,0,raw/earnings22-test-epoch-5-no_aug.jsonl
earnings22,test,no_aug,post_update,161,6,0.0246534583,0.0072245340,0.0158249568,0.0363368690,5,9e-05,0,0,0,raw/earnings22-test-epoch-5-no_aug.jsonl
earnings22,test,no_aug,post_update,162,6,0.0277046254,0.0107235360,0.0130149480,0.0400690660,5,9e-05,0,0,0,raw/earnings22-test-epoch-5-no_aug.jsonl
earnings22,test,no_aug,post_update,163,6,0.0242833138,0.0081503686,0.0148219559,0.0372257829,5,9e-05,0,0,0,raw/earnings22-test-epoch-5-no_aug.jsonl
earnings22,test,no_aug,post_update,164,6,0.0275307068,0.0081086734,0.0196705908,0.0396419652,5,9e-05,0,0,0,raw/earnings22-test-epoch-5-no_aug.jsonl
earnings22,test,no_aug,post_update,165,6,0.0261776398,0.0105516212,0.0165686235,0.0421964228,5,9e-05,0,0,0,raw/earnings22-test-epoch-5-no_aug.jsonl
earnings22,test,no_aug,post_update,166,6,0.0234007780,0.0051075277,0.0172614697,0.0307506435,5,9e-05,0,0,0,raw/earnings22-test-epoch-5-no_aug.jsonl
earnings22,test,no_aug,post_update,167,6,0.0230309412,0.0068788104,0.0155631145,0.0316838920,5,9e-05,0,0,0,raw/earnings22-test-epoch-5-no_aug.jsonl
earnings22,test,no_aug,post_update,168,6,0.0265101657,0.0054989562,0.0200667046,0.0354583934,5,9e-05,0,0,0,raw/earnings22-test-epoch-5-no_aug.jsonl
earnings22,test,no_aug,post_update,169,6,0.0235196858,0.0043861409,0.0152839087,0.0281853918,5,9e-05,0,0,0,raw/earnings22-test-epoch-5-no_aug.jsonl
earnings22,test,no_aug,post_update,170,6,0.0268662519,0.0109223629,0.0177872982,0.0483588353,5,9e-05,0,0,0,raw/earnings22-test-epoch-5-no_aug.jsonl
earnings22,test,no_aug,post_update,171,6,0.0242616634,0.0092519978,0.0122026019,0.0349750742,5,9e-05,0,0,0,raw/earnings22-test-epoch-5-no_aug.jsonl
earnings22,test,no_aug,post_update,172,6,0.0253962055,0.0103842714,0.0151694659,0.0429413468,5,9e-05,0,0,0,raw/earnings22-test-epoch-5-no_aug.jsonl
earnings22,test,no_aug,post_update,173,6,0.0240319160,0.0081676831,0.0128638670,0.0361617580,5,9e-05,0,0,0,raw/earnings22-test-epoch-5-no_aug.jsonl
earnings22,test,no_aug,post_update,174,6,0.0265375106,0.0066384155,0.0207708925,0.0372921154,5,9e-05,0,0,0,raw/earnings22-test-epoch-5-no_aug.jsonl
earnings22,test,no_aug,post_update,175,6,0.0284432049,0.0106951127,0.0161635466,0.0429896265,5,9e-05,0,0,0,raw/earnings22-test-epoch-5-no_aug.jsonl
earnings22,test,no_aug,post_update,176,6,0.0277489709,0.0072320379,0.0144535992,0.0358061120,5,9e-05,0,0,0,raw/earnings22-test-epoch-5-no_aug.jsonl
earnings22,test,no_aug,post_update,177,6,0.0217086126,0.0084116774,0.0130494721,0.0370855182,5,9e-05,0,0,0,raw/earnings22-test-epoch-5-no_aug.jsonl
earnings22,test,no_aug,post_update,178,6,0.0245251420,0.0062494097,0.0178380888,0.0358718187,5,9e-05,0,0,0,raw/earnings22-test-epoch-5-no_aug.jsonl
earnings22,test,no_aug,post_update,179,6,0.0258038019,0.0068019244,0.0189365223,0.0346404538,5,9e-05,0,0,0,raw/earnings22-test-epoch-5-no_aug.jsonl
earnings22,test,no_aug,post_update,180,6,0.0267662671,0.0094437329,0.0143964281,0.0396461710,5,9e-05,0,0,0,raw/earnings22-test-epoch-5-no_aug.jsonl
earnings22,test,no_aug,post_update,181,6,0.0247935299,0.0075131412,0.0140779726,0.0350581482,5,9e-05,0,0,0,raw/earnings22-test-epoch-5-no_aug.jsonl
earnings22,test,no_aug,post_update,182,6,0.0281679944,0.0110733809,0.0169180036,0.0458527505,5,9e-05,0,0,0,raw/earnings22-test-epoch-5-no_aug.jsonl
earnings22,test,no_aug,post_update,183,6,0.0239301318,0.0045931314,0.0185903348,0.0301341470,5,9e-05,0,0,0,raw/earnings22-test-epoch-5-no_aug.jsonl
earnings22,test,no_aug,post_update,184,6,0.0266774095,0.0082053297,0.0178869534,0.0401975065,5,9e-05,0,0,0,raw/earnings22-test-epoch-5-no_aug.jsonl
earnings22,test,no_aug,post_update,185,6,0.0226875252,0.0060789899,0.0157399047,0.0299825668,5,9e-05,0,0,0,raw/earnings22-test-epoch-5-no_aug.jsonl
earnings22,test,no_aug,post_update,186,6,0.0241742597,0.0087002425,0.0131027400,0.0365369171,5,9e-05,0,0,0,raw/earnings22-test-epoch-5-no_aug.jsonl
earnings22,test,no_aug,post_update,187,6,0.0260359248,0.0147955086,0.0140740685,0.0501575395,5,9e-05,0,0,0,raw/earnings22-test-epoch-5-no_aug.jsonl
earnings22,test,no_aug,post_update,188,6,0.0260522387,0.0104392173,0.0155154895,0.0401003584,5,9e-05,0,0,0,raw/earnings22-test-epoch-5-no_aug.jsonl
earnings22,test,no_aug,post_update,189,6,0.0228924646,0.0084859078,0.0118284337,0.0337758437,5,9e-05,0,0,0,raw/earnings22-test-epoch-5-no_aug.jsonl
earnings22,test,no_aug,post_update,190,6,0.0243935759,0.0062995656,0.0186183471,0.0346186012,5,9e-05,0,0,0,raw/earnings22-test-epoch-5-no_aug.jsonl
earnings22,test,no_aug,post_update,191,6,0.0185935018,0.0051437895,0.0140135232,0.0271845777,5,9e-05,0,0,0,raw/earnings22-test-epoch-5-no_aug.jsonl
earnings22,test,no_aug,post_update,192,6,0.0216184302,0.0080214389,0.0109099653,0.0312107615,5,9e-05,0,0,0,raw/earnings22-test-epoch-5-no_aug.jsonl
earnings22,test,no_aug,post_update,193,6,0.0276507816,0.0080547738,0.0189933889,0.0418090411,5,9e-05,0,0,0,raw/earnings22-test-epoch-5-no_aug.jsonl
earnings22,test,no_aug,post_update,194,6,0.0201527917,0.0065700683,0.0138619430,0.0293613560,5,9e-05,0,0,0,raw/earnings22-test-epoch-5-no_aug.jsonl
earnings22,test,no_aug,post_update,195,6,0.0232983100,0.0058986565,0.0153061030,0.0294073243,5,9e-05,0,0,0,raw/earnings22-test-epoch-5-no_aug.jsonl
earnings22,test,no_aug,post_update,196,6,0.0223920235,0.0105230332,0.0128040900,0.0402005687,5,9e-05,0,0,0,raw/earnings22-test-epoch-5-no_aug.jsonl
earnings22,test,no_aug,post_update,197,6,0.0257929283,0.0114246870,0.0152678872,0.0418556631,5,9e-05,0,0,0,raw/earnings22-test-epoch-5-no_aug.jsonl
earnings22,test,no_aug,post_update,198,6,0.0207011568,0.0087160711,0.0133219631,0.0371082053,5,9e-05,0,0,0,raw/earnings22-test-epoch-5-no_aug.jsonl
earnings22,test,no_aug,post_update,199,6,0.0257474864,0.0097144837,0.0160002243,0.0439345390,5,9e-05,0,0,0,raw/earnings22-test-epoch-5-no_aug.jsonl
earnings22,test,no_aug,post_update,200,6,0.0235002774,0.0077565673,0.0140547957,0.0357019156,5,9e-05,0,0,0,raw/earnings22-test-epoch-5-no_aug.jsonl
earnings22,test,no_aug,post_update,201,6,0.0209020146,0.0045165160,0.0157207288,0.0275421999,5,9e-05,0,0,0,raw/earnings22-test-epoch-5-no_aug.jsonl
earnings22,test,no_aug,post_update,202,6,0.0208346462,0.0080780719,0.0110424533,0.0337323248,5,9e-05,0,0,0,raw/earnings22-test-epoch-5-no_aug.jsonl
earnings22,test,no_aug,post_update,203,6,0.0238332905,0.0085953834,0.0150139881,0.0352860019,5,9e-05,0,0,0,raw/earnings22-test-epoch-5-no_aug.jsonl
earnings22,test,no_aug,post_update,204,6,0.0173622943,0.0034588192,0.0134986518,0.0233157743,5,9e-05,0,0,0,raw/earnings22-test-epoch-5-no_aug.jsonl
earnings22,test,no_aug,post_update,205,6,0.0208442487,0.0060646582,0.0157578308,0.0310371425,5,9e-05,0,0,0,raw/earnings22-test-epoch-5-no_aug.jsonl
earnings22,test,no_aug,post_update,206,6,0.0236987496,0.0114607394,0.0138672236,0.0389250778,5,9e-05,0,0,0,raw/earnings22-test-epoch-5-no_aug.jsonl
earnings22,test,no_aug,post_update,207,6,0.0201510197,0.0067530967,0.0125481663,0.0278540328,5,9e-05,0,0,0,raw/earnings22-test-epoch-5-no_aug.jsonl
earnings22,test,no_aug,post_update,208,6,0.0191142072,0.0061579820,0.0150441974,0.0312689878,5,9e-05,0,0,0,raw/earnings22-test-epoch-5-no_aug.jsonl
earnings22,test,no_aug,post_update,209,6,0.0200901671,0.0070543832,0.0135575598,0.0292834137,5,9e-05,0,0,0,raw/earnings22-test-epoch-5-no_aug.jsonl
earnings22,test,no_aug,post_update,210,6,0.0224429197,0.0098574570,0.0102729155,0.0346821733,5,9e-05,0,0,0,raw/earnings22-test-epoch-5-no_aug.jsonl
earnings22,test,no_aug,post_update,211,6,0.0249547036,0.0079033432,0.0184652265,0.0406343788,5,9e-05,0,0,0,raw/earnings22-test-epoch-5-no_aug.jsonl
earnings22,test,no_aug,post_update,212,6,0.0234444980,0.0104947470,0.0138344951,0.0397617966,5,9e-05,0,0,0,raw/earnings22-test-epoch-5-no_aug.jsonl
earnings22,test,no_aug,post_update,213,6,0.0192550418,0.0061916982,0.0142826196,0.0312593579,5,9e-05,0,0,0,raw/earnings22-test-epoch-5-no_aug.jsonl
earnings22,test,no_aug,post_update,214,6,0.0188671352,0.0052836485,0.0126651498,0.0266436022,5,9e-05,0,0,0,raw/earnings22-test-epoch-5-no_aug.jsonl
earnings22,test,no_aug,post_update,215,6,0.0198058809,0.0064379145,0.0109524876,0.0278921239,5,9e-05,0,0,0,raw/earnings22-test-epoch-5-no_aug.jsonl
earnings22,test,no_aug,post_update,216,6,0.0225694949,0.0060375519,0.0149488617,0.0332853235,5,9e-05,0,0,0,raw/earnings22-test-epoch-5-no_aug.jsonl
earnings22,test,no_aug,post_update,217,6,0.0234120423,0.0130204441,0.0140807834,0.0484196208,5,9e-05,0,0,0,raw/earnings22-test-epoch-5-no_aug.jsonl
earnings22,test,no_aug,post_update,218,6,0.0199999598,0.0069945395,0.0123076942,0.0289621130,5,9e-05,0,0,0,raw/earnings22-test-epoch-5-no_aug.jsonl
earnings22,test,no_aug,post_update,219,6,0.0223214884,0.0071901336,0.0132255238,0.0347943045,5,9e-05,0,0,0,raw/earnings22-test-epoch-5-no_aug.jsonl
earnings22,test,no_aug,post_update,220,6,0.0248850267,0.0088521242,0.0160348192,0.0411146134,5,9e-05,0,0,0,raw/earnings22-test-epoch-5-no_aug.jsonl
earnings22,test,no_aug,post_update,221,6,0.0190299745,0.0086722912,0.0104960548,0.0344523564,5,9e-05,0,0,0,raw/earnings22-test-epoch-5-no_aug.jsonl
earnings22,test,no_aug,post_update,222,6,0.0211646557,0.0075215000,0.0148215350,0.0356267244,5,9e-05,0,0,0,raw/earnings22-test-epoch-5-no_aug.jsonl
earnings22,test,no_aug,post_update,223,6,0.0200504619,0.0065663912,0.0118483743,0.0281514153,5,9e-05,0,0,0,raw/earnings22-test-epoch-5-no_aug.jsonl
earnings22,test,no_aug,post_update,224,6,0.0192227758,0.0074956514,0.0134055782,0.0335663855,5,9e-05,0,0,0,raw/earnings22-test-epoch-5-no_aug.jsonl
earnings22,test,no_aug,post_update,225,6,0.0221775522,0.0102840581,0.0131390654,0.0379767045,5,9e-05,0,0,0,raw/earnings22-test-epoch-5-no_aug.jsonl
earnings22,test,no_aug,post_update,226,6,0.0228338190,0.0122577809,0.0096711516,0.0415574163,5,9e-05,0,0,0,raw/earnings22-test-epoch-5-no_aug.jsonl
earnings22,test,no_aug,post_update,227,6,0.0169770589,0.0054547698,0.0110304737,0.0246860869,5,9e-05,0,0,0,raw/earnings22-test-epoch-5-no_aug.jsonl
earnings22,test,no_aug,post_update,228,6,0.0205790425,0.0066366362,0.0136499237,0.0317076519,5,9e-05,0,0,0,raw/earnings22-test-epoch-5-no_aug.jsonl
earnings22,test,no_aug,post_update,229,6,0.0211800675,0.0030947736,0.0183023680,0.0263242386,5,9e-05,0,0,0,raw/earnings22-test-epoch-5-no_aug.jsonl
earnings22,test,no_aug,post_update,230,6,0.0167446830,0.0052527558,0.0120703364,0.0246588793,5,9e-05,0,0,0,raw/earnings22-test-epoch-5-no_aug.jsonl
earnings22,test,no_aug,post_update,231,6,0.0217027244,0.0102587850,0.0145885060,0.0370980650,5,9e-05,0,0,0,raw/earnings22-test-epoch-5-no_aug.jsonl
earnings22,test,no_aug,post_update,232,6,0.0225923906,0.0080559909,0.0125854928,0.0334210582,5,9e-05,0,0,0,raw/earnings22-test-epoch-5-no_aug.jsonl
earnings22,test,no_aug,post_update,233,6,0.0215072289,0.0080071357,0.0116659347,0.0328006372,5,9e-05,0,0,0,raw/earnings22-test-epoch-5-no_aug.jsonl
earnings22,test,no_aug,post_update,234,6,0.0200204273,0.0069654652,0.0117117614,0.0288292766,5,9e-05,0,0,0,raw/earnings22-test-epoch-5-no_aug.jsonl
earnings22,test,no_aug,post_update,235,6,0.0182528179,0.0082516242,0.0125467032,0.0313349478,5,9e-05,0,0,0,raw/earnings22-test-epoch-5-no_aug.jsonl
earnings22,test,no_aug,post_update,236,6,0.0221843938,0.0090411724,0.0122225210,0.0322470330,5,9e-05,0,0,0,raw/earnings22-test-epoch-5-no_aug.jsonl
earnings22,test,no_aug,post_update,237,6,0.0199816941,0.0057729455,0.0148363225,0.0286159627,5,9e-05,0,0,0,raw/earnings22-test-epoch-5-no_aug.jsonl
earnings22,test,no_aug,post_update,238,6,0.0156926607,0.0034411314,0.0100834928,0.0193531215,5,9e-05,0,0,0,raw/earnings22-test-epoch-5-no_aug.jsonl
earnings22,test,no_aug,post_update,239,6,0.0226971141,0.0094203405,0.0127113536,0.0358702429,5,9e-05,0,0,0,raw/earnings22-test-epoch-5-no_aug.jsonl
earnings22,test,no_aug,post_update,240,6,0.0157204876,0.0042836728,0.0095942048,0.0220514387,5,9e-05,0,0,0,raw/earnings22-test-epoch-5-no_aug.jsonl
earnings22,test,no_aug,post_update,241,6,0.0186632834,0.0061188952,0.0136859939,0.0305109657,5,9e-05,0,0,0,raw/earnings22-test-epoch-5-no_aug.jsonl
earnings22,test,no_aug,post_update,242,6,0.0199252319,0.0085037540,0.0115752518,0.0357548483,5,9e-05,0,0,0,raw/earnings22-test-epoch-5-no_aug.jsonl
earnings22,test,no_aug,post_update,243,6,0.0210803611,0.0057464302,0.0136326738,0.0287656002,5,9e-05,0,0,0,raw/earnings22-test-epoch-5-no_aug.jsonl
earnings22,test,no_aug,post_update,244,6,0.0160642797,0.0045570804,0.0125090173,0.0226837564,5,9e-05,0,0,0,raw/earnings22-test-epoch-5-no_aug.jsonl
earnings22,test,no_aug,post_update,245,6,0.0174871758,0.0084110452,0.0084786154,0.0318011567,5,9e-05,0,0,0,raw/earnings22-test-epoch-5-no_aug.jsonl
earnings22,test,no_aug,post_update,246,6,0.0201644655,0.0071232140,0.0102605037,0.0284799691,5,9e-05,0,0,0,raw/earnings22-test-epoch-5-no_aug.jsonl
earnings22,test,no_aug,post_update,247,6,0.0214185268,0.0078214773,0.0127576590,0.0316629261,5,9e-05,0,0,0,raw/earnings22-test-epoch-5-no_aug.jsonl
earnings22,test,no_aug,post_update,248,6,0.0211061944,0.0103349135,0.0120329577,0.0388242900,5,9e-05,0,0,0,raw/earnings22-test-epoch-5-no_aug.jsonl
earnings22,test,no_aug,post_update,249,6,0.0224821614,0.0063579051,0.0159844197,0.0328198746,5,9e-05,0,0,0,raw/earnings22-test-epoch-5-no_aug.jsonl
earnings22,test,no_aug,post_update,250,6,0.0189386962,0.0062597865,0.0111997761,0.0272933356,5,9e-05,0,0,0,raw/earnings22-test-epoch-5-no_aug.jsonl
earnings22,test,no_aug,post_update,251,6,0.0181811214,0.0067327742,0.0121624684,0.0279912278,5,9e-05,0,0,0,raw/earnings22-test-epoch-5-no_aug.jsonl
earnings22,test,no_aug,post_update,252,6,0.0183907629,0.0057505616,0.0113268327,0.0250842292,5,9e-05,0,0,0,raw/earnings22-test-epoch-5-no_aug.jsonl
earnings22,test,no_aug,post_update,253,6,0.0219093352,0.0054558827,0.0152731398,0.0291183330,5,9e-05,0,0,0,raw/earnings22-test-epoch-5-no_aug.jsonl
earnings22,test,no_aug,post_update,254,6,0.0176044794,0.0064826690,0.0128881857,0.0290385075,5,9e-05,0,0,0,raw/earnings22-test-epoch-5-no_aug.jsonl
earnings22,test,no_aug,post_update,255,6,0.0184184276,0.0066781540,0.0118340515,0.0305432901,5,9e-05,0,0,0,raw/earnings22-test-epoch-5-no_aug.jsonl
earnings22,test,no_aug,post_update,256,6,0.0178888406,0.0061284833,0.0120546389,0.0287523847,5,9e-05,0,0,0,raw/earnings22-test-epoch-5-no_aug.jsonl
earnings22,test,no_aug,post_update,257,6,0.0185479390,0.0069070086,0.0096704885,0.0263989419,5,9e-05,0,0,0,raw/earnings22-test-epoch-5-no_aug.jsonl
earnings22,test,no_aug,post_update,258,6,0.0201013399,0.0050130103,0.0111829992,0.0249004401,5,9e-05,0,0,0,raw/earnings22-test-epoch-5-no_aug.jsonl
earnings22,test,no_aug,post_update,259,6,0.0157580261,0.0033866899,0.0124674588,0.0214539692,5,9e-05,0,0,0,raw/earnings22-test-epoch-5-no_aug.jsonl
earnings22,test,no_aug,post_update,260,6,0.0191027741,0.0072071924,0.0124660190,0.0316288024,5,9e-05,0,0,0,raw/earnings22-test-epoch-5-no_aug.jsonl
earnings22,test,no_aug,post_update,261,6,0.0166802796,0.0039997346,0.0136383921,0.0245491769,5,9e-05,0,0,0,raw/earnings22-test-epoch-5-no_aug.jsonl
earnings22,test,no_aug,post_update,262,6,0.0194421766,0.0060371055,0.0136545198,0.0296445265,5,9e-05,0,0,0,raw/earnings22-test-epoch-5-no_aug.jsonl
earnings22,test,no_aug,post_update,263,6,0.0178308145,0.0044882043,0.0125130452,0.0240794513,5,9e-05,0,0,0,raw/earnings22-test-epoch-5-no_aug.jsonl
earnings22,test,no_aug,post_update,264,6,0.0191787149,0.0064011418,0.0081447866,0.0260771513,5,9e-05,0,0,0,raw/earnings22-test-epoch-5-no_aug.jsonl
earnings22,test,no_aug,post_update,265,6,0.0183011414,0.0039044101,0.0133378282,0.0243298076,5,9e-05,0,0,0,raw/earnings22-test-epoch-5-no_aug.jsonl
earnings22,test,no_aug,post_update,266,6,0.0165837154,0.0040448687,0.0106019694,0.0215770341,5,9e-05,0,0,0,raw/earnings22-test-epoch-5-no_aug.jsonl
earnings22,test,no_aug,post_update,267,6,0.0203743489,0.0073748714,0.0102293743,0.0278575812,5,9e-05,0,0,0,raw/earnings22-test-epoch-5-no_aug.jsonl
earnings22,test,no_aug,post_update,268,6,0.0206638176,0.0080492564,0.0102806520,0.0325766131,5,9e-05,0,0,0,raw/earnings22-test-epoch-5-no_aug.jsonl
earnings22,test,no_aug,post_update,269,6,0.0153619554,0.0047437388,0.0106875412,0.0232162047,5,9e-05,0,0,0,raw/earnings22-test-epoch-5-no_aug.jsonl
earnings22,test,no_aug,post_update,270,6,0.0185138987,0.0046461529,0.0133840414,0.0257562120,5,9e-05,0,0,0,raw/earnings22-test-epoch-5-no_aug.jsonl
earnings22,test,no_aug,post_update,271,6,0.0164841943,0.0055839451,0.0120564317,0.0273225941,5,9e-05,0,0,0,raw/earnings22-test-epoch-5-no_aug.jsonl
earnings22,test,no_aug,post_update,272,6,0.0192493186,0.0069586249,0.0130290342,0.0314128026,5,9e-05,0,0,0,raw/earnings22-test-epoch-5-no_aug.jsonl
earnings22,test,no_aug,post_update,273,6,0.0173190731,0.0068573677,0.0094166677,0.0294079445,5,9e-05,0,0,0,raw/earnings22-test-epoch-5-no_aug.jsonl
earnings22,test,no_aug,post_update,274,6,0.0162107591,0.0074576487,0.0104922242,0.0308991726,5,9e-05,0,0,0,raw/earnings22-test-epoch-5-no_aug.jsonl
earnings22,test,no_aug,post_update,275,6,0.0176092740,0.0083744844,0.0099123027,0.0301668737,5,9e-05,0,0,0,raw/earnings22-test-epoch-5-no_aug.jsonl
earnings22,test,no_aug,post_update,276,6,0.0174519836,0.0030771720,0.0143061467,0.0227025859,5,9e-05,0,0,0,raw/earnings22-test-epoch-5-no_aug.jsonl
earnings22,test,no_aug,post_update,277,6,0.0173070588,0.0097754699,0.0086232647,0.0329983793,5,9e-05,0,0,0,raw/earnings22-test-epoch-5-no_aug.jsonl
earnings22,test,no_aug,post_update,278,6,0.0181541454,0.0050084417,0.0117102796,0.0264911782,5,9e-05,0,0,0,raw/earnings22-test-epoch-5-no_aug.jsonl
earnings22,test,no_aug,post_update,279,6,0.0172743103,0.0039696307,0.0119695850,0.0239110440,5,9e-05,0,0,0,raw/earnings22-test-epoch-5-no_aug.jsonl
earnings22,test,no_aug,post_update,280,6,0.0159551090,0.0040735024,0.0109829605,0.0220426451,5,9e-05,0,0,0,raw/earnings22-test-epoch-5-no_aug.jsonl
earnings22,test,no_aug,post_update,281,6,0.0158701648,0.0032726144,0.0107953250,0.0192580894,5,9e-05,0,0,0,raw/earnings22-test-epoch-5-no_aug.jsonl
earnings22,test,no_aug,post_update,282,6,0.0166731779,0.0037850910,0.0121322740,0.0224451609,5,9e-05,0,0,0,raw/earnings22-test-epoch-5-no_aug.jsonl
earnings22,test,no_aug,post_update,283,6,0.0183628562,0.0057036511,0.0119548924,0.0255149920,5,9e-05,0,0,0,raw/earnings22-test-epoch-5-no_aug.jsonl
earnings22,test,no_aug,post_update,284,6,0.0153143305,0.0038336007,0.0104061160,0.0211899895,5,9e-05,0,0,0,raw/earnings22-test-epoch-5-no_aug.jsonl
earnings22,test,no_aug,post_update,285,6,0.0200741443,0.0073041472,0.0085215885,0.0296894871,5,9e-05,0,0,0,raw/earnings22-test-epoch-5-no_aug.jsonl
earnings22,test,no_aug,post_update,286,6,0.0174814172,0.0084894940,0.0094277626,0.0326089486,5,9e-05,0,0,0,raw/earnings22-test-epoch-5-no_aug.jsonl
earnings22,test,no_aug,post_update,287,6,0.0172558697,0.0074008305,0.0098060071,0.0306139030,5,9e-05,0,0,0,raw/earnings22-test-epoch-5-no_aug.jsonl
earnings22,test,no_aug,post_update,288,6,0.0174957247,0.0073290982,0.0111536942,0.0290190559,5,9e-05,0,0,0,raw/earnings22-test-epoch-5-no_aug.jsonl
earnings22,test,no_aug,post_update,289,6,0.0150222237,0.0046283762,0.0103073055,0.0225102138,5,9e-05,0,0,0,raw/earnings22-test-epoch-5-no_aug.jsonl
earnings22,test,no_aug,post_update,290,6,0.0149333351,0.0036867034,0.0087307729,0.0181921534,5,9e-05,0,0,0,raw/earnings22-test-epoch-5-no_aug.jsonl
earnings22,test,no_aug,post_update,291,6,0.0154508144,0.0031125662,0.0123035461,0.0213263035,5,9e-05,0,0,0,raw/earnings22-test-epoch-5-no_aug.jsonl
earnings22,test,no_aug,post_update,292,6,0.0201712718,0.0053682972,0.0154386023,0.0286522210,5,9e-05,0,0,0,raw/earnings22-test-epoch-5-no_aug.jsonl
earnings22,test,no_aug,post_update,293,6,0.0181548093,0.0098541368,0.0080432035,0.0313431174,5,9e-05,0,0,0,raw/earnings22-test-epoch-5-no_aug.jsonl
earnings22,test,no_aug,post_update,294,6,0.0183265386,0.0076434703,0.0117253270,0.0309118573,5,9e-05,0,0,0,raw/earnings22-test-epoch-5-no_aug.jsonl
earnings22,test,no_aug,post_update,295,6,0.0153229190,0.0043863287,0.0087895999,0.0195162129,5,9e-05,0,0,0,raw/earnings22-test-epoch-5-no_aug.jsonl
earnings22,test,no_aug,post_update,296,6,0.0207499474,0.0077948230,0.0126336422,0.0337266549,5,9e-05,0,0,0,raw/earnings22-test-epoch-5-no_aug.jsonl
earnings22,test,no_aug,post_update,297,6,0.0183400959,0.0056918458,0.0131509872,0.0266971439,5,9e-05,0,0,0,raw/earnings22-test-epoch-5-no_aug.jsonl
earnings22,test,no_aug,post_update,298,6,0.0151236458,0.0042843955,0.0103291441,0.0213433113,5,9e-05,0,0,0,raw/earnings22-test-epoch-5-no_aug.jsonl
earnings22,test,no_aug,post_update,299,6,0.0157472038,0.0055382986,0.0084534939,0.0234375373,5,9e-05,0,0,0,raw/earnings22-test-epoch-5-no_aug.jsonl
earnings22,test,no_aug,post_update,300,6,0.0175166302,0.0088554475,0.0081050396,0.0326463431,5,9e-05,0,0,0,raw/earnings22-test-epoch-5-no_aug.jsonl
earnings22,test,no_aug,post_update,301,6,0.0179170297,0.0055613030,0.0115928901,0.0274478458,5,9e-05,0,0,0,raw/earnings22-test-epoch-5-no_aug.jsonl
earnings22,test,no_aug,post_update,302,6,0.0175583228,0.0086198063,0.0111222733,0.0307810754,5,9e-05,0,0,0,raw/earnings22-test-epoch-5-no_aug.jsonl
earnings22,test,no_aug,post_update,303,6,0.0164687514,0.0052235199,0.0119859558,0.0260274727,5,9e-05,0,0,0,raw/earnings22-test-epoch-5-no_aug.jsonl
earnings22,test,no_aug,post_update,304,6,0.0168800958,0.0042151644,0.0108419443,0.0230245478,5,9e-05,0,0,0,raw/earnings22-test-epoch-5-no_aug.jsonl
earnings22,test,no_aug,post_update,305,6,0.0164005050,0.0072085639,0.0102705155,0.0274788234,5,9e-05,0,0,0,raw/earnings22-test-epoch-5-no_aug.jsonl
earnings22,test,no_aug,post_update,306,6,0.0171067704,0.0071839752,0.0084624151,0.0273828469,5,9e-05,0,0,0,raw/earnings22-test-epoch-5-no_aug.jsonl
earnings22,test,no_aug,post_update,307,6,0.0190126104,0.0095167128,0.0076809116,0.0282925814,5,9e-05,0,0,0,raw/earnings22-test-epoch-5-no_aug.jsonl
earnings22,test,no_aug,post_update,308,6,0.0161109983,0.0036784576,0.0112327822,0.0202839710,5,9e-05,0,0,0,raw/earnings22-test-epoch-5-no_aug.jsonl
earnings22,test,no_aug,post_update,309,6,0.0176963628,0.0073415071,0.0115131494,0.0304279979,5,9e-05,0,0,0,raw/earnings22-test-epoch-5-no_aug.jsonl
earnings22,test,no_aug,post_update,310,6,0.0189031257,0.0039950536,0.0146624818,0.0249704402,5,9e-05,0,0,0,raw/earnings22-test-epoch-5-no_aug.jsonl
earnings22,test,no_aug,post_update,311,6,0.0146901816,0.0052589827,0.0081057856,0.0238524117,5,9e-05,0,0,0,raw/earnings22-test-epoch-5-no_aug.jsonl
earnings22,test,no_aug,post_update,312,6,0.0144568455,0.0044428010,0.0105111524,0.0218021516,5,9e-05,0,0,0,raw/earnings22-test-epoch-5-no_aug.jsonl
earnings22,test,no_aug,post_update,313,6,0.0181403177,0.0065671772,0.0120545011,0.0301383417,5,9e-05,0,0,0,raw/earnings22-test-epoch-5-no_aug.jsonl
earnings22,test,no_aug,post_update,314,6,0.0196707393,0.0094898741,0.0110075707,0.0377966948,5,9e-05,0,0,0,raw/earnings22-test-epoch-5-no_aug.jsonl
earnings22,test,no_aug,post_update,315,6,0.0161704840,0.0044118011,0.0117697744,0.0232902244,5,9e-05,0,0,0,raw/earnings22-test-epoch-5-no_aug.jsonl
earnings22,test,no_aug,post_update,316,6,0.0159929131,0.0061802413,0.0087205023,0.0232500210,5,9e-05,0,0,0,raw/earnings22-test-epoch-5-no_aug.jsonl
earnings22,test,no_aug,post_update,317,6,0.0185832522,0.0083422608,0.0079293437,0.0302090570,5,9e-05,0,0,0,raw/earnings22-test-epoch-5-no_aug.jsonl
earnings22,test,no_aug,post_update,318,6,0.0193084648,0.0050424995,0.0124510219,0.0276120864,5,9e-05,0,0,0,raw/earnings22-test-epoch-5-no_aug.jsonl
earnings22,test,no_aug,post_update,319,6,0.0135563345,0.0025798539,0.0100034690,0.0160568394,5,9e-05,0,0,0,raw/earnings22-test-epoch-5-no_aug.jsonl
earnings22,test,no_aug,post_update,320,6,0.0200310865,0.0064111938,0.0141071584,0.0315164588,5,9e-05,0,0,0,raw/earnings22-test-epoch-5-no_aug.jsonl
earnings22,test,no_aug,post_update,321,6,0.0172668914,0.0054978686,0.0114763081,0.0255826097,5,9e-05,0,0,0,raw/earnings22-test-epoch-5-no_aug.jsonl
earnings22,test,no_aug,post_update,322,6,0.0161233560,0.0058916001,0.0102141136,0.0262547154,5,9e-05,0,0,0,raw/earnings22-test-epoch-5-no_aug.jsonl
earnings22,test,no_aug,post_update,323,6,0.0164866101,0.0050352817,0.0116481259,0.0252437368,5,9e-05,0,0,0,raw/earnings22-test-epoch-5-no_aug.jsonl
earnings22,test,no_aug,post_update,324,6,0.0177357475,0.0055658824,0.0094633847,0.0254342370,5,9e-05,0,0,0,raw/earnings22-test-epoch-5-no_aug.jsonl
earnings22,test,no_aug,post_update,325,6,0.0169651131,0.0043456526,0.0128614912,0.0230567679,5,9e-05,0,0,0,raw/earnings22-test-epoch-5-no_aug.jsonl
earnings22,test,no_aug,post_update,326,6,0.0188790479,0.0064267670,0.0095882043,0.0256202780,5,9e-05,0,0,0,raw/earnings22-test-epoch-5-no_aug.jsonl
earnings22,test,no_aug,post_update,327,6,0.0148764515,0.0057101664,0.0084771346,0.0233234111,5,9e-05,0,0,0,raw/earnings22-test-epoch-5-no_aug.jsonl
earnings22,test,no_aug,post_update,328,6,0.0192456624,0.0063272200,0.0108705088,0.0281469859,5,9e-05,0,0,0,raw/earnings22-test-epoch-5-no_aug.jsonl
earnings22,test,no_aug,post_update,329,6,0.0153673611,0.0044304150,0.0111135226,0.0225856118,5,9e-05,0,0,0,raw/earnings22-test-epoch-5-no_aug.jsonl
earnings22,test,no_aug,post_update,330,6,0.0189934364,0.0098138018,0.0111699011,0.0373687372,5,9e-05,0,0,0,raw/earnings22-test-epoch-5-no_aug.jsonl
earnings22,test,no_aug,post_update,331,6,0.0149016057,0.0074398555,0.0081473952,0.0283195004,5,9e-05,0,0,0,raw/earnings22-test-epoch-5-no_aug.jsonl
earnings22,test,no_aug,post_update,332,6,0.0157403727,0.0041921623,0.0099310502,0.0213998333,5,9e-05,0,0,0,raw/earnings22-test-epoch-5-no_aug.jsonl
earnings22,test,no_aug,post_update,333,6,0.0181419658,0.0061679922,0.0101075228,0.0265851244,5,9e-05,0,0,0,raw/earnings22-test-epoch-5-no_aug.jsonl
earnings22,test,no_aug,post_update,334,6,0.0153374816,0.0029828889,0.0114428643,0.0200320520,5,9e-05,0,0,0,raw/earnings22-test-epoch-5-no_aug.jsonl
earnings22,test,no_aug,post_update,335,6,0.0186788253,0.0071511012,0.0110414084,0.0265723020,5,9e-05,0,0,0,raw/earnings22-test-epoch-5-no_aug.jsonl
earnings22,test,no_aug,post_update,336,6,0.0163879609,0.0086590586,0.0070006121,0.0296874717,5,9e-05,0,0,0,raw/earnings22-test-epoch-5-no_aug.jsonl
earnings22,test,no_aug,post_update,337,6,0.0167143899,0.0087516956,0.0080360025,0.0282741524,5,9e-05,0,0,0,raw/earnings22-test-epoch-5-no_aug.jsonl
earnings22,test,no_aug,post_update,338,6,0.0156813557,0.0035946347,0.0128071411,0.0227007680,5,9e-05,0,0,0,raw/earnings22-test-epoch-5-no_aug.jsonl
earnings22,test,no_aug,post_update,339,6,0.0139579989,0.0025044552,0.0093050636,0.0163855888,5,9e-05,0,0,0,raw/earnings22-test-epoch-5-no_aug.jsonl
earnings22,test,no_aug,post_update,340,6,0.0166332265,0.0049591716,0.0106207132,0.0239040703,5,9e-05,0,0,0,raw/earnings22-test-epoch-5-no_aug.jsonl
earnings22,test,no_aug,post_update,341,6,0.0184860801,0.0094758752,0.0103467647,0.0323488861,5,9e-05,0,0,0,raw/earnings22-test-epoch-5-no_aug.jsonl
earnings22,test,no_aug,post_update,342,6,0.0166071368,0.0064234668,0.0086126849,0.0248065330,5,9e-05,0,0,0,raw/earnings22-test-epoch-5-no_aug.jsonl
earnings22,test,no_aug,post_update,343,6,0.0150875246,0.0056851742,0.0090712104,0.0256221518,5,9e-05,0,0,0,raw/earnings22-test-epoch-5-no_aug.jsonl
earnings22,test,no_aug,post_update,344,6,0.0143490018,0.0067160330,0.0070999195,0.0263260454,5,9e-05,0,0,0,raw/earnings22-test-epoch-5-no_aug.jsonl
earnings22,test,no_aug,post_update,345,6,0.0153908088,0.0042995217,0.0095429430,0.0202482399,5,9e-05,0,0,0,raw/earnings22-test-epoch-5-no_aug.jsonl
earnings22,test,no_aug,post_update,346,6,0.0201361645,0.0073138165,0.0128342677,0.0303916652,5,9e-05,0,0,0,raw/earnings22-test-epoch-5-no_aug.jsonl
earnings22,test,no_aug,post_update,347,6,0.0148003770,0.0049292322,0.0094796978,0.0239228681,5,9e-05,0,0,0,raw/earnings22-test-epoch-5-no_aug.jsonl
earnings22,test,no_aug,post_update,348,6,0.0161480258,0.0056718210,0.0091893151,0.0236927941,5,9e-05,0,0,0,raw/earnings22-test-epoch-5-no_aug.jsonl
earnings22,test,no_aug,post_update,349,6,0.0139778241,0.0033270665,0.0102481935,0.0188654624,5,9e-05,0,0,0,raw/earnings22-test-epoch-5-no_aug.jsonl
earnings22,test,no_aug,post_update,350,6,0.0174188305,0.0066020920,0.0077834660,0.0251540057,5,9e-05,0,0,0,raw/earnings22-test-epoch-5-no_aug.jsonl
earnings22,test,no_aug,post_update,351,6,0.0156048206,0.0049870106,0.0105225630,0.0239141397,5,9e-05,0,0,0,raw/earnings22-test-epoch-5-no_aug.jsonl
earnings22,test,no_aug,post_update,352,6,0.0159484021,0.0055766103,0.0090367161,0.0255728699,5,9e-05,0,0,0,raw/earnings22-test-epoch-5-no_aug.jsonl
earnings22,test,no_aug,post_update,353,6,0.0130228093,0.0043810977,0.0078756604,0.0195479542,5,9e-05,0,0,0,raw/earnings22-test-epoch-5-no_aug.jsonl
earnings22,test,no_aug,post_update,354,6,0.0181547065,0.0046749803,0.0118463468,0.0242921077,5,9e-05,0,0,0,raw/earnings22-test-epoch-5-no_aug.jsonl
earnings22,test,no_aug,post_update,355,6,0.0131255337,0.0028727727,0.0094606997,0.0170054473,5,9e-05,0,0,0,raw/earnings22-test-epoch-5-no_aug.jsonl
earnings22,test,no_aug,post_update,356,6,0.0168711723,0.0046553461,0.0095582809,0.0227269232,5,9e-05,0,0,0,raw/earnings22-test-epoch-5-no_aug.jsonl
earnings22,test,no_aug,post_update,357,6,0.0167674843,0.0071913344,0.0119976141,0.0310784802,5,9e-05,0,0,0,raw/earnings22-test-epoch-5-no_aug.jsonl
earnings22,test,no_aug,post_update,358,6,0.0167388809,0.0082710976,0.0077862795,0.0304470733,5,9e-05,0,0,0,raw/earnings22-test-epoch-5-no_aug.jsonl
earnings22,test,no_aug,post_update,359,6,0.0167968998,0.0053129953,0.0095039597,0.0234090723,5,9e-05,0,0,0,raw/earnings22-test-epoch-5-no_aug.jsonl
earnings22,test,no_aug,post_update,360,6,0.0145240797,0.0050146633,0.0090428041,0.0210014731,5,9e-05,0,0,0,raw/earnings22-test-epoch-5-no_aug.jsonl
earnings22,test,no_aug,post_update,361,6,0.0134013104,0.0036513882,0.0101314019,0.0201844797,5,9e-05,0,0,0,raw/earnings22-test-epoch-5-no_aug.jsonl
earnings22,test,no_aug,post_update,362,6,0.0145239929,0.0054391256,0.0096493075,0.0216801204,5,9e-05,0,0,0,raw/earnings22-test-epoch-5-no_aug.jsonl
earnings22,test,no_aug,post_update,363,6,0.0137010144,0.0045981701,0.0060390551,0.0188768022,5,9e-05,0,0,0,raw/earnings22-test-epoch-5-no_aug.jsonl
earnings22,test,no_aug,post_update,364,6,0.0141449186,0.0039045917,0.0085187079,0.0182114169,5,9e-05,0,0,0,raw/earnings22-test-epoch-5-no_aug.jsonl
earnings22,test,no_aug,post_update,365,6,0.0169079335,0.0052816833,0.0130063966,0.0270821862,5,9e-05,0,0,0,raw/earnings22-test-epoch-5-no_aug.jsonl
earnings22,test,no_aug,post_update,366,5,0.0170486046,0.0055352886,0.0124174282,0.0232298262,5,9e-05,0,0,0,raw/earnings22-test-epoch-5-no_aug.jsonl
earnings22,test,no_aug,post_update,367,5,0.0155120405,0.0076933598,0.0075474917,0.0255415440,5,9e-05,0,0,0,raw/earnings22-test-epoch-5-no_aug.jsonl
earnings22,test,no_aug,post_update,368,5,0.0165178800,0.0050149868,0.0109731108,0.0233951174,5,9e-05,0,0,0,raw/earnings22-test-epoch-5-no_aug.jsonl
earnings22,test,no_aug,post_update,369,5,0.0161794262,0.0053156731,0.0112066660,0.0239820667,5,9e-05,0,0,0,raw/earnings22-test-epoch-5-no_aug.jsonl
earnings22,test,no_aug,post_update,370,5,0.0186191991,0.0076022395,0.0106744617,0.0288528278,5,9e-05,0,0,0,raw/earnings22-test-epoch-5-no_aug.jsonl
earnings22,test,no_aug,post_update,371,5,0.0185446944,0.0058841957,0.0109347496,0.0254391115,5,9e-05,0,0,0,raw/earnings22-test-epoch-5-no_aug.jsonl
earnings22,test,no_aug,post_update,372,5,0.0161371496,0.0057866565,0.0094077950,0.0228741374,5,9e-05,0,0,0,raw/earnings22-test-epoch-5-no_aug.jsonl
earnings22,test,no_aug,post_update,373,5,0.0139070539,0.0023464385,0.0108756907,0.0173733775,5,9e-05,0,0,0,raw/earnings22-test-epoch-5-no_aug.jsonl
earnings22,test,no_aug,post_update,374,5,0.0155220564,0.0031015184,0.0123849483,0.0205095746,5,9e-05,0,0,0,raw/earnings22-test-epoch-5-no_aug.jsonl
earnings22,test,no_aug,post_update,375,5,0.0143211350,0.0053551790,0.0094652101,0.0226917919,5,9e-05,0,0,0,raw/earnings22-test-epoch-5-no_aug.jsonl
earnings22,test,no_aug,post_update,376,5,0.0165529523,0.0043021990,0.0109171513,0.0220255945,5,9e-05,0,0,0,raw/earnings22-test-epoch-5-no_aug.jsonl
earnings22,test,no_aug,post_update,377,5,0.0154288795,0.0054687636,0.0096354606,0.0212665126,5,9e-05,0,0,0,raw/earnings22-test-epoch-5-no_aug.jsonl
earnings22,test,no_aug,post_update,378,5,0.0169383034,0.0053202109,0.0115992986,0.0224220082,5,9e-05,0,0,0,raw/earnings22-test-epoch-5-no_aug.jsonl
earnings22,test,no_aug,post_update,379,5,0.0183773527,0.0061673585,0.0108982744,0.0253078863,5,9e-05,0,0,0,raw/earnings22-test-epoch-5-no_aug.jsonl
earnings22,test,no_aug,post_update,380,5,0.0160292026,0.0072073159,0.0102567356,0.0281642694,5,9e-05,0,0,0,raw/earnings22-test-epoch-5-no_aug.jsonl
earnings22,test,no_aug,post_update,381,5,0.0176123276,0.0081484107,0.0120050348,0.0313205123,5,9e-05,0,0,0,raw/earnings22-test-epoch-5-no_aug.jsonl
earnings22,test,no_aug,post_update,382,5,0.0168625677,0.0082381992,0.0096153291,0.0298720039,5,9e-05,0,0,0,raw/earnings22-test-epoch-5-no_aug.jsonl
earnings22,test,no_aug,post_update,383,5,0.0190617468,0.0053680533,0.0122879501,0.0267613940,5,9e-05,0,0,0,raw/earnings22-test-epoch-5-no_aug.jsonl
earnings22,test,no_aug,post_update,384,5,0.0176495591,0.0059661918,0.0112031680,0.0256515238,5,9e-05,0,0,0,raw/earnings22-test-epoch-5-no_aug.jsonl
earnings22,test,no_aug,post_update,385,5,0.0188849017,0.0065154116,0.0112742195,0.0262933951,5,9e-05,0,0,0,raw/earnings22-test-epoch-5-no_aug.jsonl
earnings22,test,no_aug,post_update,386,5,0.0163304418,0.0053614642,0.0092436653,0.0218146257,5,9e-05,0,0,0,raw/earnings22-test-epoch-5-no_aug.jsonl
earnings22,test,no_aug,post_update,387,5,0.0217849210,0.0065246827,0.0142746978,0.0303377062,5,9e-05,0,0,0,raw/earnings22-test-epoch-5-no_aug.jsonl
earnings22,test,no_aug,post_update,388,5,0.0188630847,0.0053210930,0.0122685963,0.0249752626,5,9e-05,0,0,0,raw/earnings22-test-epoch-5-no_aug.jsonl
earnings22,test,no_aug,post_update,389,5,0.0159665283,0.0058983965,0.0098413136,0.0239264574,5,9e-05,0,0,0,raw/earnings22-test-epoch-5-no_aug.jsonl
earnings22,test,no_aug,post_update,390,5,0.0183083681,0.0064204725,0.0095382035,0.0241963845,5,9e-05,0,0,0,raw/earnings22-test-epoch-5-no_aug.jsonl
earnings22,test,no_aug,post_update,391,5,0.0204489233,0.0048956516,0.0122714443,0.0254948027,5,9e-05,0,0,0,raw/earnings22-test-epoch-5-no_aug.jsonl
earnings22,test,no_aug,post_update,392,5,0.0180242892,0.0064358271,0.0111944461,0.0256214365,5,9e-05,0,0,0,raw/earnings22-test-epoch-5-no_aug.jsonl
earnings22,test,no_aug,post_update,393,5,0.0167899461,0.0041675053,0.0134095335,0.0237500425,5,9e-05,0,0,0,raw/earnings22-test-epoch-5-no_aug.jsonl
earnings22,test,no_aug,post_update,394,5,0.0196958311,0.0071258751,0.0111455042,0.0258940570,5,9e-05,0,0,0,raw/earnings22-test-epoch-5-no_aug.jsonl
earnings22,test,no_aug,post_update,395,5,0.0172263304,0.0042429661,0.0125329243,0.0210932568,5,9e-05,0,0,0,raw/earnings22-test-epoch-5-no_aug.jsonl
earnings22,test,no_aug,post_update,396,5,0.0168353014,0.0065041409,0.0087211039,0.0261923987,5,9e-05,0,0,0,raw/earnings22-test-epoch-5-no_aug.jsonl
earnings22,test,no_aug,post_update,397,5,0.0154454669,0.0048207358,0.0096621187,0.0214373954,5,9e-05,0,0,0,raw/earnings22-test-epoch-5-no_aug.jsonl
earnings22,test,no_aug,post_update,398,5,0.0146235872,0.0027208440,0.0117058456,0.0187380631,5,9e-05,0,0,0,raw/earnings22-test-epoch-5-no_aug.jsonl
earnings22,test,no_aug,post_update,399,5,0.0125162279,0.0040024208,0.0100880479,0.0196408425,5,9e-05,0,0,0,raw/earnings22-test-epoch-5-no_aug.jsonl
earnings22,test,no_aug,post_update,400,5,0.0153585592,0.0037371375,0.0106646391,0.0187409148,5,9e-05,0,0,0,raw/earnings22-test-epoch-5-no_aug.jsonl
earnings22,test,no_aug,post_update,401,5,0.0154321956,0.0063243849,0.0098153092,0.0234783925,5,9e-05,0,0,0,raw/earnings22-test-epoch-5-no_aug.jsonl
earnings22,test,no_aug,post_update,402,5,0.0168515358,0.0058568762,0.0104471054,0.0229169521,5,9e-05,0,0,0,raw/earnings22-test-epoch-5-no_aug.jsonl
earnings22,test,no_aug,post_update,403,5,0.0156994561,0.0046772771,0.0107240044,0.0216437709,5,9e-05,0,0,0,raw/earnings22-test-epoch-5-no_aug.jsonl
earnings22,test,no_aug,post_update,404,5,0.0156247793,0.0049671226,0.0103940619,0.0213022642,5,9e-05,0,0,0,raw/earnings22-test-epoch-5-no_aug.jsonl
earnings22,test,no_aug,post_update,405,5,0.0161625102,0.0063746387,0.0083622765,0.0223470032,5,9e-05,0,0,0,raw/earnings22-test-epoch-5-no_aug.jsonl
earnings22,test,no_aug,post_update,406,5,0.0147888100,0.0025597705,0.0115810055,0.0182451122,5,9e-05,0,0,0,raw/earnings22-test-epoch-5-no_aug.jsonl
earnings22,test,no_aug,post_update,407,5,0.0180524327,0.0066685510,0.0110652903,0.0259295367,5,9e-05,0,0,0,raw/earnings22-test-epoch-5-no_aug.jsonl
earnings22,test,no_aug,post_update,408,5,0.0171001671,0.0064308058,0.0130318385,0.0285144038,5,9e-05,0,0,0,raw/earnings22-test-epoch-5-no_aug.jsonl
earnings22,test,no_aug,post_update,409,5,0.0160019265,0.0042102870,0.0092504444,0.0197083894,5,9e-05,0,0,0,raw/earnings22-test-epoch-5-no_aug.jsonl
earnings22,test,no_aug,post_update,410,5,0.0164603505,0.0046240272,0.0110455919,0.0213233456,5,9e-05,0,0,0,raw/earnings22-test-epoch-5-no_aug.jsonl
earnings22,test,no_aug,post_update,411,5,0.0182492420,0.0051437290,0.0109596215,0.0247608460,5,9e-05,0,0,0,raw/earnings22-test-epoch-5-no_aug.jsonl
earnings22,test,no_aug,post_update,412,5,0.0145705786,0.0057328342,0.0094550159,0.0228159912,5,9e-05,0,0,0,raw/earnings22-test-epoch-5-no_aug.jsonl
earnings22,test,no_aug,post_update,413,5,0.0147815973,0.0060755701,0.0089096855,0.0232418906,5,9e-05,0,0,0,raw/earnings22-test-epoch-5-no_aug.jsonl
earnings22,test,no_aug,post_update,414,5,0.0144384732,0.0039371230,0.0118077323,0.0212525167,5,9e-05,0,0,0,raw/earnings22-test-epoch-5-no_aug.jsonl
earnings22,test,no_aug,post_update,415,5,0.0143765870,0.0049152482,0.0087389462,0.0204973072,5,9e-05,0,0,0,raw/earnings22-test-epoch-5-no_aug.jsonl
earnings22,test,no_aug,post_update,416,5,0.0203863695,0.0067181931,0.0088823121,0.0247225817,5,9e-05,0,0,0,raw/earnings22-test-epoch-5-no_aug.jsonl
earnings22,test,no_aug,post_update,417,5,0.0160338596,0.0019215504,0.0136442147,0.0182640832,5,9e-05,0,0,0,raw/earnings22-test-epoch-5-no_aug.jsonl
earnings22,test,no_aug,post_update,418,5,0.0156814478,0.0056467209,0.0103886593,0.0232025683,5,9e-05,0,0,0,raw/earnings22-test-epoch-5-no_aug.jsonl
earnings22,test,no_aug,post_update,419,5,0.0141525626,0.0033843358,0.0111980131,0.0194330961,5,9e-05,0,0,0,raw/earnings22-test-epoch-5-no_aug.jsonl
earnings22,test,no_aug,post_update,420,5,0.0143347394,0.0039302307,0.0094959717,0.0184551291,5,9e-05,0,0,0,raw/earnings22-test-epoch-5-no_aug.jsonl
earnings22,test,no_aug,post_update,421,5,0.0153658388,0.0066592555,0.0084952163,0.0247039720,5,9e-05,0,0,0,raw/earnings22-test-epoch-5-no_aug.jsonl
earnings22,test,no_aug,post_update,422,5,0.0159145968,0.0060738693,0.0083042728,0.0229181908,5,9e-05,0,0,0,raw/earnings22-test-epoch-5-no_aug.jsonl
earnings22,test,no_aug,post_update,423,5,0.0162330728,0.0076570844,0.0107627083,0.0294543523,5,9e-05,0,0,0,raw/earnings22-test-epoch-5-no_aug.jsonl
earnings22,test,no_aug,post_update,424,5,0.0124488203,0.0047218402,0.0086443760,0.0193790235,5,9e-05,0,0,0,raw/earnings22-test-epoch-5-no_aug.jsonl
earnings22,test,no_aug,post_update,425,5,0.0153552035,0.0056837803,0.0082307234,0.0211046133,5,9e-05,0,0,0,raw/earnings22-test-epoch-5-no_aug.jsonl
earnings22,test,no_aug,post_update,426,5,0.0140155355,0.0047413096,0.0077126822,0.0189375505,5,9e-05,0,0,0,raw/earnings22-test-epoch-5-no_aug.jsonl
earnings22,test,no_aug,post_update,427,5,0.0145186964,0.0056213122,0.0078589004,0.0201078113,5,9e-05,0,0,0,raw/earnings22-test-epoch-5-no_aug.jsonl
earnings22,test,no_aug,post_update,428,5,0.0154331943,0.0047018201,0.0086781839,0.0207397081,5,9e-05,0,0,0,raw/earnings22-test-epoch-5-no_aug.jsonl
earnings22,test,no_aug,post_update,429,5,0.0141310085,0.0057669373,0.0082193865,0.0230033919,5,9e-05,0,0,0,raw/earnings22-test-epoch-5-no_aug.jsonl
earnings22,test,no_aug,post_update,430,5,0.0141937869,0.0059067621,0.0083071496,0.0236544013,5,9e-05,0,0,0,raw/earnings22-test-epoch-5-no_aug.jsonl
earnings22,test,no_aug,post_update,431,5,0.0143019607,0.0042068862,0.0096030850,0.0207942910,5,9e-05,0,0,0,raw/earnings22-test-epoch-5-no_aug.jsonl
earnings22,test,no_aug,post_update,432,5,0.0132380787,0.0047225842,0.0083191302,0.0201585069,5,9e-05,0,0,0,raw/earnings22-test-epoch-5-no_aug.jsonl
earnings22,test,no_aug,post_update,433,5,0.0182434879,0.0092267127,0.0083643198,0.0277243182,5,9e-05,0,0,0,raw/earnings22-test-epoch-5-no_aug.jsonl
earnings22,test,no_aug,post_update,434,5,0.0172152823,0.0075338688,0.0098562706,0.0261656865,5,9e-05,0,0,0,raw/earnings22-test-epoch-5-no_aug.jsonl
earnings22,test,no_aug,post_update,435,5,0.0165438179,0.0057236322,0.0113826413,0.0256257951,5,9e-05,0,0,0,raw/earnings22-test-epoch-5-no_aug.jsonl
earnings22,test,no_aug,post_update,436,5,0.0159417016,0.0062068219,0.0098431148,0.0243779533,5,9e-05,0,0,0,raw/earnings22-test-epoch-5-no_aug.jsonl
earnings22,test,no_aug,post_update,437,5,0.0133198187,0.0048177294,0.0079230536,0.0193354934,5,9e-05,0,0,0,raw/earnings22-test-epoch-5-no_aug.jsonl
earnings22,test,no_aug,post_update,438,5,0.0155197278,0.0028426526,0.0107075078,0.0176875181,5,9e-05,0,0,0,raw/earnings22-test-epoch-5-no_aug.jsonl
earnings22,test,no_aug,post_update,439,5,0.0109827852,0.0029406708,0.0078307763,0.0147538483,5,9e-05,0,0,0,raw/earnings22-test-epoch-5-no_aug.jsonl
earnings22,test,no_aug,post_update,440,5,0.0157336552,0.0032523731,0.0120514706,0.0195928216,5,9e-05,0,0,0,raw/earnings22-test-epoch-5-no_aug.jsonl
earnings22,test,no_aug,post_update,441,5,0.0145593945,0.0026153632,0.0110289324,0.0175091140,5,9e-05,0,0,0,raw/earnings22-test-epoch-5-no_aug.jsonl
earnings22,test,no_aug,post_update,442,5,0.0143260995,0.0047478331,0.0098626595,0.0194706880,5,9e-05,0,0,0,raw/earnings22-test-epoch-5-no_aug.jsonl
earnings22,test,no_aug,post_update,443,5,0.0157657709,0.0038291645,0.0128476471,0.0224185288,5,9e-05,0,0,0,raw/earnings22-test-epoch-5-no_aug.jsonl
earnings22,test,no_aug,post_update,444,5,0.0127315693,0.0043813394,0.0086635835,0.0200384036,5,9e-05,0,0,0,raw/earnings22-test-epoch-5-no_aug.jsonl
earnings22,test,no_aug,post_update,445,5,0.0120677974,0.0019138855,0.0099418005,0.0142915705,5,9e-05,0,0,0,raw/earnings22-test-epoch-5-no_aug.jsonl
earnings22,test,no_aug,post_update,446,5,0.0150427664,0.0046612936,0.0109102996,0.0227926113,5,9e-05,0,0,0,raw/earnings22-test-epoch-5-no_aug.jsonl
earnings22,test,no_aug,post_update,447,5,0.0157166231,0.0069274767,0.0104777468,0.0267070830,5,9e-05,0,0,0,raw/earnings22-test-epoch-5-no_aug.jsonl
earnings22,test,no_aug,post_update,448,5,0.0159118062,0.0045420377,0.0114664966,0.0217108056,5,9e-05,0,0,0,raw/earnings22-test-epoch-5-no_aug.jsonl
earnings22,test,no_aug,post_update,449,5,0.0159533188,0.0031915457,0.0107846837,0.0187329035,5,9e-05,0,0,0,raw/earnings22-test-epoch-5-no_aug.jsonl
earnings22,test,no_aug,post_update,450,5,0.0142702157,0.0042620361,0.0082582841,0.0189549755,5,9e-05,0,0,0,raw/earnings22-test-epoch-5-no_aug.jsonl
earnings22,test,no_aug,post_update,451,5,0.0175651813,0.0093935683,0.0087522147,0.0294326320,5,9e-05,0,0,0,raw/earnings22-test-epoch-5-no_aug.jsonl
earnings22,test,no_aug,post_update,452,5,0.0138907202,0.0066337437,0.0089922305,0.0248428173,5,9e-05,0,0,0,raw/earnings22-test-epoch-5-no_aug.jsonl
earnings22,test,no_aug,post_update,453,5,0.0134617878,0.0044526726,0.0080544893,0.0181449465,5,9e-05,0,0,0,raw/earnings22-test-epoch-5-no_aug.jsonl
earnings22,test,no_aug,post_update,454,5,0.0126439273,0.0025539947,0.0091843624,0.0153314043,5,9e-05,0,0,0,raw/earnings22-test-epoch-5-no_aug.jsonl
earnings22,test,no_aug,post_update,455,5,0.0165063843,0.0052828837,0.0116231646,0.0250590779,5,9e-05,0,0,0,raw/earnings22-test-epoch-5-no_aug.jsonl
earnings22,test,no_aug,post_update,456,5,0.0153515754,0.0040390717,0.0107024275,0.0213500634,5,9e-05,0,0,0,raw/earnings22-test-epoch-5-no_aug.jsonl
earnings22,test,no_aug,post_update,457,5,0.0135320777,0.0038593319,0.0084183067,0.0180427209,5,9e-05,0,0,0,raw/earnings22-test-epoch-5-no_aug.jsonl
earnings22,test,no_aug,post_update,458,5,0.0165191250,0.0049134115,0.0115999617,0.0235828049,5,9e-05,0,0,0,raw/earnings22-test-epoch-5-no_aug.jsonl
earnings22,test,no_aug,post_update,459,5,0.0140986932,0.0065136658,0.0079126488,0.0227640532,5,9e-05,0,0,0,raw/earnings22-test-epoch-5-no_aug.jsonl
earnings22,test,no_aug,post_update,460,5,0.0151539352,0.0057594819,0.0094685908,0.0223184861,5,9e-05,0,0,0,raw/earnings22-test-epoch-5-no_aug.jsonl
earnings22,test,no_aug,post_update,461,5,0.0137639992,0.0051412593,0.0091565568,0.0222241506,5,9e-05,0,0,0,raw/earnings22-test-epoch-5-no_aug.jsonl
earnings22,test,no_aug,post_update,462,5,0.0165339844,0.0074272162,0.0098337820,0.0275867227,5,9e-05,0,0,0,raw/earnings22-test-epoch-5-no_aug.jsonl
earnings22,test,no_aug,post_update,463,5,0.0146323141,0.0043849057,0.0100113088,0.0197755415,5,9e-05,0,0,0,raw/earnings22-test-epoch-5-no_aug.jsonl
earnings22,test,no_aug,post_update,464,5,0.0129848178,0.0025285476,0.0096147042,0.0160863455,5,9e-05,0,0,0,raw/earnings22-test-epoch-5-no_aug.jsonl
earnings22,test,no_aug,post_update,465,5,0.0163066937,0.0060242981,0.0122541850,0.0269340854,5,9e-05,0,0,0,raw/earnings22-test-epoch-5-no_aug.jsonl
earnings22,test,no_aug,post_update,466,5,0.0157616938,0.0063536231,0.0080471998,0.0254357085,5,9e-05,0,0,0,raw/earnings22-test-epoch-5-no_aug.jsonl
earnings22,test,no_aug,post_update,467,5,0.0158701826,0.0056010158,0.0092235319,0.0234084930,5,9e-05,0,0,0,raw/earnings22-test-epoch-5-no_aug.jsonl
earnings22,test,no_aug,post_update,468,5,0.0171494197,0.0036894134,0.0119648632,0.0210988391,5,9e-05,0,0,0,raw/earnings22-test-epoch-5-no_aug.jsonl
earnings22,test,no_aug,post_update,469,5,0.0153067332,0.0042475910,0.0109232925,0.0202752799,5,9e-05,0,0,0,raw/earnings22-test-epoch-5-no_aug.jsonl
earnings22,test,no_aug,post_update,470,5,0.0141074849,0.0018831119,0.0112826973,0.0157930106,5,9e-05,0,0,0,raw/earnings22-test-epoch-5-no_aug.jsonl
earnings22,test,no_aug,post_update,471,5,0.0142191963,0.0032813458,0.0113989487,0.0191832837,5,9e-05,0,0,0,raw/earnings22-test-epoch-5-no_aug.jsonl
earnings22,test,no_aug,post_update,472,5,0.0157375308,0.0033905493,0.0115316752,0.0204564817,5,9e-05,0,0,0,raw/earnings22-test-epoch-5-no_aug.jsonl
earnings22,test,no_aug,post_update,473,5,0.0152217982,0.0067025732,0.0106997741,0.0269388855,5,9e-05,0,0,0,raw/earnings22-test-epoch-5-no_aug.jsonl
earnings22,test,no_aug,post_update,474,5,0.0114791729,0.0017163280,0.0096816113,0.0141922142,5,9e-05,0,0,0,raw/earnings22-test-epoch-5-no_aug.jsonl
earnings22,test,no_aug,post_update,475,5,0.0145726755,0.0022896671,0.0109031936,0.0165500753,5,9e-05,0,0,0,raw/earnings22-test-epoch-5-no_aug.jsonl
earnings22,test,no_aug,post_update,476,5,0.0129086468,0.0044418970,0.0091378391,0.0202753283,5,9e-05,0,0,0,raw/earnings22-test-epoch-5-no_aug.jsonl
earnings22,test,no_aug,post_update,477,5,0.0143138228,0.0060404195,0.0093724737,0.0228773393,5,9e-05,0,0,0,raw/earnings22-test-epoch-5-no_aug.jsonl
earnings22,test,no_aug,post_update,478,5,0.0163134601,0.0048127556,0.0119582973,0.0218488500,5,9e-05,0,0,0,raw/earnings22-test-epoch-5-no_aug.jsonl
earnings22,test,no_aug,post_update,479,5,0.0146062737,0.0053899285,0.0098845735,0.0230806805,5,9e-05,0,0,0,raw/earnings22-test-epoch-5-no_aug.jsonl
earnings22,test,no_aug,post_update,480,5,0.0164114425,0.0061395940,0.0093284473,0.0239636786,5,9e-05,0,0,0,raw/earnings22-test-epoch-5-no_aug.jsonl
earnings22,test,no_aug,post_update,481,5,0.0131023489,0.0033506171,0.0082149934,0.0168793090,5,9e-05,0,0,0,raw/earnings22-test-epoch-5-no_aug.jsonl
earnings22,test,no_aug,post_update,482,5,0.0186221508,0.0054751757,0.0133834239,0.0264423043,5,9e-05,0,0,0,raw/earnings22-test-epoch-5-no_aug.jsonl
earnings22,test,no_aug,post_update,483,5,0.0131656209,0.0049025667,0.0068461010,0.0205457471,5,9e-05,0,0,0,raw/earnings22-test-epoch-5-no_aug.jsonl
earnings22,test,no_aug,post_update,484,5,0.0164017599,0.0040124000,0.0108597837,0.0203155521,5,9e-05,0,0,0,raw/earnings22-test-epoch-5-no_aug.jsonl
earnings22,test,no_aug,post_update,485,5,0.0149908023,0.0036105777,0.0118362606,0.0206111893,5,9e-05,0,0,0,raw/earnings22-test-epoch-5-no_aug.jsonl
earnings22,test,no_aug,post_update,486,5,0.0128739169,0.0032946180,0.0093074497,0.0181551166,5,9e-05,0,0,0,raw/earnings22-test-epoch-5-no_aug.jsonl
earnings22,test,no_aug,post_update,487,5,0.0135589670,0.0017550730,0.0112170447,0.0151528548,5,9e-05,0,0,0,raw/earnings22-test-epoch-5-no_aug.jsonl
earnings22,test,no_aug,post_update,488,5,0.0153912738,0.0052832909,0.0097853979,0.0236386955,5,9e-05,0,0,0,raw/earnings22-test-epoch-5-no_aug.jsonl
earnings22,test,no_aug,post_update,489,5,0.0143359279,0.0029632354,0.0096850405,0.0167517066,5,9e-05,0,0,0,raw/earnings22-test-epoch-5-no_aug.jsonl
earnings22,test,no_aug,post_update,490,5,0.0150672151,0.0045944540,0.0102289738,0.0219180994,5,9e-05,0,0,0,raw/earnings22-test-epoch-5-no_aug.jsonl
earnings22,test,no_aug,post_update,491,5,0.0164914439,0.0055697175,0.0101566678,0.0225176737,5,9e-05,0,0,0,raw/earnings22-test-epoch-5-no_aug.jsonl
earnings22,test,no_aug,post_update,492,5,0.0143034093,0.0052324188,0.0089529827,0.0196923576,5,9e-05,0,0,0,raw/earnings22-test-epoch-5-no_aug.jsonl
earnings22,test,no_aug,post_update,493,5,0.0133969985,0.0027810491,0.0098802224,0.0169571191,5,9e-05,0,0,0,raw/earnings22-test-epoch-5-no_aug.jsonl
earnings22,test,no_aug,post_update,494,5,0.0184098979,0.0066153944,0.0123530850,0.0263451040,5,9e-05,0,0,0,raw/earnings22-test-epoch-5-no_aug.jsonl
earnings22,test,no_aug,post_update,495,5,0.0169162203,0.0018017101,0.0156214014,0.0195318814,5,9e-05,0,0,0,raw/earnings22-test-epoch-5-no_aug.jsonl
earnings22,test,no_aug,post_update,496,5,0.0160368267,0.0062608970,0.0093827453,0.0235072318,5,9e-05,0,0,0,raw/earnings22-test-epoch-5-no_aug.jsonl
earnings22,test,no_aug,post_update,497,5,0.0143649081,0.0060100440,0.0082092630,0.0237330850,5,9e-05,0,0,0,raw/earnings22-test-epoch-5-no_aug.jsonl
earnings22,test,no_aug,post_update,498,5,0.0159189213,0.0046460610,0.0102831721,0.0206087399,5,9e-05,0,0,0,raw/earnings22-test-epoch-5-no_aug.jsonl
earnings22,test,no_aug,post_update,499,5,0.0182640312,0.0076871828,0.0092687272,0.0287987422,5,9e-05,0,0,0,raw/earnings22-test-epoch-5-no_aug.jsonl
earnings22,test,no_aug,post_update,500,5,0.0158281371,0.0056217536,0.0099068508,0.0239319801,5,9e-05,0,0,0,raw/earnings22-test-epoch-5-no_aug.jsonl
earnings22,test,no_aug,post_update,501,5,0.0144678488,0.0050910559,0.0098360144,0.0209849309,5,9e-05,0,0,0,raw/earnings22-test-epoch-5-no_aug.jsonl
earnings22,test,no_aug,post_update,502,5,0.0162471781,0.0055162709,0.0114697032,0.0231308080,5,9e-05,0,0,0,raw/earnings22-test-epoch-5-no_aug.jsonl
earnings22,test,no_aug,post_update,503,5,0.0182089003,0.0083127121,0.0102412570,0.0310409032,5,9e-05,0,0,0,raw/earnings22-test-epoch-5-no_aug.jsonl
earnings22,test,no_aug,post_update,504,5,0.0113136149,0.0025264333,0.0070823901,0.0138997929,5,9e-05,0,0,0,raw/earnings22-test-epoch-5-no_aug.jsonl
earnings22,test,no_aug,post_update,505,5,0.0154121283,0.0043183690,0.0085831452,0.0195095353,5,9e-05,0,0,0,raw/earnings22-test-epoch-5-no_aug.jsonl
earnings22,test,no_aug,post_update,506,5,0.0159162968,0.0062019681,0.0103373900,0.0262561813,5,9e-05,0,0,0,raw/earnings22-test-epoch-5-no_aug.jsonl
earnings22,test,no_aug,post_update,507,5,0.0162752045,0.0069736582,0.0083100004,0.0271391347,5,9e-05,0,0,0,raw/earnings22-test-epoch-5-no_aug.jsonl
earnings22,test,no_aug,post_update,508,5,0.0176130127,0.0063796134,0.0097827800,0.0251976065,5,9e-05,0,0,0,raw/earnings22-test-epoch-5-no_aug.jsonl
earnings22,test,no_aug,post_update,509,5,0.0144841604,0.0046984298,0.0102691557,0.0201158524,5,9e-05,0,0,0,raw/earnings22-test-epoch-5-no_aug.jsonl
earnings22,test,no_aug,post_update,510,5,0.0168425959,0.0055301855,0.0103117712,0.0238338299,5,9e-05,0,0,0,raw/earnings22-test-epoch-5-no_aug.jsonl
earnings22,test,no_aug,post_update,511,5,0.0130523534,0.0026614984,0.0098503614,0.0168040805,5,9e-05,0,0,0,raw/earnings22-test-epoch-5-no_aug.jsonl
earnings22,test,no_aug,post_update,512,5,0.0141495436,0.0040298246,0.0103197163,0.0206111521,5,9e-05,0,0,0,raw/earnings22-test-epoch-5-no_aug.jsonl
earnings22,test,no_aug,post_update,513,5,0.0165905084,0.0074779987,0.0089266561,0.0261661522,5,9e-05,0,0,0,raw/earnings22-test-epoch-5-no_aug.jsonl
earnings22,test,no_aug,post_update,514,5,0.0144640069,0.0021373287,0.0116948783,0.0169493593,5,9e-05,0,0,0,raw/earnings22-test-epoch-5-no_aug.jsonl
earnings22,test,no_aug,post_update,515,5,0.0144429438,0.0061668446,0.0089801960,0.0238334276,5,9e-05,0,0,0,raw/earnings22-test-epoch-5-no_aug.jsonl
earnings22,test,no_aug,post_update,516,5,0.0127894960,0.0038266877,0.0092491433,0.0181068256,5,9e-05,0,0,0,raw/earnings22-test-epoch-5-no_aug.jsonl
earnings22,test,no_aug,post_update,517,5,0.0121983815,0.0034359366,0.0088362675,0.0166106261,5,9e-05,0,0,0,raw/earnings22-test-epoch-5-no_aug.jsonl
earnings22,test,no_aug,post_update,518,5,0.0130319627,0.0037184037,0.0087783858,0.0177342221,5,9e-05,0,0,0,raw/earnings22-test-epoch-5-no_aug.jsonl
earnings22,test,no_aug,post_update,519,5,0.0130871279,0.0037964468,0.0088370759,0.0181859769,5,9e-05,0,0,0,raw/earnings22-test-epoch-5-no_aug.jsonl
earnings22,test,no_aug,post_update,520,5,0.0130880821,0.0048448453,0.0099631306,0.0215903651,5,9e-05,0,0,0,raw/earnings22-test-epoch-5-no_aug.jsonl
earnings22,test,no_aug,post_update,521,5,0.0151113078,0.0042829751,0.0096647106,0.0196750257,5,9e-05,0,0,0,raw/earnings22-test-epoch-5-no_aug.jsonl
earnings22,test,no_aug,post_update,522,5,0.0138390176,0.0028842471,0.0108476970,0.0179297589,5,9e-05,0,0,0,raw/earnings22-test-epoch-5-no_aug.jsonl
earnings22,test,no_aug,post_update,523,5,0.0128970398,0.0064328545,0.0065182755,0.0225727856,5,9e-05,0,0,0,raw/earnings22-test-epoch-5-no_aug.jsonl
earnings22,test,no_aug,post_update,524,5,0.0125955934,0.0045839487,0.0072960686,0.0175841004,5,9e-05,0,0,0,raw/earnings22-test-epoch-5-no_aug.jsonl
earnings22,test,no_aug,post_update,525,5,0.0124537642,0.0041710304,0.0072337636,0.0182440393,5,9e-05,0,0,0,raw/earnings22-test-epoch-5-no_aug.jsonl
earnings22,test,no_aug,post_update,526,5,0.0141651846,0.0064664757,0.0075393873,0.0228110440,5,9e-05,0,0,0,raw/earnings22-test-epoch-5-no_aug.jsonl
earnings22,test,no_aug,post_update,527,5,0.0142909443,0.0045279252,0.0082873143,0.0186022241,5,9e-05,0,0,0,raw/earnings22-test-epoch-5-no_aug.jsonl
earnings22,test,no_aug,post_update,528,5,0.0133741966,0.0038143876,0.0102882506,0.0190370828,5,9e-05,0,0,0,raw/earnings22-test-epoch-5-no_aug.jsonl
earnings22,test,no_aug,post_update,529,5,0.0138926042,0.0062945002,0.0083006360,0.0222101305,5,9e-05,0,0,0,raw/earnings22-test-epoch-5-no_aug.jsonl
earnings22,test,no_aug,post_update,530,5,0.0114785191,0.0014871378,0.0096968068,0.0130253499,5,9e-05,0,0,0,raw/earnings22-test-epoch-5-no_aug.jsonl
earnings22,test,no_aug,post_update,531,5,0.0129896370,0.0057451430,0.0077391365,0.0228246544,5,9e-05,0,0,0,raw/earnings22-test-epoch-5-no_aug.jsonl
earnings22,test,no_aug,post_update,532,5,0.0110465242,0.0022133715,0.0075863563,0.0130472854,5,9e-05,0,0,0,raw/earnings22-test-epoch-5-no_aug.jsonl
earnings22,test,no_aug,post_update,533,5,0.0161225747,0.0049539140,0.0114045935,0.0244909525,5,9e-05,0,0,0,raw/earnings22-test-epoch-5-no_aug.jsonl
earnings22,test,no_aug,post_update,534,5,0.0145021629,0.0074026310,0.0090715783,0.0260288902,5,9e-05,0,0,0,raw/earnings22-test-epoch-5-no_aug.jsonl
earnings22,test,no_aug,post_update,535,5,0.0143330120,0.0047825740,0.0094708242,0.0207584705,5,9e-05,0,0,0,raw/earnings22-test-epoch-5-no_aug.jsonl
earnings22,test,no_aug,post_update,536,5,0.0140748978,0.0058448224,0.0084375851,0.0219172537,5,9e-05,0,0,0,raw/earnings22-test-epoch-5-no_aug.jsonl
earnings22,test,no_aug,post_update,537,5,0.0136191586,0.0056580861,0.0080077704,0.0225400217,5,9e-05,0,0,0,raw/earnings22-test-epoch-5-no_aug.jsonl
earnings22,test,no_aug,post_update,538,5,0.0159447351,0.0044350778,0.0118307425,0.0226106029,5,9e-05,0,0,0,raw/earnings22-test-epoch-5-no_aug.jsonl
earnings22,test,no_aug,post_update,539,5,0.0148447562,0.0051453629,0.0092970878,0.0226287935,5,9e-05,0,0,0,raw/earnings22-test-epoch-5-no_aug.jsonl
earnings22,test,no_aug,post_update,540,5,0.0137303598,0.0053418593,0.0084940884,0.0218722895,5,9e-05,0,0,0,raw/earnings22-test-epoch-5-no_aug.jsonl
earnings22,test,no_aug,post_update,541,5,0.0143313222,0.0035040474,0.0106310118,0.0199054591,5,9e-05,0,0,0,raw/earnings22-test-epoch-5-no_aug.jsonl
earnings22,test,no_aug,post_update,542,5,0.0112923667,0.0017179955,0.0093267923,0.0140572041,5,9e-05,0,0,0,raw/earnings22-test-epoch-5-no_aug.jsonl
earnings22,test,no_aug,post_update,543,5,0.0135933841,0.0054489806,0.0100249229,0.0232393555,5,9e-05,0,0,0,raw/earnings22-test-epoch-5-no_aug.jsonl
earnings22,test,no_aug,post_update,544,5,0.0129489722,0.0023680453,0.0104728825,0.0164621435,5,9e-05,0,0,0,raw/earnings22-test-epoch-5-no_aug.jsonl
earnings22,test,no_aug,post_update,545,5,0.0175263394,0.0044306326,0.0137458872,0.0247006640,5,9e-05,0,0,0,raw/earnings22-test-epoch-5-no_aug.jsonl
earnings22,test,no_aug,post_update,546,5,0.0117480846,0.0052788084,0.0075951414,0.0208786316,5,9e-05,0,0,0,raw/earnings22-test-epoch-5-no_aug.jsonl
earnings22,test,no_aug,post_update,547,5,0.0114210792,0.0039563333,0.0083589312,0.0179838482,5,9e-05,0,0,0,raw/earnings22-test-epoch-5-no_aug.jsonl
earnings22,test,no_aug,post_update,548,5,0.0125377944,0.0038846379,0.0088464841,0.0189453252,5,9e-05,0,0,0,raw/earnings22-test-epoch-5-no_aug.jsonl
earnings22,test,no_aug,post_update,549,5,0.0131971858,0.0033707391,0.0095067564,0.0179316085,5,9e-05,0,0,0,raw/earnings22-test-epoch-5-no_aug.jsonl
earnings22,test,no_aug,post_update,550,5,0.0114131728,0.0025552202,0.0086155869,0.0146649247,5,9e-05,0,0,0,raw/earnings22-test-epoch-5-no_aug.jsonl
earnings22,test,no_aug,post_update,551,5,0.0132380374,0.0038990462,0.0089839669,0.0180118904,5,9e-05,0,0,0,raw/earnings22-test-epoch-5-no_aug.jsonl
earnings22,test,no_aug,post_update,552,5,0.0143245637,0.0038333572,0.0098948693,0.0191363804,5,9e-05,0,0,0,raw/earnings22-test-epoch-5-no_aug.jsonl
earnings22,test,no_aug,post_update,553,5,0.0133738477,0.0041586450,0.0071638133,0.0182938389,5,9e-05,0,0,0,raw/earnings22-test-epoch-5-no_aug.jsonl
earnings22,test,no_aug,post_update,554,5,0.0138282498,0.0025885850,0.0106453616,0.0177672096,5,9e-05,0,0,0,raw/earnings22-test-epoch-5-no_aug.jsonl
earnings22,test,no_aug,post_update,555,5,0.0141491883,0.0034591725,0.0104563152,0.0177828260,5,9e-05,0,0,0,raw/earnings22-test-epoch-5-no_aug.jsonl
earnings22,test,no_aug,post_update,556,5,0.0132871965,0.0032341249,0.0081291683,0.0164257195,5,9e-05,0,0,0,raw/earnings22-test-epoch-5-no_aug.jsonl
earnings22,test,no_aug,post_update,557,5,0.0134198032,0.0029628784,0.0101163797,0.0166884921,5,9e-05,0,0,0,raw/earnings22-test-epoch-5-no_aug.jsonl
earnings22,test,no_aug,post_update,558,5,0.0137307936,0.0059569135,0.0089383358,0.0238223691,5,9e-05,0,0,0,raw/earnings22-test-epoch-5-no_aug.jsonl
earnings22,test,no_aug,post_update,559,5,0.0140532526,0.0055943799,0.0070832656,0.0208605491,5,9e-05,0,0,0,raw/earnings22-test-epoch-5-no_aug.jsonl
earnings22,test,no_aug,post_update,560,5,0.0156623017,0.0026250295,0.0132184131,0.0195988528,5,9e-05,0,0,0,raw/earnings22-test-epoch-5-no_aug.jsonl
earnings22,test,no_aug,post_update,561,5,0.0105779549,0.0021062706,0.0083379466,0.0138803739,5,9e-05,0,0,0,raw/earnings22-test-epoch-5-no_aug.jsonl
earnings22,test,no_aug,post_update,562,5,0.0124125743,0.0072870326,0.0072005447,0.0248292312,5,9e-05,0,0,0,raw/earnings22-test-epoch-5-no_aug.jsonl
earnings22,test,no_aug,post_update,563,5,0.0135750147,0.0040863692,0.0089887315,0.0181821752,5,9e-05,0,0,0,raw/earnings22-test-epoch-5-no_aug.jsonl
earnings22,test,no_aug,post_update,564,5,0.0120643051,0.0039450904,0.0077287769,0.0164021291,5,9e-05,0,0,0,raw/earnings22-test-epoch-5-no_aug.jsonl
earnings22,test,no_aug,post_update,565,5,0.0133327862,0.0051578461,0.0086676795,0.0210137777,5,9e-05,0,0,0,raw/earnings22-test-epoch-5-no_aug.jsonl
earnings22,test,no_aug,post_update,566,5,0.0123885997,0.0028681693,0.0090976767,0.0161357019,5,9e-05,0,0,0,raw/earnings22-test-epoch-5-no_aug.jsonl
earnings22,test,no_aug,post_update,567,5,0.0160674531,0.0057034671,0.0110798161,0.0252279062,5,9e-05,0,0,0,raw/earnings22-test-epoch-5-no_aug.jsonl
earnings22,test,no_aug,post_update,568,5,0.0135637030,0.0044238373,0.0094308425,0.0206769593,5,9e-05,0,0,0,raw/earnings22-test-epoch-5-no_aug.jsonl
earnings22,test,no_aug,post_update,569,5,0.0135878118,0.0042607412,0.0089653749,0.0191975851,5,9e-05,0,0,0,raw/earnings22-test-epoch-5-no_aug.jsonl
earnings22,test,no_aug,post_update,570,5,0.0119686477,0.0038483654,0.0093177073,0.0186751150,5,9e-05,0,0,0,raw/earnings22-test-epoch-5-no_aug.jsonl
earnings22,test,no_aug,post_update,571,5,0.0120190838,0.0027318437,0.0090901311,0.0163583457,5,9e-05,0,0,0,raw/earnings22-test-epoch-5-no_aug.jsonl
earnings22,test,no_aug,post_update,572,5,0.0136674700,0.0041161027,0.0089939767,0.0195545666,5,9e-05,0,0,0,raw/earnings22-test-epoch-5-no_aug.jsonl
earnings22,test,no_aug,post_update,573,5,0.0142279333,0.0052524214,0.0111701209,0.0234934147,5,9e-05,0,0,0,raw/earnings22-test-epoch-5-no_aug.jsonl
earnings22,test,no_aug,post_update,574,5,0.0136855600,0.0045160304,0.0082079330,0.0198840741,5,9e-05,0,0,0,raw/earnings22-test-epoch-5-no_aug.jsonl
earnings22,test,no_aug,post_update,575,5,0.0141898392,0.0038316295,0.0078514917,0.0178129356,5,9e-05,0,0,0,raw/earnings22-test-epoch-5-no_aug.jsonl
earnings22,test,no_aug,post_update,576,5,0.0163170610,0.0068952012,0.0104309442,0.0276141316,5,9e-05,0,0,0,raw/earnings22-test-epoch-5-no_aug.jsonl
earnings22,test,no_aug,post_update,577,5,0.0132407437,0.0048853999,0.0070120529,0.0186113343,5,9e-05,0,0,0,raw/earnings22-test-epoch-5-no_aug.jsonl
earnings22,test,no_aug,post_update,578,5,0.0129079787,0.0025466724,0.0105992779,0.0168494210,5,9e-05,0,0,0,raw/earnings22-test-epoch-5-no_aug.jsonl
earnings22,test,no_aug,post_update,579,5,0.0122840373,0.0033734148,0.0095953774,0.0162769780,5,9e-05,0,0,0,raw/earnings22-test-epoch-5-no_aug.jsonl
earnings22,test,no_aug,post_update,580,5,0.0153050400,0.0043716047,0.0098640006,0.0201723557,5,9e-05,0,0,0,raw/earnings22-test-epoch-5-no_aug.jsonl
earnings22,test,no_aug,post_update,581,5,0.0115499822,0.0039552752,0.0072061606,0.0170266181,5,9e-05,0,0,0,raw/earnings22-test-epoch-5-no_aug.jsonl
earnings22,test,no_aug,post_update,582,5,0.0133988738,0.0060756262,0.0092828833,0.0237721615,5,9e-05,0,0,0,raw/earnings22-test-epoch-5-no_aug.jsonl
earnings22,test,no_aug,post_update,583,5,0.0138456855,0.0026071247,0.0119292578,0.0183876939,5,9e-05,0,0,0,raw/earnings22-test-epoch-5-no_aug.jsonl
earnings22,test,no_aug,post_update,584,5,0.0149696607,0.0057192264,0.0088911653,0.0220770948,5,9e-05,0,0,0,raw/earnings22-test-epoch-5-no_aug.jsonl
earnings22,test,no_aug,post_update,585,5,0.0132332159,0.0033290901,0.0081243683,0.0167995356,5,9e-05,0,0,0,raw/earnings22-test-epoch-5-no_aug.jsonl
earnings22,test,no_aug,post_update,586,5,0.0141854817,0.0041392678,0.0102876173,0.0203379542,5,9e-05,0,0,0,raw/earnings22-test-epoch-5-no_aug.jsonl
earnings22,test,no_aug,post_update,587,5,0.0144364530,0.0028855433,0.0099879615,0.0173540376,5,9e-05,0,0,0,raw/earnings22-test-epoch-5-no_aug.jsonl
earnings22,test,no_aug,post_update,588,5,0.0119380401,0.0053535451,0.0068403911,0.0206135344,5,9e-05,0,0,0,raw/earnings22-test-epoch-5-no_aug.jsonl
earnings22,test,no_aug,post_update,589,5,0.0114592683,0.0034530652,0.0081597622,0.0163113121,5,9e-05,0,0,0,raw/earnings22-test-epoch-5-no_aug.jsonl
earnings22,test,no_aug,post_update,590,5,0.0151116814,0.0039477348,0.0108453548,0.0200184453,5,9e-05,0,0,0,raw/earnings22-test-epoch-5-no_aug.jsonl
earnings22,test,no_aug,post_update,591,5,0.0129525248,0.0040621746,0.0071399594,0.0184698682,5,9e-05,0,0,0,raw/earnings22-test-epoch-5-no_aug.jsonl
earnings22,test,no_aug,post_update,592,5,0.0146450099,0.0063610916,0.0092793200,0.0234004147,5,9e-05,0,0,0,raw/earnings22-test-epoch-5-no_aug.jsonl
earnings22,test,no_aug,post_update,593,5,0.0128377080,0.0036061946,0.0080419332,0.0172713827,5,9e-05,0,0,0,raw/earnings22-test-epoch-5-no_aug.jsonl
earnings22,test,no_aug,post_update,594,5,0.0110246427,0.0030519654,0.0088047041,0.0162940137,5,9e-05,0,0,0,raw/earnings22-test-epoch-5-no_aug.jsonl
earnings22,test,no_aug,post_update,595,5,0.0137179729,0.0040326470,0.0111139510,0.0208261702,5,9e-05,0,0,0,raw/earnings22-test-epoch-5-no_aug.jsonl
earnings22,test,no_aug,post_update,596,5,0.0141593026,0.0027956170,0.0112335533,0.0171519741,5,9e-05,0,0,0,raw/earnings22-test-epoch-5-no_aug.jsonl
earnings22,test,no_aug,post_update,597,5,0.0147138964,0.0065242988,0.0063152350,0.0236844569,5,9e-05,0,0,0,raw/earnings22-test-epoch-5-no_aug.jsonl
earnings22,test,no_aug,post_update,598,5,0.0113532491,0.0020696464,0.0095251352,0.0148062948,5,9e-05,0,0,0,raw/earnings22-test-epoch-5-no_aug.jsonl
earnings22,test,no_aug,post_update,599,5,0.0147771882,0.0035676827,0.0114602428,0.0192358736,5,9e-05,0,0,0,raw/earnings22-test-epoch-5-no_aug.jsonl
earnings22,test,no_aug,post_update,600,5,0.0140507882,0.0046534794,0.0102191390,0.0215275139,5,9e-05,0,0,0,raw/earnings22-test-epoch-5-no_aug.jsonl
earnings22,test,no_aug,post_update,601,5,0.0111516131,0.0022195406,0.0088209892,0.0146533018,5,9e-05,0,0,0,raw/earnings22-test-epoch-5-no_aug.jsonl
earnings22,test,no_aug,post_update,602,5,0.0127126720,0.0044555573,0.0086163096,0.0183279365,5,9e-05,0,0,0,raw/earnings22-test-epoch-5-no_aug.jsonl
earnings22,test,no_aug,post_update,603,5,0.0151675453,0.0042836265,0.0102073653,0.0188740101,5,9e-05,0,0,0,raw/earnings22-test-epoch-5-no_aug.jsonl
earnings22,test,no_aug,post_update,604,5,0.0150171386,0.0031017603,0.0115158223,0.0196171217,5,9e-05,0,0,0,raw/earnings22-test-epoch-5-no_aug.jsonl
earnings22,test,no_aug,post_update,605,5,0.0105220450,0.0027670535,0.0073802946,0.0147976819,5,9e-05,0,0,0,raw/earnings22-test-epoch-5-no_aug.jsonl
earnings22,test,no_aug,post_update,606,5,0.0139223872,0.0042385218,0.0110303797,0.0207887553,5,9e-05,0,0,0,raw/earnings22-test-epoch-5-no_aug.jsonl
earnings22,test,no_aug,post_update,607,5,0.0156002572,0.0054617177,0.0087761218,0.0216034092,5,9e-05,0,0,0,raw/earnings22-test-epoch-5-no_aug.jsonl
earnings22,test,no_aug,post_update,608,5,0.0121218221,0.0041236146,0.0081414934,0.0167795122,5,9e-05,0,0,0,raw/earnings22-test-epoch-5-no_aug.jsonl
earnings22,test,no_aug,post_update,609,5,0.0142683398,0.0063552678,0.0084624859,0.0240548290,5,9e-05,0,0,0,raw/earnings22-test-epoch-5-no_aug.jsonl
earnings22,test,no_aug,post_update,610,5,0.0154208681,0.0024206545,0.0118586356,0.0172580555,5,9e-05,0,0,0,raw/earnings22-test-epoch-5-no_aug.jsonl
earnings22,test,no_aug,post_update,611,5,0.0152025044,0.0028705458,0.0120502701,0.0184143316,5,9e-05,0,0,0,raw/earnings22-test-epoch-5-no_aug.jsonl
earnings22,test,no_aug,post_update,612,5,0.0147485755,0.0054376508,0.0078190761,0.0222320259,5,9e-05,0,0,0,raw/earnings22-test-epoch-5-no_aug.jsonl
earnings22,test,no_aug,post_update,613,5,0.0128338369,0.0039042179,0.0077657858,0.0166194178,5,9e-05,0,0,0,raw/earnings22-test-epoch-5-no_aug.jsonl
earnings22,test,no_aug,post_update,614,5,0.0127594257,0.0041384917,0.0094556762,0.0197543520,5,9e-05,0,0,0,raw/earnings22-test-epoch-5-no_aug.jsonl
earnings22,test,no_aug,post_update,615,5,0.0129794652,0.0021149525,0.0112502920,0.0165301636,5,9e-05,0,0,0,raw/earnings22-test-epoch-5-no_aug.jsonl
earnings22,test,no_aug,post_update,616,4,0.0141705996,0.0041289297,0.0094672814,0.0191043094,5,9e-05,0,0,0,raw/earnings22-test-epoch-5-no_aug.jsonl
earnings22,test,no_aug,post_update,617,4,0.0127343761,0.0035146605,0.0100183878,0.0178982168,5,9e-05,0,0,0,raw/earnings22-test-epoch-5-no_aug.jsonl
earnings22,test,no_aug,post_update,618,4,0.0122730904,0.0049353257,0.0083947694,0.0189422760,5,9e-05,0,0,0,raw/earnings22-test-epoch-5-no_aug.jsonl
earnings22,test,no_aug,post_update,619,4,0.0112922597,0.0042424517,0.0083011016,0.0175670646,5,9e-05,0,0,0,raw/earnings22-test-epoch-5-no_aug.jsonl
earnings22,test,no_aug,post_update,620,4,0.0117089855,0.0054431254,0.0089331642,0.0198734701,5,9e-05,0,0,0,raw/earnings22-test-epoch-5-no_aug.jsonl
earnings22,test,no_aug,post_update,621,4,0.0129337509,0.0050621267,0.0094671454,0.0204491969,5,9e-05,0,0,0,raw/earnings22-test-epoch-5-no_aug.jsonl
earnings22,test,no_aug,post_update,622,4,0.0165606621,0.0079601951,0.0088826176,0.0243051741,5,9e-05,0,0,0,raw/earnings22-test-epoch-5-no_aug.jsonl
earnings22,test,no_aug,post_update,623,4,0.0134589085,0.0031550050,0.0099943178,0.0173170045,5,9e-05,0,0,0,raw/earnings22-test-epoch-5-no_aug.jsonl
earnings22,test,no_aug,post_update,624,4,0.0124636602,0.0034321722,0.0097592082,0.0173252858,5,9e-05,0,0,0,raw/earnings22-test-epoch-5-no_aug.jsonl
earnings22,test,no_aug,post_update,625,4,0.0107554985,0.0043530147,0.0071916082,0.0168014914,5,9e-05,0,0,0,raw/earnings22-test-epoch-5-no_aug.jsonl
earnings22,test,no_aug,post_update,626,4,0.0110613375,0.0042045968,0.0074019087,0.0161715951,5,9e-05,0,0,0,raw/earnings22-test-epoch-5-no_aug.jsonl
earnings22,test,no_aug,post_update,627,4,0.0156751862,0.0047649974,0.0105297882,0.0217878893,5,9e-05,0,0,0,raw/earnings22-test-epoch-5-no_aug.jsonl
earnings22,test,no_aug,post_update,628,4,0.0115920377,0.0048762325,0.0075959088,0.0179456174,5,9e-05,0,0,0,raw/earnings22-test-epoch-5-no_aug.jsonl
earnings22,test,no_aug,post_update,629,4,0.0123800242,0.0054593113,0.0075725177,0.0188920274,5,9e-05,0,0,0,raw/earnings22-test-epoch-5-no_aug.jsonl
earnings22,test,no_aug,post_update,630,4,0.0136507507,0.0063111573,0.0081938449,0.0206128042,5,9e-05,0,0,0,raw/earnings22-test-epoch-5-no_aug.jsonl
earnings22,test,no_aug,post_update,631,4,0.0129752096,0.0052598352,0.0081331776,0.0197574813,5,9e-05,0,0,0,raw/earnings22-test-epoch-5-no_aug.jsonl
earnings22,test,no_aug,post_update,632,4,0.0100393270,0.0027929470,0.0072036246,0.0125571527,5,9e-05,0,0,0,raw/earnings22-test-epoch-5-no_aug.jsonl
earnings22,test,no_aug,post_update,633,4,0.0127677824,0.0042209260,0.0080451909,0.0165860932,5,9e-05,0,0,0,raw/earnings22-test-epoch-5-no_aug.jsonl
earnings22,test,no_aug,post_update,634,4,0.0118084594,0.0036562143,0.0089538153,0.0171709377,5,9e-05,0,0,0,raw/earnings22-test-epoch-5-no_aug.jsonl
earnings22,test,no_aug,post_update,635,4,0.0126957695,0.0053325355,0.0071778875,0.0174198672,5,9e-05,0,0,0,raw/earnings22-test-epoch-5-no_aug.jsonl
earnings22,test,no_aug,post_update,636,4,0.0136061045,0.0057265263,0.0079744598,0.0198279414,5,9e-05,0,0,0,raw/earnings22-test-epoch-5-no_aug.jsonl
earnings22,test,no_aug,post_update,637,4,0.0108463285,0.0039942502,0.0074859932,0.0161850974,5,9e-05,0,0,0,raw/earnings22-test-epoch-5-no_aug.jsonl
earnings22,test,no_aug,post_update,638,4,0.0118199503,0.0036635708,0.0078634955,0.0151354400,5,9e-05,0,0,0,raw/earnings22-test-epoch-5-no_aug.jsonl
earnings22,test,no_aug,post_update,639,4,0.0134444810,0.0041117563,0.0084233955,0.0176308416,5,9e-05,0,0,0,raw/earnings22-test-epoch-5-no_aug.jsonl
earnings22,test,no_aug,post_update,640,4,0.0109220459,0.0016850234,0.0095806532,0.0132213999,5,9e-05,0,0,0,raw/earnings22-test-epoch-5-no_aug.jsonl
earnings22,test,no_aug,post_update,641,4,0.0129459463,0.0035523353,0.0090991613,0.0162830241,5,9e-05,0,0,0,raw/earnings22-test-epoch-5-no_aug.jsonl
earnings22,test,no_aug,post_update,642,4,0.0116340686,0.0053167225,0.0075148940,0.0190272015,5,9e-05,0,0,0,raw/earnings22-test-epoch-5-no_aug.jsonl
earnings22,test,no_aug,post_update,643,4,0.0118493903,0.0008724778,0.0111798905,0.0130171385,5,9e-05,0,0,0,raw/earnings22-test-epoch-5-no_aug.jsonl
earnings22,test,no_aug,post_update,644,4,0.0114731886,0.0039628595,0.0077416962,0.0153760333,5,9e-05,0,0,0,raw/earnings22-test-epoch-5-no_aug.jsonl
earnings22,test,no_aug,post_update,645,4,0.0134006268,0.0035428266,0.0101904459,0.0166187752,5,9e-05,0,0,0,raw/earnings22-test-epoch-5-no_aug.jsonl
earnings22,test,no_aug,post_update,646,4,0.0117324097,0.0035166076,0.0089467205,0.0168007184,5,9e-05,0,0,0,raw/earnings22-test-epoch-5-no_aug.jsonl
earnings22,test,no_aug,post_update,647,4,0.0130395582,0.0040819451,0.0088059576,0.0172177963,5,9e-05,0,0,0,raw/earnings22-test-epoch-5-no_aug.jsonl
earnings22,test,no_aug,post_update,648,4,0.0143922070,0.0075251088,0.0076548881,0.0245660730,5,9e-05,0,0,0,raw/earnings22-test-epoch-5-no_aug.jsonl
earnings22,test,no_aug,post_update,649,4,0.0130946306,0.0047568680,0.0090883011,0.0187859759,5,9e-05,0,0,0,raw/earnings22-test-epoch-5-no_aug.jsonl
earnings22,test,no_aug,post_update,650,4,0.0146293722,0.0074339319,0.0088099446,0.0247538928,5,9e-05,0,0,0,raw/earnings22-test-epoch-5-no_aug.jsonl
earnings22,test,no_aug,post_update,651,4,0.0119809241,0.0051430823,0.0083613377,0.0193676762,5,9e-05,0,0,0,raw/earnings22-test-epoch-5-no_aug.jsonl
earnings22,test,no_aug,post_update,652,4,0.0117455638,0.0063446455,0.0060205203,0.0186520237,5,9e-05,0,0,0,raw/earnings22-test-epoch-5-no_aug.jsonl
earnings22,test,no_aug,post_update,653,4,0.0127440924,0.0029515609,0.0102279522,0.0161948297,5,9e-05,0,0,0,raw/earnings22-test-epoch-5-no_aug.jsonl
earnings22,test,no_aug,post_update,654,4,0.0153015237,0.0043842164,0.0115110707,0.0212145429,5,9e-05,0,0,0,raw/earnings22-test-epoch-5-no_aug.jsonl
earnings22,test,no_aug,post_update,655,4,0.0105843996,0.0033833523,0.0070593730,0.0140830632,5,9e-05,0,0,0,raw/earnings22-test-epoch-5-no_aug.jsonl
earnings22,test,no_aug,post_update,656,4,0.0128345219,0.0027575958,0.0103587732,0.0167807881,5,9e-05,0,0,0,raw/earnings22-test-epoch-5-no_aug.jsonl
earnings22,test,no_aug,post_update,657,4,0.0114726850,0.0027747192,0.0089719100,0.0149443951,5,9e-05,0,0,0,raw/earnings22-test-epoch-5-no_aug.jsonl
earnings22,test,no_aug,post_update,658,4,0.0111590277,0.0031068611,0.0070574107,0.0141556337,5,9e-05,0,0,0,raw/earnings22-test-epoch-5-no_aug.jsonl
earnings22,test,no_aug,post_update,659,4,0.0112731147,0.0039976428,0.0078258533,0.0168693345,5,9e-05,0,0,0,raw/earnings22-test-epoch-5-no_aug.jsonl
earnings22,test,no_aug,post_update,660,4,0.0156706700,0.0073105600,0.0087658530,0.0240908265,5,9e-05,0,0,0,raw/earnings22-test-epoch-5-no_aug.jsonl
earnings22,test,no_aug,post_update,661,4,0.0121618446,0.0069174155,0.0074817725,0.0223987959,5,9e-05,0,0,0,raw/earnings22-test-epoch-5-no_aug.jsonl
earnings22,test,no_aug,post_update,662,4,0.0126179371,0.0028462815,0.0087768361,0.0149430325,5,9e-05,0,0,0,raw/earnings22-test-epoch-5-no_aug.jsonl
earnings22,test,no_aug,post_update,663,4,0.0150353935,0.0074108289,0.0072716116,0.0219102390,5,9e-05,0,0,0,raw/earnings22-test-epoch-5-no_aug.jsonl
earnings22,test,no_aug,post_update,664,4,0.0085183049,0.0013568370,0.0072659869,0.0103204874,5,9e-05,0,0,0,raw/earnings22-test-epoch-5-no_aug.jsonl
earnings22,test,no_aug,post_update,665,4,0.0121453190,0.0048965450,0.0086285956,0.0193847232,5,9e-05,0,0,0,raw/earnings22-test-epoch-5-no_aug.jsonl
earnings22,test,no_aug,post_update,666,4,0.0135781656,0.0041018300,0.0101109147,0.0193809085,5,9e-05,0,0,0,raw/earnings22-test-epoch-5-no_aug.jsonl
earnings22,test,no_aug,post_update,667,4,0.0121086640,0.0043468814,0.0080886763,0.0180183314,5,9e-05,0,0,0,raw/earnings22-test-epoch-5-no_aug.jsonl
earnings22,test,no_aug,post_update,668,4,0.0104256526,0.0006453331,0.0100513073,0.0113918874,5,9e-05,0,0,0,raw/earnings22-test-epoch-5-no_aug.jsonl
earnings22,test,no_aug,post_update,669,4,0.0122034306,0.0069571156,0.0076828334,0.0224835388,5,9e-05,0,0,0,raw/earnings22-test-epoch-5-no_aug.jsonl
earnings22,test,no_aug,post_update,670,4,0.0127977389,0.0044007844,0.0085090045,0.0166215282,5,9e-05,0,0,0,raw/earnings22-test-epoch-5-no_aug.jsonl
earnings22,test,no_aug,post_update,671,4,0.0102051490,0.0028160580,0.0080706468,0.0143476883,5,9e-05,0,0,0,raw/earnings22-test-epoch-5-no_aug.jsonl
earnings22,test,no_aug,post_update,672,4,0.0128189202,0.0033666063,0.0107036456,0.0177833531,5,9e-05,0,0,0,raw/earnings22-test-epoch-5-no_aug.jsonl
earnings22,test,no_aug,post_update,673,4,0.0141071372,0.0042801220,0.0086960839,0.0191635564,5,9e-05,0,0,0,raw/earnings22-test-epoch-5-no_aug.jsonl
earnings22,test,no_aug,post_update,674,4,0.0138902636,0.0057468251,0.0073477291,0.0204076990,5,9e-05,0,0,0,raw/earnings22-test-epoch-5-no_aug.jsonl
earnings22,test,no_aug,post_update,675,4,0.0117492557,0.0050201925,0.0069097383,0.0167568550,5,9e-05,0,0,0,raw/earnings22-test-epoch-5-no_aug.jsonl
earnings22,test,no_aug,post_update,676,4,0.0109385257,0.0040781208,0.0070747854,0.0165980980,5,9e-05,0,0,0,raw/earnings22-test-epoch-5-no_aug.jsonl
earnings22,test,no_aug,post_update,677,4,0.0098210474,0.0024433829,0.0073490427,0.0131767206,5,9e-05,0,0,0,raw/earnings22-test-epoch-5-no_aug.jsonl
earnings22,test,no_aug,post_update,678,4,0.0132582190,0.0077548115,0.0084515400,0.0247741193,5,9e-05,0,0,0,raw/earnings22-test-epoch-5-no_aug.jsonl
earnings22,test,no_aug,post_update,679,4,0.0134400546,0.0068090592,0.0063447570,0.0211701393,5,9e-05,0,0,0,raw/earnings22-test-epoch-5-no_aug.jsonl
earnings22,test,no_aug,post_update,680,4,0.0094337007,0.0009068836,0.0081205657,0.0101982905,5,9e-05,0,0,0,raw/earnings22-test-epoch-5-no_aug.jsonl
earnings22,test,no_aug,post_update,681,4,0.0105262633,0.0045992973,0.0064529674,0.0157682151,5,9e-05,0,0,0,raw/earnings22-test-epoch-5-no_aug.jsonl
earnings22,test,no_aug,post_update,682,4,0.0143567617,0.0041199315,0.0102073886,0.0195300244,5,9e-05,0,0,0,raw/earnings22-test-epoch-5-no_aug.jsonl
earnings22,test,no_aug,post_update,683,4,0.0137919663,0.0049262650,0.0096866637,0.0207132660,5,9e-05,0,0,0,raw/earnings22-test-epoch-5-no_aug.jsonl
earnings22,test,no_aug,post_update,684,4,0.0121895116,0.0034097258,0.0074805222,0.0150667932,5,9e-05,0,0,0,raw/earnings22-test-epoch-5-no_aug.jsonl
earnings22,test,no_aug,post_update,685,4,0.0146157420,0.0042129526,0.0092500299,0.0191903729,5,9e-05,0,0,0,raw/earnings22-test-epoch-5-no_aug.jsonl
earnings22,test,no_aug,post_update,686,4,0.0121501014,0.0047532298,0.0072363093,0.0186587404,5,9e-05,0,0,0,raw/earnings22-test-epoch-5-no_aug.jsonl
earnings22,test,no_aug,post_update,687,4,0.0114622645,0.0029574343,0.0081705172,0.0142063666,5,9e-05,0,0,0,raw/earnings22-test-epoch-5-no_aug.jsonl
earnings22,test,no_aug,post_update,688,4,0.0099452327,0.0036322137,0.0074700797,0.0152141787,5,9e-05,0,0,0,raw/earnings22-test-epoch-5-no_aug.jsonl
earnings22,test,no_aug,post_update,689,4,0.0145469890,0.0066249798,0.0093678683,0.0241630767,5,9e-05,0,0,0,raw/earnings22-test-epoch-5-no_aug.jsonl
earnings22,test,no_aug,post_update,690,4,0.0097262319,0.0014932800,0.0077754129,0.0113914199,5,9e-05,0,0,0,raw/earnings22-test-epoch-5-no_aug.jsonl
earnings22,test,no_aug,post_update,691,4,0.0128591692,0.0027118604,0.0105179399,0.0166821070,5,9e-05,0,0,0,raw/earnings22-test-epoch-5-no_aug.jsonl
earnings22,test,no_aug,post_update,692,4,0.0118609329,0.0048479269,0.0091270488,0.0191224571,5,9e-05,0,0,0,raw/earnings22-test-epoch-5-no_aug.jsonl
earnings22,test,no_aug,post_update,693,4,0.0121051024,0.0021919438,0.0095143300,0.0140468497,5,9e-05,0,0,0,raw/earnings22-test-epoch-5-no_aug.jsonl
earnings22,test,no_aug,post_update,694,4,0.0108964129,0.0023848585,0.0081838761,0.0132976174,5,9e-05,0,0,0,raw/earnings22-test-epoch-5-no_aug.jsonl
earnings22,test,no_aug,post_update,695,4,0.0116934833,0.0034449972,0.0073061571,0.0154855959,5,9e-05,0,0,0,raw/earnings22-test-epoch-5-no_aug.jsonl
earnings22,test,no_aug,post_update,696,4,0.0145944715,0.0023747312,0.0119461305,0.0172083098,5,9e-05,0,0,0,raw/earnings22-test-epoch-5-no_aug.jsonl
earnings22,test,no_aug,post_update,697,4,0.0143054328,0.0053375272,0.0081605976,0.0209582429,5,9e-05,0,0,0,raw/earnings22-test-epoch-5-no_aug.jsonl
earnings22,test,no_aug,post_update,698,4,0.0103091625,0.0045897457,0.0057299770,0.0166621096,5,9e-05,0,0,0,raw/earnings22-test-epoch-5-no_aug.jsonl
earnings22,test,no_aug,post_update,699,4,0.0121732634,0.0027116739,0.0082330992,0.0139807388,5,9e-05,0,0,0,raw/earnings22-test-epoch-5-no_aug.jsonl
earnings22,test,no_aug,post_update,700,4,0.0125770760,0.0043223506,0.0082052555,0.0179893859,5,9e-05,0,0,0,raw/earnings22-test-epoch-5-no_aug.jsonl
earnings22,test,no_aug,post_update,701,4,0.0132894851,0.0047536594,0.0067446008,0.0179714449,5,9e-05,0,0,0,raw/earnings22-test-epoch-5-no_aug.jsonl
earnings22,test,no_aug,post_update,702,4,0.0148093104,0.0040497870,0.0102228634,0.0185455047,5,9e-05,0,0,0,raw/earnings22-test-epoch-5-no_aug.jsonl
earnings22,test,no_aug,post_update,703,4,0.0097881237,0.0033520730,0.0061008418,0.0140366722,5,9e-05,0,0,0,raw/earnings22-test-epoch-5-no_aug.jsonl
earnings22,test,no_aug,post_update,704,4,0.0134392323,0.0045265537,0.0096653411,0.0197826810,5,9e-05,0,0,0,raw/earnings22-test-epoch-5-no_aug.jsonl
earnings22,test,no_aug,post_update,705,4,0.0109296050,0.0040384101,0.0063783545,0.0160134304,5,9e-05,0,0,0,raw/earnings22-test-epoch-5-no_aug.jsonl
earnings22,test,no_aug,post_update,706,4,0.0115879634,0.0042076120,0.0078888535,0.0173006579,5,9e-05,0,0,0,raw/earnings22-test-epoch-5-no_aug.jsonl
earnings22,test,no_aug,post_update,707,4,0.0126936091,0.0040166950,0.0078278594,0.0165181160,5,9e-05,0,0,0,raw/earnings22-test-epoch-5-no_aug.jsonl
earnings22,test,no_aug,post_update,708,4,0.0134066390,0.0021602306,0.0118564619,0.0166055858,5,9e-05,0,0,0,raw/earnings22-test-epoch-5-no_aug.jsonl
earnings22,test,no_aug,post_update,709,4,0.0114492143,0.0049485802,0.0078576403,0.0187682565,5,9e-05,0,0,0,raw/earnings22-test-epoch-5-no_aug.jsonl
earnings22,test,no_aug,post_update,710,4,0.0112727771,0.0032595612,0.0092027076,0.0161358584,5,9e-05,0,0,0,raw/earnings22-test-epoch-5-no_aug.jsonl
earnings22,test,no_aug,post_update,711,4,0.0138793944,0.0038221527,0.0097615588,0.0183680989,5,9e-05,0,0,0,raw/earnings22-test-epoch-5-no_aug.jsonl
earnings22,test,no_aug,post_update,712,4,0.0138151306,0.0023692217,0.0107050342,0.0163006894,5,9e-05,0,0,0,raw/earnings22-test-epoch-5-no_aug.jsonl
earnings22,test,no_aug,post_update,713,4,0.0105757918,0.0030044161,0.0061088614,0.0124342376,5,9e-05,0,0,0,raw/earnings22-test-epoch-5-no_aug.jsonl
earnings22,test,no_aug,post_update,714,4,0.0105122344,0.0037721484,0.0058444124,0.0142783541,5,9e-05,0,0,0,raw/earnings22-test-epoch-5-no_aug.jsonl
earnings22,test,no_aug,post_update,715,4,0.0128730868,0.0024703542,0.0093909698,0.0152285146,5,9e-05,0,0,0,raw/earnings22-test-epoch-5-no_aug.jsonl
earnings22,test,no_aug,post_update,716,4,0.0141789587,0.0027294001,0.0117935613,0.0167290699,5,9e-05,0,0,0,raw/earnings22-test-epoch-5-no_aug.jsonl
earnings22,test,no_aug,post_update,717,4,0.0123942045,0.0049359873,0.0064967051,0.0185701698,5,9e-05,0,0,0,raw/earnings22-test-epoch-5-no_aug.jsonl
earnings22,test,no_aug,post_update,718,4,0.0131285747,0.0029803953,0.0101419333,0.0170893334,5,9e-05,0,0,0,raw/earnings22-test-epoch-5-no_aug.jsonl
earnings22,test,no_aug,post_update,719,4,0.0127465411,0.0046474530,0.0084930556,0.0188225843,5,9e-05,0,0,0,raw/earnings22-test-epoch-5-no_aug.jsonl
earnings22,test,no_aug,post_update,720,4,0.0128957655,0.0069161385,0.0057420153,0.0190686956,5,9e-05,0,0,0,raw/earnings22-test-epoch-5-no_aug.jsonl
earnings22,test,no_aug,post_update,721,4,0.0130476949,0.0014344590,0.0121737421,0.0151926493,5,9e-05,0,0,0,raw/earnings22-test-epoch-5-no_aug.jsonl
earnings22,test,no_aug,post_update,722,4,0.0110411923,0.0019676044,0.0092943562,0.0138626341,5,9e-05,0,0,0,raw/earnings22-test-epoch-5-no_aug.jsonl
earnings22,test,no_aug,post_update,723,4,0.0135365194,0.0058851261,0.0091414582,0.0220866278,5,9e-05,0,0,0,raw/earnings22-test-epoch-5-no_aug.jsonl
earnings22,test,no_aug,post_update,724,4,0.0121043809,0.0028734301,0.0095469207,0.0156497546,5,9e-05,0,0,0,raw/earnings22-test-epoch-5-no_aug.jsonl
earnings22,test,no_aug,post_update,725,4,0.0133278437,0.0027125635,0.0103530306,0.0158707444,5,9e-05,0,0,0,raw/earnings22-test-epoch-5-no_aug.jsonl
earnings22,test,no_aug,post_update,726,4,0.0130370874,0.0035646062,0.0093286503,0.0163536314,5,9e-05,0,0,0,raw/earnings22-test-epoch-5-no_aug.jsonl
earnings22,test,no_aug,post_update,727,4,0.0128888125,0.0042330667,0.0081375819,0.0179606825,5,9e-05,0,0,0,raw/earnings22-test-epoch-5-no_aug.jsonl
earnings22,test,no_aug,post_update,728,4,0.0141905374,0.0064284425,0.0084498748,0.0234038271,5,9e-05,0,0,0,raw/earnings22-test-epoch-5-no_aug.jsonl
earnings22,test,no_aug,post_update,729,4,0.0095410575,0.0029598124,0.0077890083,0.0139556332,5,9e-05,0,0,0,raw/earnings22-test-epoch-5-no_aug.jsonl
earnings22,test,no_aug,post_update,730,4,0.0149349736,0.0054323559,0.0072690342,0.0199196562,5,9e-05,0,0,0,raw/earnings22-test-epoch-5-no_aug.jsonl
earnings22,test,no_aug,post_update,731,4,0.0114140362,0.0039733276,0.0072232829,0.0156561993,5,9e-05,0,0,0,raw/earnings22-test-epoch-5-no_aug.jsonl
earnings22,test,no_aug,post_update,732,4,0.0118608606,0.0033164613,0.0078045088,0.0153599335,5,9e-05,0,0,0,raw/earnings22-test-epoch-5-no_aug.jsonl
earnings22,test,no_aug,post_update,733,4,0.0122167508,0.0038226247,0.0082845334,0.0170810800,5,9e-05,0,0,0,raw/earnings22-test-epoch-5-no_aug.jsonl
earnings22,test,no_aug,post_update,734,4,0.0093567863,0.0012673344,0.0077958405,0.0106923701,5,9e-05,0,0,0,raw/earnings22-test-epoch-5-no_aug.jsonl
earnings22,test,no_aug,post_update,735,4,0.0085827153,0.0013829794,0.0073097865,0.0105470829,5,9e-05,0,0,0,raw/earnings22-test-epoch-5-no_aug.jsonl
earnings22,test,no_aug,post_update,736,4,0.0105275058,0.0032025614,0.0079699568,0.0151739651,5,9e-05,0,0,0,raw/earnings22-test-epoch-5-no_aug.jsonl
earnings22,test,no_aug,post_update,737,4,0.0118602249,0.0035523428,0.0087778773,0.0157033633,5,9e-05,0,0,0,raw/earnings22-test-epoch-5-no_aug.jsonl
earnings22,test,no_aug,post_update,738,4,0.0136032377,0.0036619240,0.0098196696,0.0184283778,5,9e-05,0,0,0,raw/earnings22-test-epoch-5-no_aug.jsonl
earnings22,test,no_aug,post_update,739,4,0.0110626293,0.0013986693,0.0092078289,0.0125942957,5,9e-05,0,0,0,raw/earnings22-test-epoch-5-no_aug.jsonl
earnings22,test,no_aug,post_update,740,4,0.0135749483,0.0049970198,0.0089299949,0.0201966967,5,9e-05,0,0,0,raw/earnings22-test-epoch-5-no_aug.jsonl
earnings22,test,no_aug,post_update,741,4,0.0110086608,0.0023592203,0.0093846954,0.0144173373,5,9e-05,0,0,0,raw/earnings22-test-epoch-5-no_aug.jsonl
earnings22,test,no_aug,post_update,742,4,0.0097828150,0.0029965311,0.0077494732,0.0141536649,5,9e-05,0,0,0,raw/earnings22-test-epoch-5-no_aug.jsonl
earnings22,test,no_aug,post_update,743,4,0.0155758737,0.0050908486,0.0081181526,0.0194694903,5,9e-05,0,0,0,raw/earnings22-test-epoch-5-no_aug.jsonl
earnings22,test,no_aug,post_update,744,4,0.0120807143,0.0020812471,0.0091168601,0.0135804722,5,9e-05,0,0,0,raw/earnings22-test-epoch-5-no_aug.jsonl
earnings22,test,no_aug,post_update,745,4,0.0115241644,0.0028585947,0.0089308461,0.0154307000,5,9e-05,0,0,0,raw/earnings22-test-epoch-5-no_aug.jsonl
earnings22,test,no_aug,post_update,746,4,0.0117050232,0.0029973712,0.0091805700,0.0160015039,5,9e-05,0,0,0,raw/earnings22-test-epoch-5-no_aug.jsonl
earnings22,test,no_aug,post_update,747,4,0.0126792821,0.0013981106,0.0112539362,0.0145249665,5,9e-05,0,0,0,raw/earnings22-test-epoch-5-no_aug.jsonl
earnings22,test,no_aug,post_update,748,4,0.0131822303,0.0045626364,0.0098879132,0.0198025331,5,9e-05,0,0,0,raw/earnings22-test-epoch-5-no_aug.jsonl
earnings22,test,no_aug,post_update,749,4,0.0114913355,0.0016569145,0.0095611364,0.0135405269,5,9e-05,0,0,0,raw/earnings22-test-epoch-5-no_aug.jsonl
earnings22,test,no_aug,post_update,750,4,0.0135525996,0.0037994823,0.0094078910,0.0183637701,5,9e-05,0,0,0,raw/earnings22-test-epoch-5-no_aug.jsonl
earnings22,test,no_aug,post_update,751,4,0.0134326136,0.0055214310,0.0104485359,0.0217103995,5,9e-05,0,0,0,raw/earnings22-test-epoch-5-no_aug.jsonl
earnings22,test,no_aug,post_update,752,4,0.0116047573,0.0016125324,0.0101240342,0.0138131287,5,9e-05,0,0,0,raw/earnings22-test-epoch-5-no_aug.jsonl
earnings22,test,no_aug,post_update,753,4,0.0152252938,0.0051981925,0.0083730025,0.0207251143,5,9e-05,0,0,0,raw/earnings22-test-epoch-5-no_aug.jsonl
earnings22,test,no_aug,post_update,754,4,0.0151334880,0.0068218951,0.0073162047,0.0214954801,5,9e-05,0,0,0,raw/earnings22-test-epoch-5-no_aug.jsonl
earnings22,test,no_aug,post_update,755,4,0.0093242091,0.0034300365,0.0066471947,0.0141563211,5,9e-05,0,0,0,raw/earnings22-test-epoch-5-no_aug.jsonl
earnings22,test,no_aug,post_update,756,4,0.0122109214,0.0027456547,0.0092666466,0.0148154050,5,9e-05,0,0,0,raw/earnings22-test-epoch-5-no_aug.jsonl
earnings22,test,no_aug,post_update,757,4,0.0136455365,0.0034636763,0.0101507008,0.0167817734,5,9e-05,0,0,0,raw/earnings22-test-epoch-5-no_aug.jsonl
earnings22,test,no_aug,post_update,758,4,0.0138606180,0.0025563797,0.0116568198,0.0168664455,5,9e-05,0,0,0,raw/earnings22-test-epoch-5-no_aug.jsonl
earnings22,test,no_aug,post_update,759,4,0.0111794125,0.0026083862,0.0080562970,0.0133712720,5,9e-05,0,0,0,raw/earnings22-test-epoch-5-no_aug.jsonl
earnings22,test,no_aug,post_update,760,4,0.0115361626,0.0015760272,0.0096118506,0.0134716462,5,9e-05,0,0,0,raw/earnings22-test-epoch-5-no_aug.jsonl
earnings22,test,no_aug,post_update,761,4,0.0110962188,0.0032893324,0.0073732464,0.0147177018,5,9e-05,0,0,0,raw/earnings22-test-epoch-5-no_aug.jsonl
earnings22,test,no_aug,post_update,762,4,0.0124341275,0.0025363082,0.0095970863,0.0157692004,5,9e-05,0,0,0,raw/earnings22-test-epoch-5-no_aug.jsonl
earnings22,test,no_aug,post_update,763,4,0.0138566811,0.0054214204,0.0078866053,0.0200114753,5,9e-05,0,0,0,raw/earnings22-test-epoch-5-no_aug.jsonl
earnings22,test,no_aug,post_update,764,4,0.0127855039,0.0051525885,0.0081672287,0.0192903168,5,9e-05,0,0,0,raw/earnings22-test-epoch-5-no_aug.jsonl
earnings22,test,no_aug,post_update,765,4,0.0129279182,0.0025581600,0.0091968793,0.0147883687,5,9e-05,0,0,0,raw/earnings22-test-epoch-5-no_aug.jsonl
earnings22,test,no_aug,post_update,766,4,0.0110874301,0.0036450091,0.0068508615,0.0157284196,5,9e-05,0,0,0,raw/earnings22-test-epoch-5-no_aug.jsonl
earnings22,test,no_aug,post_update,767,4,0.0133852919,0.0057134191,0.0087408610,0.0216849148,5,9e-05,0,0,0,raw/earnings22-test-epoch-5-no_aug.jsonl
earnings22,test,no_aug,post_update,768,4,0.0125441689,0.0047668996,0.0083324360,0.0187698156,5,9e-05,0,0,0,raw/earnings22-test-epoch-5-no_aug.jsonl
earnings22,test,no_aug,post_update,769,4,0.0123532445,0.0024085491,0.0092633553,0.0151304640,5,9e-05,0,0,0,raw/earnings22-test-epoch-5-no_aug.jsonl
earnings22,test,no_aug,post_update,770,4,0.0118483088,0.0052659099,0.0067332452,0.0171199758,5,9e-05,0,0,0,raw/earnings22-test-epoch-5-no_aug.jsonl
earnings22,test,no_aug,post_update,771,4,0.0111402704,0.0043007179,0.0064779958,0.0166582428,5,9e-05,0,0,0,raw/earnings22-test-epoch-5-no_aug.jsonl
earnings22,test,no_aug,post_update,772,4,0.0130253802,0.0063010161,0.0080542900,0.0219995566,5,9e-05,0,0,0,raw/earnings22-test-epoch-5-no_aug.jsonl
earnings22,test,no_aug,post_update,773,4,0.0124582909,0.0015807885,0.0107526649,0.0145786293,5,9e-05,0,0,0,raw/earnings22-test-epoch-5-no_aug.jsonl
earnings22,test,no_aug,post_update,774,4,0.0099768317,0.0016386672,0.0080468450,0.0117508247,5,9e-05,0,0,0,raw/earnings22-test-epoch-5-no_aug.jsonl
earnings22,test,no_aug,post_update,775,4,0.0115418152,0.0027900759,0.0096371826,0.0155981192,5,9e-05,0,0,0,raw/earnings22-test-epoch-5-no_aug.jsonl
earnings22,test,no_aug,post_update,776,4,0.0147907762,0.0059577195,0.0095393155,0.0225645788,5,9e-05,0,0,0,raw/earnings22-test-epoch-5-no_aug.jsonl
earnings22,test,no_aug,post_update,777,4,0.0124713874,0.0033375222,0.0096067544,0.0172248557,5,9e-05,0,0,0,raw/earnings22-test-epoch-5-no_aug.jsonl
earnings22,test,no_aug,post_update,778,4,0.0143767071,0.0056956103,0.0103722382,0.0227178819,5,9e-05,0,0,0,raw/earnings22-test-epoch-5-no_aug.jsonl
earnings22,test,no_aug,post_update,779,4,0.0113888863,0.0023502430,0.0079762787,0.0130974520,5,9e-05,0,0,0,raw/earnings22-test-epoch-5-no_aug.jsonl
earnings22,test,no_aug,post_update,780,4,0.0122370308,0.0042866749,0.0071127024,0.0166428145,5,9e-05,0,0,0,raw/earnings22-test-epoch-5-no_aug.jsonl
earnings22,test,no_aug,post_update,781,4,0.0111153789,0.0033024595,0.0087441625,0.0159592405,5,9e-05,0,0,0,raw/earnings22-test-epoch-5-no_aug.jsonl
earnings22,test,no_aug,post_update,782,4,0.0131044341,0.0055950974,0.0086488128,0.0204132423,5,9e-05,0,0,0,raw/earnings22-test-epoch-5-no_aug.jsonl
earnings22,test,no_aug,post_update,783,4,0.0137943435,0.0030765516,0.0111342436,0.0180897936,5,9e-05,0,0,0,raw/earnings22-test-epoch-5-no_aug.jsonl
earnings22,test,no_aug,post_update,784,4,0.0099883538,0.0010411628,0.0089903474,0.0112449992,5,9e-05,0,0,0,raw/earnings22-test-epoch-5-no_aug.jsonl
earnings22,test,no_aug,post_update,785,4,0.0107782842,0.0024326141,0.0082652494,0.0131656937,5,9e-05,0,0,0,raw/earnings22-test-epoch-5-no_aug.jsonl
earnings22,test,no_aug,post_update,786,4,0.0112502953,0.0027632309,0.0071317959,0.0129738851,5,9e-05,0,0,0,raw/earnings22-test-epoch-5-no_aug.jsonl
earnings22,test,no_aug,post_update,787,4,0.0113258993,0.0036969944,0.0090565197,0.0168315805,5,9e-05,0,0,0,raw/earnings22-test-epoch-5-no_aug.jsonl
earnings22,test,no_aug,post_update,788,4,0.0137262666,0.0036723126,0.0086919609,0.0170283131,5,9e-05,0,0,0,raw/earnings22-test-epoch-5-no_aug.jsonl
earnings22,test,no_aug,post_update,789,4,0.0088912235,0.0015932803,0.0066898596,0.0105020730,5,9e-05,0,0,0,raw/earnings22-test-epoch-5-no_aug.jsonl
earnings22,test,no_aug,post_update,790,4,0.0111694005,0.0035445392,0.0087986123,0.0164436605,5,9e-05,0,0,0,raw/earnings22-test-epoch-5-no_aug.jsonl
earnings22,test,no_aug,post_update,791,4,0.0116925368,0.0037445182,0.0074986108,0.0155006964,5,9e-05,0,0,0,raw/earnings22-test-epoch-5-no_aug.jsonl
earnings22,test,no_aug,post_update,792,4,0.0117962919,0.0040463630,0.0077566737,0.0152999805,5,9e-05,0,0,0,raw/earnings22-test-epoch-5-no_aug.jsonl
earnings22,test,no_aug,post_update,793,4,0.0127247854,0.0033530650,0.0089394301,0.0168844089,5,9e-05,0,0,0,raw/earnings22-test-epoch-5-no_aug.jsonl
earnings22,test,no_aug,post_update,794,4,0.0107669464,0.0036803340,0.0068068537,0.0154505679,5,9e-05,0,0,0,raw/earnings22-test-epoch-5-no_aug.jsonl
earnings22,test,no_aug,post_update,795,4,0.0148071318,0.0038881765,0.0121905766,0.0204243772,5,9e-05,0,0,0,raw/earnings22-test-epoch-5-no_aug.jsonl
earnings22,test,no_aug,post_update,796,4,0.0119155268,0.0029850289,0.0088821817,0.0158730708,5,9e-05,0,0,0,raw/earnings22-test-epoch-5-no_aug.jsonl
earnings22,test,no_aug,post_update,797,4,0.0091845447,0.0019878238,0.0073789451,0.0120189097,5,9e-05,0,0,0,raw/earnings22-test-epoch-5-no_aug.jsonl
earnings22,test,no_aug,post_update,798,4,0.0139701581,0.0043860292,0.0079149492,0.0182758607,5,9e-05,0,0,0,raw/earnings22-test-epoch-5-no_aug.jsonl
earnings22,test,no_aug,post_update,799,4,0.0125612167,0.0047804668,0.0089438483,0.0193982273,5,9e-05,0,0,0,raw/earnings22-test-epoch-5-no_aug.jsonl
earnings22,test,no_aug,post_update,800,4,0.0119812593,0.0046802550,0.0078871846,0.0183448829,5,9e-05,0,0,0,raw/earnings22-test-epoch-5-no_aug.jsonl
earnings22,test,no_aug,post_update,801,4,0.0127155748,0.0030969031,0.0099442750,0.0158551969,5,9e-05,0,0,0,raw/earnings22-test-epoch-5-no_aug.jsonl
earnings22,test,no_aug,post_update,802,4,0.0117535479,0.0022239819,0.0092135724,0.0139346700,5,9e-05,0,0,0,raw/earnings22-test-epoch-5-no_aug.jsonl
earnings22,test,no_aug,post_update,803,4,0.0133982510,0.0069272876,0.0079169106,0.0232140757,5,9e-05,0,0,0,raw/earnings22-test-epoch-5-no_aug.jsonl
earnings22,test,no_aug,post_update,804,4,0.0129638466,0.0069270404,0.0074884817,0.0228811465,5,9e-05,0,0,0,raw/earnings22-test-epoch-5-no_aug.jsonl
earnings22,test,no_aug,post_update,805,4,0.0123490153,0.0031094082,0.0082033463,0.0149042830,5,9e-05,0,0,0,raw/earnings22-test-epoch-5-no_aug.jsonl
earnings22,test,no_aug,post_update,806,4,0.0086474724,0.0016078963,0.0068137310,0.0106988624,5,9e-05,0,0,0,raw/earnings22-test-epoch-5-no_aug.jsonl
earnings22,test,no_aug,post_update,807,4,0.0134069927,0.0015730645,0.0117117129,0.0152126411,5,9e-05,0,0,0,raw/earnings22-test-epoch-5-no_aug.jsonl
earnings22,test,no_aug,post_update,808,4,0.0089041739,0.0025715310,0.0062023499,0.0116440374,5,9e-05,0,0,0,raw/earnings22-test-epoch-5-no_aug.jsonl
earnings22,test,no_aug,post_update,809,4,0.0125048265,0.0026875175,0.0088947983,0.0150188636,5,9e-05,0,0,0,raw/earnings22-test-epoch-5-no_aug.jsonl
earnings22,test,no_aug,post_update,810,4,0.0120922921,0.0053630251,0.0081547834,0.0199614149,5,9e-05,0,0,0,raw/earnings22-test-epoch-5-no_aug.jsonl
earnings22,test,no_aug,post_update,811,4,0.0126880878,0.0028932487,0.0100977672,0.0159536172,5,9e-05,0,0,0,raw/earnings22-test-epoch-5-no_aug.jsonl
earnings22,test,no_aug,post_update,812,4,0.0147364775,0.0048078473,0.0094289724,0.0205001365,5,9e-05,0,0,0,raw/earnings22-test-epoch-5-no_aug.jsonl
earnings22,test,no_aug,post_update,813,4,0.0120498901,0.0037004482,0.0086068558,0.0167333223,5,9e-05,0,0,0,raw/earnings22-test-epoch-5-no_aug.jsonl
earnings22,test,no_aug,post_update,814,4,0.0126096611,0.0037828252,0.0100353677,0.0182080977,5,9e-05,0,0,0,raw/earnings22-test-epoch-5-no_aug.jsonl
earnings22,test,no_aug,post_update,815,4,0.0122712508,0.0054597433,0.0079510743,0.0201588366,5,9e-05,0,0,0,raw/earnings22-test-epoch-5-no_aug.jsonl
earnings22,test,no_aug,post_update,816,4,0.0094397350,0.0040339130,0.0061871326,0.0153332129,5,9e-05,0,0,0,raw/earnings22-test-epoch-5-no_aug.jsonl
earnings22,test,no_aug,post_update,817,4,0.0138073319,0.0025851347,0.0104758432,0.0163787343,5,9e-05,0,0,0,raw/earnings22-test-epoch-5-no_aug.jsonl
earnings22,test,no_aug,post_update,818,4,0.0120180382,0.0043770790,0.0070773605,0.0160570107,5,9e-05,0,0,0,raw/earnings22-test-epoch-5-no_aug.jsonl
earnings22,test,no_aug,post_update,819,4,0.0100918345,0.0018546037,0.0082306424,0.0117788808,5,9e-05,0,0,0,raw/earnings22-test-epoch-5-no_aug.jsonl
earnings22,test,no_aug,post_update,820,4,0.0118084634,0.0034911697,0.0099340584,0.0170433149,5,9e-05,0,0,0,raw/earnings22-test-epoch-5-no_aug.jsonl
earnings22,test,no_aug,post_update,821,4,0.0119716276,0.0017811837,0.0097404867,0.0140785472,5,9e-05,0,0,0,raw/earnings22-test-epoch-5-no_aug.jsonl
earnings22,test,no_aug,post_update,822,4,0.0104339551,0.0024846967,0.0085037844,0.0140324896,5,9e-05,0,0,0,raw/earnings22-test-epoch-5-no_aug.jsonl
earnings22,test,no_aug,post_update,823,4,0.0102593070,0.0019808988,0.0084786322,0.0125660989,5,9e-05,0,0,0,raw/earnings22-test-epoch-5-no_aug.jsonl
earnings22,test,no_aug,post_update,824,4,0.0133210653,0.0024680871,0.0104042385,0.0164295509,5,9e-05,0,0,0,raw/earnings22-test-epoch-5-no_aug.jsonl
earnings22,test,no_aug,post_update,825,4,0.0104617400,0.0026871794,0.0077106338,0.0128405029,5,9e-05,0,0,0,raw/earnings22-test-epoch-5-no_aug.jsonl
earnings22,test,no_aug,post_update,826,4,0.0113421301,0.0040394892,0.0071981587,0.0157404188,5,9e-05,0,0,0,raw/earnings22-test-epoch-5-no_aug.jsonl
earnings22,test,no_aug,post_update,827,4,0.0122057088,0.0037098419,0.0081091449,0.0158198774,5,9e-05,0,0,0,raw/earnings22-test-epoch-5-no_aug.jsonl
earnings22,test,no_aug,post_update,828,4,0.0095311465,0.0039837731,0.0067404294,0.0154098058,5,9e-05,0,0,0,raw/earnings22-test-epoch-5-no_aug.jsonl
earnings22,test,no_aug,post_update,829,4,0.0134685759,0.0044251010,0.0083876085,0.0180085301,5,9e-05,0,0,0,raw/earnings22-test-epoch-5-no_aug.jsonl
earnings22,test,no_aug,post_update,830,4,0.0120904900,0.0037254404,0.0088337027,0.0173187852,5,9e-05,0,0,0,raw/earnings22-test-epoch-5-no_aug.jsonl
earnings22,test,no_aug,post_update,831,4,0.0132380861,0.0046333318,0.0089766495,0.0195090771,5,9e-05,0,0,0,raw/earnings22-test-epoch-5-no_aug.jsonl
earnings22,test,no_aug,post_update,832,4,0.0111065819,0.0036611647,0.0078407582,0.0145399021,5,9e-05,0,0,0,raw/earnings22-test-epoch-5-no_aug.jsonl
earnings22,test,no_aug,post_update,833,4,0.0121514276,0.0039238683,0.0075846808,0.0155593138,5,9e-05,0,0,0,raw/earnings22-test-epoch-5-no_aug.jsonl
earnings22,test,no_aug,post_update,834,4,0.0110886754,0.0041724047,0.0073920498,0.0167282932,5,9e-05,0,0,0,raw/earnings22-test-epoch-5-no_aug.jsonl
earnings22,test,no_aug,post_update,835,4,0.0122834217,0.0061986529,0.0070579569,0.0197161213,5,9e-05,0,0,0,raw/earnings22-test-epoch-5-no_aug.jsonl
earnings22,test,no_aug,post_update,836,4,0.0120209982,0.0039619802,0.0078603085,0.0154847354,5,9e-05,0,0,0,raw/earnings22-test-epoch-5-no_aug.jsonl
earnings22,test,no_aug,post_update,837,4,0.0116516268,0.0045420621,0.0073267184,0.0175407957,5,9e-05,0,0,0,raw/earnings22-test-epoch-5-no_aug.jsonl
earnings22,test,no_aug,post_update,838,4,0.0103732708,0.0027258534,0.0068978993,0.0135622304,5,9e-05,0,0,0,raw/earnings22-test-epoch-5-no_aug.jsonl
earnings22,test,no_aug,post_update,839,4,0.0126636927,0.0031254440,0.0089658163,0.0165347811,5,9e-05,0,0,0,raw/earnings22-test-epoch-5-no_aug.jsonl
earnings22,test,no_aug,post_update,840,4,0.0118538425,0.0013486779,0.0098606367,0.0127762249,5,9e-05,0,0,0,raw/earnings22-test-epoch-5-no_aug.jsonl
earnings22,test,no_aug,post_update,841,4,0.0131864103,0.0037655087,0.0082628764,0.0170432702,5,9e-05,0,0,0,raw/earnings22-test-epoch-5-no_aug.jsonl
earnings22,test,no_aug,post_update,842,4,0.0106918642,0.0032467545,0.0068795681,0.0144932466,5,9e-05,0,0,0,raw/earnings22-test-epoch-5-no_aug.jsonl
earnings22,test,no_aug,post_update,843,4,0.0140345620,0.0044354525,0.0100630745,0.0181626212,5,9e-05,0,0,0,raw/earnings22-test-epoch-5-no_aug.jsonl
earnings22,test,no_aug,post_update,844,4,0.0125405507,0.0052141635,0.0082297362,0.0200749040,5,9e-05,0,0,0,raw/earnings22-test-epoch-5-no_aug.jsonl
earnings22,test,no_aug,post_update,845,4,0.0118654594,0.0032739658,0.0084512196,0.0157959834,5,9e-05,0,0,0,raw/earnings22-test-epoch-5-no_aug.jsonl
earnings22,test,no_aug,post_update,846,4,0.0110142808,0.0025547456,0.0083428323,0.0144920163,5,9e-05,0,0,0,raw/earnings22-test-epoch-5-no_aug.jsonl
earnings22,test,no_aug,post_update,847,4,0.0109286836,0.0042253512,0.0077362810,0.0169362724,5,9e-05,0,0,0,raw/earnings22-test-epoch-5-no_aug.jsonl
earnings22,test,no_aug,post_update,848,4,0.0101803923,0.0030226484,0.0060844142,0.0132209379,5,9e-05,0,0,0,raw/earnings22-test-epoch-5-no_aug.jsonl
earnings22,test,no_aug,post_update,849,4,0.0087342768,0.0020962726,0.0061998777,0.0112923197,5,9e-05,0,0,0,raw/earnings22-test-epoch-5-no_aug.jsonl
earnings22,test,no_aug,post_update,850,4,0.0123083345,0.0013132327,0.0105142118,0.0133978575,5,9e-05,0,0,0,raw/earnings22-test-epoch-5-no_aug.jsonl
earnings22,test,no_aug,post_update,851,4,0.0141225939,0.0037957392,0.0088950545,0.0172458980,5,9e-05,0,0,0,raw/earnings22-test-epoch-5-no_aug.jsonl
earnings22,test,no_aug,post_update,852,4,0.0123914040,0.0014765526,0.0104947807,0.0140903341,5,9e-05,0,0,0,raw/earnings22-test-epoch-5-no_aug.jsonl
earnings22,test,no_aug,post_update,853,4,0.0120608083,0.0035751890,0.0081781242,0.0161906909,5,9e-05,0,0,0,raw/earnings22-test-epoch-5-no_aug.jsonl
earnings22,test,no_aug,post_update,854,4,0.0108804079,0.0028178977,0.0071983095,0.0138769206,5,9e-05,0,0,0,raw/earnings22-test-epoch-5-no_aug.jsonl
earnings22,test,no_aug,post_update,855,4,0.0118299823,0.0032497761,0.0096567702,0.0166471489,5,9e-05,0,0,0,raw/earnings22-test-epoch-5-no_aug.jsonl
earnings22,test,no_aug,post_update,856,4,0.0101489597,0.0011468502,0.0087747648,0.0113610579,5,9e-05,0,0,0,raw/earnings22-test-epoch-5-no_aug.jsonl
earnings22,test,no_aug,post_update,857,4,0.0145416176,0.0035106150,0.0112090008,0.0192594305,5,9e-05,0,0,0,raw/earnings22-test-epoch-5-no_aug.jsonl
earnings22,test,no_aug,post_update,858,4,0.0141844493,0.0046844635,0.0094491383,0.0202097259,5,9e-05,0,0,0,raw/earnings22-test-epoch-5-no_aug.jsonl
earnings22,test,no_aug,post_update,859,4,0.0123944562,0.0015586785,0.0114046447,0.0147214131,5,9e-05,0,0,0,raw/earnings22-test-epoch-5-no_aug.jsonl
earnings22,test,no_aug,post_update,860,4,0.0075940851,0.0015715495,0.0059611751,0.0090676956,5,9e-05,0,0,0,raw/earnings22-test-epoch-5-no_aug.jsonl
earnings22,test,no_aug,post_update,861,3,0.0136363804,0.0048187223,0.0095589533,0.0189539697,5,9e-05,0,0,0,raw/earnings22-test-epoch-5-no_aug.jsonl
earnings22,test,no_aug,post_update,862,3,0.0127835839,0.0035146729,0.0095202103,0.0165047012,5,9e-05,0,0,0,raw/earnings22-test-epoch-5-no_aug.jsonl
earnings22,test,no_aug,post_update,863,3,0.0136628076,0.0034871192,0.0103482399,0.0173000488,5,9e-05,0,0,0,raw/earnings22-test-epoch-5-no_aug.jsonl
earnings22,test,no_aug,post_update,864,3,0.0120867876,0.0031704551,0.0086900555,0.0149677116,5,9e-05,0,0,0,raw/earnings22-test-epoch-5-no_aug.jsonl
earnings22,test,no_aug,post_update,865,3,0.0089264639,0.0029551630,0.0056779152,0.0114552751,5,9e-05,0,0,0,raw/earnings22-test-epoch-5-no_aug.jsonl
earnings22,test,no_aug,post_update,866,3,0.0122257297,0.0063398068,0.0083995610,0.0195437633,5,9e-05,0,0,0,raw/earnings22-test-epoch-5-no_aug.jsonl
earnings22,test,no_aug,post_update,867,3,0.0146655856,0.0051007509,0.0097666867,0.0199466869,5,9e-05,0,0,0,raw/earnings22-test-epoch-5-no_aug.jsonl
earnings22,test,no_aug,post_update,868,3,0.0115451304,0.0048957868,0.0059061432,0.0147111733,5,9e-05,0,0,0,raw/earnings22-test-epoch-5-no_aug.jsonl
earnings22,test,no_aug,post_update,869,3,0.0136412053,0.0038424117,0.0095615974,0.0171915479,5,9e-05,0,0,0,raw/earnings22-test-epoch-5-no_aug.jsonl
earnings22,test,no_aug,post_update,870,3,0.0120932385,0.0040844296,0.0094811870,0.0168000665,5,9e-05,0,0,0,raw/earnings22-test-epoch-5-no_aug.jsonl
earnings22,test,no_aug,post_update,871,2,0.0075352632,0.0029644944,0.0054390491,0.0096314773,5,9e-05,0,0,0,raw/earnings22-test-epoch-5-no_aug.jsonl
earnings22,test,no_aug,post_update,872,2,0.0093607130,0.0011363199,0.0085572135,0.0101642124,5,9e-05,0,0,0,raw/earnings22-test-epoch-5-no_aug.jsonl
earnings22,test,no_aug,post_update,873,2,0.0125464182,0.0066360582,0.0078540165,0.0172388200,5,9e-05,0,0,0,raw/earnings22-test-epoch-5-no_aug.jsonl
earnings22,test,no_aug,post_update,874,2,0.0085485077,0.0026596950,0.0066678193,0.0104291961,5,9e-05,0,0,0,raw/earnings22-test-epoch-5-no_aug.jsonl
earnings22,test,no_aug,post_update,875,2,0.0090413573,0.0005431339,0.0086573036,0.0094254110,5,9e-05,0,0,0,raw/earnings22-test-epoch-5-no_aug.jsonl
earnings22,test,no_aug,post_update,876,2,0.0108672353,0.0038012203,0.0081793666,0.0135551039,5,9e-05,0,0,0,raw/earnings22-test-epoch-5-no_aug.jsonl
earnings22,test,no_aug,post_update,877,2,0.0107233883,0.0034677327,0.0082713310,0.0131754456,5,9e-05,0,0,0,raw/earnings22-test-epoch-5-no_aug.jsonl
earnings22,test,no_aug,post_update,878,2,0.0104761156,0.0031290841,0.0082635190,0.0126887122,5,9e-05,0,0,0,raw/earnings22-test-epoch-5-no_aug.jsonl
earnings22,test,no_aug,post_update,879,2,0.0110106706,0.0004854546,0.0106674023,0.0113539388,5,9e-05,0,0,0,raw/earnings22-test-epoch-5-no_aug.jsonl
earnings22,test,no_aug,post_update,880,2,0.0124423229,0.0041296358,0.0095222294,0.0153624164,5,9e-05,0,0,0,raw/earnings22-test-epoch-5-no_aug.jsonl
earnings22,test,no_aug,post_update,881,2,0.0114408489,0.0012434269,0.0105616134,0.0123200845,5,9e-05,0,0,0,raw/earnings22-test-epoch-5-no_aug.jsonl
earnings22,test,no_aug,post_update,882,2,0.0123289432,0.0038650056,0.0095959716,0.0150619149,5,9e-05,0,0,0,raw/earnings22-test-epoch-5-no_aug.jsonl
earnings22,test,no_aug,post_update,883,2,0.0154436161,0.0089296153,0.0091294246,0.0217578076,5,9e-05,0,0,0,raw/earnings22-test-epoch-5-no_aug.jsonl
earnings22,test,no_aug,post_update,884,2,0.0080479782,0.0042422163,0.0050482783,0.0110476781,5,9e-05,0,0,0,raw/earnings22-test-epoch-5-no_aug.jsonl
earnings22,test,no_aug,post_update,885,2,0.0128961620,0.0049878997,0.0093691843,0.0164231397,5,9e-05,0,0,0,raw/earnings22-test-epoch-5-no_aug.jsonl
earnings22,test,no_aug,post_update,886,2,0.0120582092,0.0084739064,0.0060662525,0.0180501658,5,9e-05,0,0,0,raw/earnings22-test-epoch-5-no_aug.jsonl
earnings22,test,no_aug,post_update,887,2,0.0112284110,0.0015310416,0.0101458011,0.0123110209,5,9e-05,0,0,0,raw/earnings22-test-epoch-5-no_aug.jsonl
earnings22,test,no_aug,post_update,888,2,0.0094205404,0.0025227651,0.0076366761,0.0112044048,5,9e-05,0,0,0,raw/earnings22-test-epoch-5-no_aug.jsonl
earnings22,test,no_aug,post_update,889,2,0.0108328378,0.0021301689,0.0093265809,0.0123390947,5,9e-05,0,0,0,raw/earnings22-test-epoch-5-no_aug.jsonl
earnings22,test,no_aug,post_update,890,2,0.0110260327,0.0034861851,0.0085609276,0.0134911379,5,9e-05,0,0,0,raw/earnings22-test-epoch-5-no_aug.jsonl
earnings22,test,no_aug,post_update,891,2,0.0127065727,0.0057882025,0.0086136954,0.0167994499,5,9e-05,0,0,0,raw/earnings22-test-epoch-5-no_aug.jsonl
earnings22,test,no_aug,post_update,892,2,0.0106211109,0.0013824996,0.0096435361,0.0115986858,5,9e-05,0,0,0,raw/earnings22-test-epoch-5-no_aug.jsonl
earnings22,test,no_aug,post_update,893,2,0.0104699193,0.0046555906,0.0071779196,0.0137619190,5,9e-05,0,0,0,raw/earnings22-test-epoch-5-no_aug.jsonl
earnings22,test,no_aug,post_update,894,2,0.0106891938,0.0029718843,0.0085877543,0.0127906334,5,9e-05,0,0,0,raw/earnings22-test-epoch-5-no_aug.jsonl
earnings22,test,no_aug,post_update,895,2,0.0104231276,0.0025388656,0.0086278785,0.0122183766,5,9e-05,0,0,0,raw/earnings22-test-epoch-5-no_aug.jsonl
earnings22,test,no_aug,post_update,896,2,0.0074000314,0.0026013440,0.0055606035,0.0092394594,5,9e-05,0,0,0,raw/earnings22-test-epoch-5-no_aug.jsonl
earnings22,test,no_aug,post_update,897,2,0.0089320727,0.0035035147,0.0064547136,0.0114094317,5,9e-05,0,0,0,raw/earnings22-test-epoch-5-no_aug.jsonl
earnings22,test,no_aug,post_update,898,2,0.0141296000,0.0072153660,0.0090275658,0.0192316342,5,9e-05,0,0,0,raw/earnings22-test-epoch-5-no_aug.jsonl
earnings22,test,no_aug,post_update,899,2,0.0123827150,0.0028608530,0.0103597865,0.0144056436,5,9e-05,0,0,0,raw/earnings22-test-epoch-5-no_aug.jsonl
earnings22,test,no_aug,post_update,900,2,0.0102228932,0.0009708395,0.0095364060,0.0109093804,5,9e-05,0,0,0,raw/earnings22-test-epoch-5-no_aug.jsonl
earnings22,test,no_aug,post_update,901,2,0.0098531055,0.0004028310,0.0095682610,0.0101379501,5,9e-05,0,0,0,raw/earnings22-test-epoch-5-no_aug.jsonl
earnings22,test,no_aug,post_update,902,2,0.0087391417,0.0000761646,0.0086852852,0.0087929983,5,9e-05,0,0,0,raw/earnings22-test-epoch-5-no_aug.jsonl
earnings22,test,no_aug,post_update,903,2,0.0125712408,0.0051583383,0.0089237448,0.0162187368,5,9e-05,0,0,0,raw/earnings22-test-epoch-5-no_aug.jsonl
earnings22,test,no_aug,post_update,904,2,0.0082981905,0.0030073261,0.0061716898,0.0104246913,5,9e-05,0,0,0,raw/earnings22-test-epoch-5-no_aug.jsonl
earnings22,test,no_aug,post_update,905,2,0.0137296533,0.0018975196,0.0123879043,0.0150714023,5,9e-05,0,0,0,raw/earnings22-test-epoch-5-no_aug.jsonl
earnings22,test,no_aug,post_update,906,2,0.0095261852,0.0015702895,0.0084158229,0.0106365476,5,9e-05,0,0,0,raw/earnings22-test-epoch-5-no_aug.jsonl
earnings22,test,no_aug,post_update,907,2,0.0104780481,0.0010681203,0.0097227730,0.0112333233,5,9e-05,0,0,0,raw/earnings22-test-epoch-5-no_aug.jsonl
earnings22,test,no_aug,post_update,908,2,0.0102520571,0.0019908755,0.0088442955,0.0116598187,5,9e-05,0,0,0,raw/earnings22-test-epoch-5-no_aug.jsonl
earnings22,test,no_aug,post_update,909,2,0.0102197081,0.0024585337,0.0084812623,0.0119581539,5,9e-05,0,0,0,raw/earnings22-test-epoch-5-no_aug.jsonl
earnings22,test,no_aug,post_update,910,2,0.0106975981,0.0035811934,0.0081653120,0.0132298842,5,9e-05,0,0,0,raw/earnings22-test-epoch-5-no_aug.jsonl
earnings22,test,no_aug,post_update,911,2,0.0110342908,0.0007482521,0.0105051966,0.0115633849,5,9e-05,0,0,0,raw/earnings22-test-epoch-5-no_aug.jsonl
earnings22,test,no_aug,post_update,912,2,0.0104746129,0.0000005163,0.0104742479,0.0104749780,5,9e-05,0,0,0,raw/earnings22-test-epoch-5-no_aug.jsonl
earnings22,test,no_aug,post_update,913,2,0.0097099137,0.0035884953,0.0071724644,0.0122473631,5,9e-05,0,0,0,raw/earnings22-test-epoch-5-no_aug.jsonl
earnings22,test,no_aug,post_update,914,2,0.0085902782,0.0001773948,0.0084648412,0.0087157153,5,9e-05,0,0,0,raw/earnings22-test-epoch-5-no_aug.jsonl
earnings22,test,no_aug,post_update,915,2,0.0116345556,0.0034909563,0.0091660768,0.0141030345,5,9e-05,0,0,0,raw/earnings22-test-epoch-5-no_aug.jsonl
earnings22,test,no_aug,post_update,916,2,0.0103451863,0.0050147647,0.0067992122,0.0138911605,5,9e-05,0,0,0,raw/earnings22-test-epoch-5-no_aug.jsonl
earnings22,test,no_aug,post_update,917,2,0.0090884203,0.0004887572,0.0087428167,0.0094340239,5,9e-05,0,0,0,raw/earnings22-test-epoch-5-no_aug.jsonl
earnings22,test,no_aug,post_update,918,2,0.0114774811,0.0034052869,0.0090695797,0.0138853826,5,9e-05,0,0,0,raw/earnings22-test-epoch-5-no_aug.jsonl
earnings22,test,no_aug,post_update,919,2,0.0111020822,0.0022565607,0.0095064528,0.0126977116,5,9e-05,0,0,0,raw/earnings22-test-epoch-5-no_aug.jsonl
earnings22,test,no_aug,post_update,920,2,0.0064631305,0.0001442054,0.0063611618,0.0065650991,5,9e-05,0,0,0,raw/earnings22-test-epoch-5-no_aug.jsonl
earnings22,test,no_aug,post_update,921,2,0.0103673735,0.0034655819,0.0079168370,0.0128179099,5,9e-05,0,0,0,raw/earnings22-test-epoch-5-no_aug.jsonl
earnings22,test,no_aug,post_update,922,2,0.0071206428,0.0003360974,0.0068829861,0.0073582996,5,9e-05,0,0,0,raw/earnings22-test-epoch-5-no_aug.jsonl
earnings22,test,no_aug,post_update,923,2,0.0117285792,0.0023854826,0.0100417882,0.0134153701,5,9e-05,0,0,0,raw/earnings22-test-epoch-5-no_aug.jsonl
earnings22,test,no_aug,post_update,924,2,0.0099652077,0.0045742235,0.0067307432,0.0131996721,5,9e-05,0,0,0,raw/earnings22-test-epoch-5-no_aug.jsonl
earnings22,test,no_aug,post_update,925,2,0.0116796307,0.0008862244,0.0110529754,0.0123062860,5,9e-05,0,0,0,raw/earnings22-test-epoch-5-no_aug.jsonl
earnings22,test,no_aug,post_update,926,2,0.0062546441,0.0010101342,0.0055403714,0.0069689169,5,9e-05,0,0,0,raw/earnings22-test-epoch-5-no_aug.jsonl
earnings22,test,no_aug,post_update,927,2,0.0132853691,0.0065033266,0.0086868228,0.0178839155,5,9e-05,0,0,0,raw/earnings22-test-epoch-5-no_aug.jsonl
earnings22,test,no_aug,post_update,928,2,0.0076473022,0.0024197661,0.0059362692,0.0093583353,5,9e-05,0,0,0,raw/earnings22-test-epoch-5-no_aug.jsonl
earnings22,test,no_aug,post_update,929,2,0.0077043017,0.0005934342,0.0072846804,0.0081239231,5,9e-05,0,0,0,raw/earnings22-test-epoch-5-no_aug.jsonl
earnings22,test,no_aug,post_update,930,2,0.0098415064,0.0026164698,0.0079913829,0.0116916299,5,9e-05,0,0,0,raw/earnings22-test-epoch-5-no_aug.jsonl
earnings22,test,no_aug,post_update,931,2,0.0108914345,0.0072859221,0.0057395096,0.0160433594,5,9e-05,0,0,0,raw/earnings22-test-epoch-5-no_aug.jsonl
earnings22,test,no_aug,post_update,932,2,0.0126282577,0.0071092086,0.0076012881,0.0176552273,5,9e-05,0,0,0,raw/earnings22-test-epoch-5-no_aug.jsonl
earnings22,test,no_aug,post_update,933,2,0.0100402744,0.0029276446,0.0079701170,0.0121104317,5,9e-05,0,0,0,raw/earnings22-test-epoch-5-no_aug.jsonl
earnings22,test,no_aug,post_update,934,2,0.0134441559,0.0040104932,0.0106083089,0.0162800029,5,9e-05,0,0,0,raw/earnings22-test-epoch-5-no_aug.jsonl
earnings22,test,no_aug,post_update,935,2,0.0095021022,0.0045211339,0.0063051777,0.0126990266,5,9e-05,0,0,0,raw/earnings22-test-epoch-5-no_aug.jsonl
earnings22,test,no_aug,post_update,936,2,0.0132078230,0.0020572404,0.0117531344,0.0146625116,5,9e-05,0,0,0,raw/earnings22-test-epoch-5-no_aug.jsonl
earnings22,test,no_aug,post_update,937,2,0.0078013982,0.0006975073,0.0073081860,0.0082946103,5,9e-05,0,0,0,raw/earnings22-test-epoch-5-no_aug.jsonl
earnings22,test,no_aug,post_update,938,2,0.0126935365,0.0032616037,0.0103872344,0.0149998385,5,9e-05,0,0,0,raw/earnings22-test-epoch-5-no_aug.jsonl
earnings22,test,no_aug,post_update,939,2,0.0110497857,0.0007772498,0.0105001871,0.0115993842,5,9e-05,0,0,0,raw/earnings22-test-epoch-5-no_aug.jsonl
earnings22,test,no_aug,post_update,940,2,0.0093049579,0.0022906674,0.0076852115,0.0109247044,5,9e-05,0,0,0,raw/earnings22-test-epoch-5-no_aug.jsonl
earnings22,test,no_aug,post_update,941,2,0.0099177042,0.0039887109,0.0070972596,0.0127381487,5,9e-05,0,0,0,raw/earnings22-test-epoch-5-no_aug.jsonl
earnings22,test,no_aug,post_update,942,2,0.0115264067,0.0032276201,0.0092441346,0.0138086788,5,9e-05,0,0,0,raw/earnings22-test-epoch-5-no_aug.jsonl
earnings22,test,no_aug,post_update,943,2,0.0108753606,0.0038121634,0.0081797540,0.0135709671,5,9e-05,0,0,0,raw/earnings22-test-epoch-5-no_aug.jsonl
earnings22,test,no_aug,post_update,944,2,0.0134958648,0.0024379166,0.0117719974,0.0152197322,5,9e-05,0,0,0,raw/earnings22-test-epoch-5-no_aug.jsonl
earnings22,test,no_aug,post_update,945,2,0.0078439517,0.0017905601,0.0065778345,0.0091100689,5,9e-05,0,0,0,raw/earnings22-test-epoch-5-no_aug.jsonl
earnings22,test,no_aug,post_update,946,2,0.0099309706,0.0035705052,0.0074062422,0.0124556990,5,9e-05,0,0,0,raw/earnings22-test-epoch-5-no_aug.jsonl
earnings22,test,no_aug,post_update,947,2,0.0088174287,0.0002122937,0.0086673144,0.0089675430,5,9e-05,0,0,0,raw/earnings22-test-epoch-5-no_aug.jsonl
earnings22,test,no_aug,post_update,948,2,0.0108048245,0.0016971956,0.0096047260,0.0120049231,5,9e-05,0,0,0,raw/earnings22-test-epoch-5-no_aug.jsonl
earnings22,test,no_aug,post_update,949,2,0.0074402355,0.0025924461,0.0056070993,0.0092733717,5,9e-05,0,0,0,raw/earnings22-test-epoch-5-no_aug.jsonl
earnings22,test,no_aug,post_update,950,2,0.0085966010,0.0007128059,0.0080925710,0.0091006309,5,9e-05,0,0,0,raw/earnings22-test-epoch-5-no_aug.jsonl
earnings22,test,no_aug,post_update,951,2,0.0108348052,0.0070007344,0.0058845384,0.0157850720,5,9e-05,0,0,0,raw/earnings22-test-epoch-5-no_aug.jsonl
earnings22,test,no_aug,post_update,952,2,0.0117035932,0.0007583831,0.0111673353,0.0122398511,5,9e-05,0,0,0,raw/earnings22-test-epoch-5-no_aug.jsonl
earnings22,test,no_aug,post_update,953,2,0.0111626452,0.0021028182,0.0096757282,0.0126495622,5,9e-05,0,0,0,raw/earnings22-test-epoch-5-no_aug.jsonl
earnings22,test,no_aug,post_update,954,2,0.0109608085,0.0012795908,0.0100560011,0.0118656158,5,9e-05,0,0,0,raw/earnings22-test-epoch-5-no_aug.jsonl
earnings22,test,no_aug,post_update,955,2,0.0081504656,0.0013167548,0.0072193793,0.0090815518,5,9e-05,0,0,0,raw/earnings22-test-epoch-5-no_aug.jsonl
earnings22,test,no_aug,post_update,956,2,0.0160182277,0.0018851587,0.0146852192,0.0173512362,5,9e-05,0,0,0,raw/earnings22-test-epoch-5-no_aug.jsonl
earnings22,test,no_aug,post_update,957,2,0.0086531448,0.0022973859,0.0070286477,0.0102776419,5,9e-05,0,0,0,raw/earnings22-test-epoch-5-no_aug.jsonl
earnings22,test,no_aug,post_update,958,2,0.0111338871,0.0059664761,0.0069149514,0.0153528228,5,9e-05,0,0,0,raw/earnings22-test-epoch-5-no_aug.jsonl
earnings22,test,no_aug,post_update,959,2,0.0081511489,0.0022293477,0.0065747621,0.0097275358,5,9e-05,0,0,0,raw/earnings22-test-epoch-5-no_aug.jsonl
earnings22,test,no_aug,post_update,960,2,0.0089050559,0.0026693166,0.0070175640,0.0107925478,5,9e-05,0,0,0,raw/earnings22-test-epoch-5-no_aug.jsonl
earnings22,test,no_aug,post_update,961,2,0.0134887737,0.0000152236,0.0134780090,0.0134995384,5,9e-05,0,0,0,raw/earnings22-test-epoch-5-no_aug.jsonl
earnings22,test,no_aug,post_update,962,2,0.0096801342,0.0014772194,0.0086355824,0.0107246861,5,9e-05,0,0,0,raw/earnings22-test-epoch-5-no_aug.jsonl
earnings22,test,no_aug,post_update,963,2,0.0121805044,0.0039570820,0.0093824249,0.0149785839,5,9e-05,0,0,0,raw/earnings22-test-epoch-5-no_aug.jsonl
earnings22,test,no_aug,post_update,964,2,0.0135202352,0.0053575309,0.0097318888,0.0173085816,5,9e-05,0,0,0,raw/earnings22-test-epoch-5-no_aug.jsonl
earnings22,test,no_aug,post_update,965,2,0.0109927114,0.0017935776,0.0097244605,0.0122609623,5,9e-05,0,0,0,raw/earnings22-test-epoch-5-no_aug.jsonl
earnings22,test,no_aug,post_update,966,2,0.0109879626,0.0025024309,0.0092184767,0.0127574485,5,9e-05,0,0,0,raw/earnings22-test-epoch-5-no_aug.jsonl
earnings22,test,no_aug,post_update,967,2,0.0099417465,0.0028722458,0.0079107620,0.0119727310,5,9e-05,0,0,0,raw/earnings22-test-epoch-5-no_aug.jsonl
earnings22,test,no_aug,post_update,968,2,0.0105151092,0.0009906505,0.0098146135,0.0112156048,5,9e-05,0,0,0,raw/earnings22-test-epoch-5-no_aug.jsonl
earnings22,test,no_aug,post_update,969,2,0.0162774911,0.0017296843,0.0150544196,0.0175005626,5,9e-05,0,0,0,raw/earnings22-test-epoch-5-no_aug.jsonl
earnings22,test,no_aug,post_update,970,2,0.0106822331,0.0039768469,0.0078701777,0.0134942885,5,9e-05,0,0,0,raw/earnings22-test-epoch-5-no_aug.jsonl
earnings22,test,no_aug,post_update,971,2,0.0114968051,0.0015694769,0.0103870174,0.0126065928,5,9e-05,0,0,0,raw/earnings22-test-epoch-5-no_aug.jsonl
earnings22,test,no_aug,post_update,972,2,0.0098604374,0.0002044004,0.0097159045,0.0100049702,5,9e-05,0,0,0,raw/earnings22-test-epoch-5-no_aug.jsonl
earnings22,test,no_aug,post_update,973,2,0.0092737272,0.0021845861,0.0077289916,0.0108184628,5,9e-05,0,0,0,raw/earnings22-test-epoch-5-no_aug.jsonl
earnings22,test,no_aug,post_update,974,2,0.0102782259,0.0021121511,0.0087847095,0.0117717423,5,9e-05,0,0,0,raw/earnings22-test-epoch-5-no_aug.jsonl
earnings22,test,no_aug,post_update,975,2,0.0113996719,0.0011232036,0.0106054470,0.0121938968,5,9e-05,0,0,0,raw/earnings22-test-epoch-5-no_aug.jsonl
earnings22,test,no_aug,post_update,976,2,0.0108477809,0.0014260887,0.0098393839,0.0118561778,5,9e-05,0,0,0,raw/earnings22-test-epoch-5-no_aug.jsonl
earnings22,test,no_aug,post_update,977,2,0.0103718610,0.0014436231,0.0093510654,0.0113926567,5,9e-05,0,0,0,raw/earnings22-test-epoch-5-no_aug.jsonl
earnings22,test,no_aug,post_update,978,2,0.0102964765,0.0002082838,0.0101491977,0.0104437554,5,9e-05,0,0,0,raw/earnings22-test-epoch-5-no_aug.jsonl
earnings22,test,no_aug,post_update,979,2,0.0074611087,0.0009082797,0.0068188580,0.0081033595,5,9e-05,0,0,0,raw/earnings22-test-epoch-5-no_aug.jsonl
earnings22,test,no_aug,post_update,980,2,0.0087487232,0.0020897106,0.0072710747,0.0102263717,5,9e-05,0,0,0,raw/earnings22-test-epoch-5-no_aug.jsonl
earnings22,test,no_aug,post_update,981,2,0.0106442659,0.0028866041,0.0086031286,0.0126854032,5,9e-05,0,0,0,raw/earnings22-test-epoch-5-no_aug.jsonl
earnings22,test,no_aug,post_update,982,2,0.0087710279,0.0013717752,0.0078010364,0.0097410195,5,9e-05,0,0,0,raw/earnings22-test-epoch-5-no_aug.jsonl
earnings22,test,no_aug,post_update,983,2,0.0100045986,0.0008719103,0.0093880650,0.0106211323,5,9e-05,0,0,0,raw/earnings22-test-epoch-5-no_aug.jsonl
earnings22,test,no_aug,post_update,984,2,0.0081646407,0.0024037319,0.0064649456,0.0098643359,5,9e-05,0,0,0,raw/earnings22-test-epoch-5-no_aug.jsonl
earnings22,test,no_aug,post_update,985,2,0.0092020459,0.0019369579,0.0078324098,0.0105716819,5,9e-05,0,0,0,raw/earnings22-test-epoch-5-no_aug.jsonl
earnings22,test,no_aug,post_update,986,1,0.0068935407,,0.0068935407,0.0068935407,5,9e-05,0,0,0,raw/earnings22-test-epoch-5-no_aug.jsonl
earnings22,test,no_aug,post_update,987,1,0.0051187789,,0.0051187789,0.0051187789,5,9e-05,0,0,0,raw/earnings22-test-epoch-5-no_aug.jsonl
earnings22,test,no_aug,post_update,988,1,0.0055457153,,0.0055457153,0.0055457153,5,9e-05,0,0,0,raw/earnings22-test-epoch-5-no_aug.jsonl
earnings22,test,no_aug,post_update,989,1,0.0148488004,,0.0148488004,0.0148488004,5,9e-05,0,0,0,raw/earnings22-test-epoch-5-no_aug.jsonl
earnings22,test,no_aug,post_update,990,1,0.0098335017,,0.0098335017,0.0098335017,5,9e-05,0,0,0,raw/earnings22-test-epoch-5-no_aug.jsonl
earnings22,test,no_aug,post_update,991,1,0.0089027472,,0.0089027472,0.0089027472,5,9e-05,0,0,0,raw/earnings22-test-epoch-5-no_aug.jsonl
earnings22,test,no_aug,post_update,992,1,0.0088451821,,0.0088451821,0.0088451821,5,9e-05,0,0,0,raw/earnings22-test-epoch-5-no_aug.jsonl
earnings22,test,no_aug,post_update,993,1,0.0062738042,,0.0062738042,0.0062738042,5,9e-05,0,0,0,raw/earnings22-test-epoch-5-no_aug.jsonl
earnings22,test,no_aug,post_update,994,1,0.0075199064,,0.0075199064,0.0075199064,5,9e-05,0,0,0,raw/earnings22-test-epoch-5-no_aug.jsonl
earnings22,test,no_aug,post_update,995,1,0.0093638692,,0.0093638692,0.0093638692,5,9e-05,0,0,0,raw/earnings22-test-epoch-5-no_aug.jsonl
earnings22,test,no_aug,post_update,996,1,0.0096787214,,0.0096787214,0.0096787214,5,9e-05,0,0,0,raw/earnings22-test-epoch-5-no_aug.jsonl
earnings22,test,no_aug,post_update,997,1,0.0063979747,,0.0063979747,0.0063979747,5,9e-05,0,0,0,raw/earnings22-test-epoch-5-no_aug.jsonl
earnings22,test,no_aug,post_update,998,1,0.0090052038,,0.0090052038,0.0090052038,5,9e-05,0,0,0,raw/earnings22-test-epoch-5-no_aug.jsonl
earnings22,test,no_aug,post_update,999,1,0.0077405921,,0.0077405921,0.0077405921,5,9e-05,0,0,0,raw/earnings22-test-epoch-5-no_aug.jsonl
earnings22,test,no_aug,post_update,1000,1,0.0076029385,,0.0076029385,0.0076029385,5,9e-05,0,0,0,raw/earnings22-test-epoch-5-no_aug.jsonl
earnings22,test,no_aug,post_update,1001,1,0.0090601686,,0.0090601686,0.0090601686,5,9e-05,0,0,0,raw/earnings22-test-epoch-5-no_aug.jsonl
earnings22,test,no_aug,post_update,1002,1,0.0079883039,,0.0079883039,0.0079883039,5,9e-05,0,0,0,raw/earnings22-test-epoch-5-no_aug.jsonl
earnings22,test,no_aug,post_update,1003,1,0.0104542300,,0.0104542300,0.0104542300,5,9e-05,0,0,0,raw/earnings22-test-epoch-5-no_aug.jsonl
earnings22,test,no_aug,post_update,1004,1,0.0082917856,,0.0082917856,0.0082917856,5,9e-05,0,0,0,raw/earnings22-test-epoch-5-no_aug.jsonl
earnings22,test,no_aug,post_update,1005,1,0.0058988463,,0.0058988463,0.0058988463,5,9e-05,0,0,0,raw/earnings22-test-epoch-5-no_aug.jsonl
earnings22,test,no_aug,post_update,1006,1,0.0102495849,,0.0102495849,0.0102495849,5,9e-05,0,0,0,raw/earnings22-test-epoch-5-no_aug.jsonl
earnings22,test,no_aug,post_update,1007,1,0.0085360855,,0.0085360855,0.0085360855,5,9e-05,0,0,0,raw/earnings22-test-epoch-5-no_aug.jsonl
earnings22,test,no_aug,post_update,1008,1,0.0091399699,,0.0091399699,0.0091399699,5,9e-05,0,0,0,raw/earnings22-test-epoch-5-no_aug.jsonl
earnings22,test,no_aug,post_update,1009,1,0.0072455467,,0.0072455467,0.0072455467,5,9e-05,0,0,0,raw/earnings22-test-epoch-5-no_aug.jsonl
earnings22,test,no_aug,post_update,1010,1,0.0084401267,,0.0084401267,0.0084401267,5,9e-05,0,0,0,raw/earnings22-test-epoch-5-no_aug.jsonl
earnings22,test,no_aug,post_update,1011,1,0.0082828747,,0.0082828747,0.0082828747,5,9e-05,0,0,0,raw/earnings22-test-epoch-5-no_aug.jsonl
earnings22,test,no_aug,post_update,1012,1,0.0077437442,,0.0077437442,0.0077437442,5,9e-05,0,0,0,raw/earnings22-test-epoch-5-no_aug.jsonl
earnings22,test,no_aug,post_update,1013,1,0.0080539575,,0.0080539575,0.0080539575,5,9e-05,0,0,0,raw/earnings22-test-epoch-5-no_aug.jsonl
earnings22,test,no_aug,post_update,1014,1,0.0084939580,,0.0084939580,0.0084939580,5,9e-05,0,0,0,raw/earnings22-test-epoch-5-no_aug.jsonl
earnings22,test,no_aug,post_update,1015,1,0.0106976163,,0.0106976163,0.0106976163,5,9e-05,0,0,0,raw/earnings22-test-epoch-5-no_aug.jsonl
earnings22,test,no_aug,post_update,1016,1,0.0110160951,,0.0110160951,0.0110160951,5,9e-05,0,0,0,raw/earnings22-test-epoch-5-no_aug.jsonl
earnings22,test,no_aug,post_update,1017,1,0.0058956025,,0.0058956025,0.0058956025,5,9e-05,0,0,0,raw/earnings22-test-epoch-5-no_aug.jsonl
earnings22,test,no_aug,post_update,1018,1,0.0087210247,,0.0087210247,0.0087210247,5,9e-05,0,0,0,raw/earnings22-test-epoch-5-no_aug.jsonl
earnings22,test,no_aug,post_update,1019,1,0.0089261159,,0.0089261159,0.0089261159,5,9e-05,0,0,0,raw/earnings22-test-epoch-5-no_aug.jsonl
earnings22,test,no_aug,post_update,1020,1,0.0111642890,,0.0111642890,0.0111642890,5,9e-05,0,0,0,raw/earnings22-test-epoch-5-no_aug.jsonl
earnings22,test,no_aug,post_update,1021,1,0.0065703760,,0.0065703760,0.0065703760,5,9e-05,0,0,0,raw/earnings22-test-epoch-5-no_aug.jsonl
earnings22,test,no_aug,post_update,1022,1,0.0113843661,,0.0113843661,0.0113843661,5,9e-05,0,0,0,raw/earnings22-test-epoch-5-no_aug.jsonl
earnings22,test,no_aug,post_update,1023,1,0.0089209881,,0.0089209881,0.0089209881,5,9e-05,0,0,0,raw/earnings22-test-epoch-5-no_aug.jsonl
earnings22,test,no_aug,post_update,1024,1,0.0061835367,,0.0061835367,0.0061835367,5,9e-05,0,0,0,raw/earnings22-test-epoch-5-no_aug.jsonl
earnings22,test,no_aug,post_update,1025,1,0.0109856818,,0.0109856818,0.0109856818,5,9e-05,0,0,0,raw/earnings22-test-epoch-5-no_aug.jsonl
earnings22,test,no_aug,pre_update,0,6,0.2658483113,0.0898753542,0.1241058111,0.3788149953,5,9e-05,0,0,0,raw/earnings22-test-epoch-5-no_aug.jsonl
earnings22,test,no_aug,pre_update,1,6,0.2766432514,0.0987620200,0.1598330736,0.4258822799,5,9e-05,0,0,0,raw/earnings22-test-epoch-5-no_aug.jsonl
earnings22,test,no_aug,pre_update,2,6,0.2554300303,0.1158586400,0.1746320873,0.4828222394,5,9e-05,0,0,0,raw/earnings22-test-epoch-5-no_aug.jsonl
earnings22,test,no_aug,pre_update,3,6,0.2223315313,0.0773982680,0.1226532012,0.3505846262,5,9e-05,0,0,0,raw/earnings22-test-epoch-5-no_aug.jsonl
earnings22,test,no_aug,pre_update,4,6,0.2531264375,0.0628153008,0.1702048182,0.3543453515,5,9e-05,0,0,0,raw/earnings22-test-epoch-5-no_aug.jsonl
earnings22,test,no_aug,pre_update,5,6,0.2354090288,0.0668550295,0.1471621692,0.3082868755,5,9e-05,0,0,0,raw/earnings22-test-epoch-5-no_aug.jsonl
earnings22,test,no_aug,pre_update,6,6,0.2068313733,0.0485192735,0.1506143361,0.2577056289,5,9e-05,0,0,0,raw/earnings22-test-epoch-5-no_aug.jsonl
earnings22,test,no_aug,pre_update,7,6,0.2011118953,0.0320154976,0.1440873593,0.2362119406,5,9e-05,0,0,0,raw/earnings22-test-epoch-5-no_aug.jsonl
earnings22,test,no_aug,pre_update,8,6,0.2168420156,0.1309844693,0.1313477755,0.4783555865,5,9e-05,0,0,0,raw/earnings22-test-epoch-5-no_aug.jsonl
earnings22,test,no_aug,pre_update,9,6,0.2172953611,0.0603666403,0.1542896926,0.3152698278,5,9e-05,0,0,0,raw/earnings22-test-epoch-5-no_aug.jsonl
earnings22,test,no_aug,pre_update,10,6,0.1649861348,0.0468792705,0.1217099503,0.2542355061,5,9e-05,0,0,0,raw/earnings22-test-epoch-5-no_aug.jsonl
earnings22,test,no_aug,pre_update,11,6,0.1796909968,0.0399617559,0.1235735565,0.2305795699,5,9e-05,0,0,0,raw/earnings22-test-epoch-5-no_aug.jsonl
earnings22,test,no_aug,pre_update,12,6,0.1809013672,0.0638493399,0.1052905247,0.2957211733,5,9e-05,0,0,0,raw/earnings22-test-epoch-5-no_aug.jsonl
earnings22,test,no_aug,pre_update,13,6,0.1490222265,0.0325823979,0.1106295586,0.2041983455,5,9e-05,0,0,0,raw/earnings22-test-epoch-5-no_aug.jsonl
earnings22,test,no_aug,pre_update,14,6,0.1391842291,0.0447661629,0.0805484727,0.1998018622,5,9e-05,0,0,0,raw/earnings22-test-epoch-5-no_aug.jsonl
earnings22,test,no_aug,pre_update,15,6,0.1397078708,0.0221880541,0.1143154353,0.1711864173,5,9e-05,0,0,0,raw/earnings22-test-epoch-5-no_aug.jsonl
earnings22,test,no_aug,pre_update,16,6,0.1403248807,0.0327810487,0.0914453566,0.1738620698,5,9e-05,0,0,0,raw/earnings22-test-epoch-5-no_aug.jsonl
earnings22,test,no_aug,pre_update,17,6,0.1376076092,0.0202666291,0.1118138283,0.1683875918,5,9e-05,0,0,0,raw/earnings22-test-epoch-5-no_aug.jsonl
earnings22,test,no_aug,pre_update,18,6,0.1312671416,0.0177167665,0.1026267186,0.1536749750,5,9e-05,0,0,0,raw/earnings22-test-epoch-5-no_aug.jsonl
earnings22,test,no_aug,pre_update,19,6,0.1278764755,0.0300698634,0.0949168056,0.1749158949,5,9e-05,0,0,0,raw/earnings22-test-epoch-5-no_aug.jsonl
earnings22,test,no_aug,pre_update,20,6,0.1257579861,0.0376748484,0.0686402693,0.1685797870,5,9e-05,0,0,0,raw/earnings22-test-epoch-5-no_aug.jsonl
earnings22,test,no_aug,pre_update,21,6,0.1132416315,0.0127757248,0.1007571518,0.1365366280,5,9e-05,0,0,0,raw/earnings22-test-epoch-5-no_aug.jsonl
earnings22,test,no_aug,pre_update,22,6,0.1196317735,0.0344128673,0.0728185624,0.1681237370,5,9e-05,0,0,0,raw/earnings22-test-epoch-5-no_aug.jsonl
earnings22,test,no_aug,pre_update,23,6,0.0958185233,0.0217276791,0.0751840100,0.1286792606,5,9e-05,0,0,0,raw/earnings22-test-epoch-5-no_aug.jsonl
earnings22,test,no_aug,pre_update,24,6,0.0866562886,0.0173853595,0.0690395683,0.1077623963,5,9e-05,0,0,0,raw/earnings22-test-epoch-5-no_aug.jsonl
earnings22,test,no_aug,pre_update,25,6,0.0994019806,0.0324500443,0.0588305816,0.1415255815,5,9e-05,0,0,0,raw/earnings22-test-epoch-5-no_aug.jsonl
earnings22,test,no_aug,pre_update,26,6,0.0989398435,0.0255436001,0.0707789809,0.1329390109,5,9e-05,0,0,0,raw/earnings22-test-epoch-5-no_aug.jsonl
earnings22,test,no_aug,pre_update,27,6,0.1058201753,0.0286408336,0.0677829534,0.1296389252,5,9e-05,0,0,0,raw/earnings22-test-epoch-5-no_aug.jsonl
earnings22,test,no_aug,pre_update,28,6,0.0879424481,0.0207963080,0.0587737672,0.1140208542,5,9e-05,0,0,0,raw/earnings22-test-epoch-5-no_aug.jsonl
earnings22,test,no_aug,pre_update,29,6,0.0794052687,0.0242670774,0.0534326769,0.1106939465,5,9e-05,0,0,0,raw/earnings22-test-epoch-5-no_aug.jsonl
earnings22,test,no_aug,pre_update,30,6,0.0878321926,0.0306886799,0.0603874773,0.1411409974,5,9e-05,0,0,0,raw/earnings22-test-epoch-5-no_aug.jsonl
earnings22,test,no_aug,pre_update,31,6,0.0772468013,0.0210266329,0.0503918901,0.0972450376,5,9e-05,0,0,0,raw/earnings22-test-epoch-5-no_aug.jsonl
earnings22,test,no_aug,pre_update,32,6,0.0925222188,0.0308225342,0.0665850043,0.1457611471,5,9e-05,0,0,0,raw/earnings22-test-epoch-5-no_aug.jsonl
earnings22,test,no_aug,pre_update,33,6,0.0796364943,0.0132145169,0.0615860298,0.0953766406,5,9e-05,0,0,0,raw/earnings22-test-epoch-5-no_aug.jsonl
earnings22,test,no_aug,pre_update,34,6,0.0793983142,0.0113965039,0.0673462227,0.0956831649,5,9e-05,0,0,0,raw/earnings22-test-epoch-5-no_aug.jsonl
earnings22,test,no_aug,pre_update,35,6,0.0777524027,0.0137280675,0.0646332055,0.0972981900,5,9e-05,0,0,0,raw/earnings22-test-epoch-5-no_aug.jsonl
earnings22,test,no_aug,pre_update,36,6,0.0708237781,0.0213506227,0.0448744968,0.0991643965,5,9e-05,0,0,0,raw/earnings22-test-epoch-5-no_aug.jsonl
earnings22,test,no_aug,pre_update,37,6,0.0850345716,0.0261823354,0.0563988090,0.1156636477,5,9e-05,0,0,0,raw/earnings22-test-epoch-5-no_aug.jsonl
earnings22,test,no_aug,pre_update,38,6,0.0803870571,0.0180748968,0.0499115363,0.0958146155,5,9e-05,0,0,0,raw/earnings22-test-epoch-5-no_aug.jsonl
earnings22,test,no_aug,pre_update,39,6,0.0730513011,0.0237635240,0.0482949466,0.1066385657,5,9e-05,0,0,0,raw/earnings22-test-epoch-5-no_aug.jsonl
earnings22,test,no_aug,pre_update,40,6,0.0951675673,0.0526998647,0.0598312020,0.1999772936,5,9e-05,0,0,0,raw/earnings22-test-epoch-5-no_aug.jsonl
earnings22,test,no_aug,pre_update,41,6,0.0585647250,0.0105330360,0.0443743169,0.0720295012,5,9e-05,0,0,0,raw/earnings22-test-epoch-5-no_aug.jsonl
earnings22,test,no_aug,pre_update,42,6,0.0745072880,0.0286001303,0.0362340957,0.1053893417,5,9e-05,0,0,0,raw/earnings22-test-epoch-5-no_aug.jsonl
earnings22,test,no_aug,pre_update,43,6,0.0629902426,0.0180473737,0.0383590348,0.0919592381,5,9e-05,0,0,0,raw/earnings22-test-epoch-5-no_aug.jsonl
earnings22,test,no_aug,pre_update,44,6,0.0743305025,0.0306449505,0.0443052091,0.1199288517,5,9e-05,0,0,0,raw/earnings22-test-epoch-5-no_aug.jsonl
earnings22,test,no_aug,pre_update,45,6,0.0613596744,0.0081088406,0.0466945022,0.0700237006,5,9e-05,0,0,0,raw/earnings22-test-epoch-5-no_aug.jsonl
earnings22,test,no_aug,pre_update,46,6,0.0624495894,0.0124815585,0.0530293062,0.0868385881,5,9e-05,0,0,0,raw/earnings22-test-epoch-5-no_aug.jsonl
earnings22,test,no_aug,pre_update,47,6,0.0623314722,0.0194083110,0.0381451361,0.0844076276,5,9e-05,0,0,0,raw/earnings22-test-epoch-5-no_aug.jsonl
earnings22,test,no_aug,pre_update,48,6,0.0824512492,0.0353596340,0.0361640677,0.1297383159,5,9e-05,0,0,0,raw/earnings22-test-epoch-5-no_aug.jsonl
earnings22,test,no_aug,pre_update,49,6,0.0546982897,0.0091783080,0.0420417711,0.0664367974,5,9e-05,0,0,0,raw/earnings22-test-epoch-5-no_aug.jsonl
earnings22,test,no_aug,pre_update,50,6,0.0651140710,0.0216931835,0.0456790626,0.1057952046,5,9e-05,0,0,0,raw/earnings22-test-epoch-5-no_aug.jsonl
earnings22,test,no_aug,pre_update,51,6,0.0592384854,0.0215639190,0.0360228866,0.0839137584,5,9e-05,0,0,0,raw/earnings22-test-epoch-5-no_aug.jsonl
earnings22,test,no_aug,pre_update,52,6,0.0658207821,0.0222960233,0.0354363881,0.0932379961,5,9e-05,0,0,0,raw/earnings22-test-epoch-5-no_aug.jsonl
earnings22,test,no_aug,pre_update,53,6,0.0630346294,0.0217285508,0.0435292497,0.0988605320,5,9e-05,0,0,0,raw/earnings22-test-epoch-5-no_aug.jsonl
earnings22,test,no_aug,pre_update,54,6,0.0544124587,0.0173399217,0.0383193903,0.0815017223,5,9e-05,0,0,0,raw/earnings22-test-epoch-5-no_aug.jsonl
earnings22,test,no_aug,pre_update,55,6,0.0477937013,0.0067301817,0.0410743654,0.0597135685,5,9e-05,0,0,0,raw/earnings22-test-epoch-5-no_aug.jsonl
earnings22,test,no_aug,pre_update,56,6,0.0628051919,0.0157390643,0.0456809774,0.0888033062,5,9e-05,0,0,0,raw/earnings22-test-epoch-5-no_aug.jsonl
earnings22,test,no_aug,pre_update,57,6,0.0504601294,0.0136541766,0.0327713303,0.0749271661,5,9e-05,0,0,0,raw/earnings22-test-epoch-5-no_aug.jsonl
earnings22,test,no_aug,pre_update,58,6,0.0593706341,0.0282861803,0.0295744333,0.1100555435,5,9e-05,0,0,0,raw/earnings22-test-epoch-5-no_aug.jsonl
earnings22,test,no_aug,pre_update,59,6,0.0626680503,0.0142889555,0.0446176678,0.0857793540,5,9e-05,0,0,0,raw/earnings22-test-epoch-5-no_aug.jsonl
earnings22,test,no_aug,pre_update,60,6,0.0677479232,0.0215901402,0.0452584848,0.1009101793,5,9e-05,0,0,0,raw/earnings22-test-epoch-5-no_aug.jsonl
earnings22,test,no_aug,pre_update,61,6,0.0488097295,0.0145312619,0.0355505235,0.0732725114,5,9e-05,0,0,0,raw/earnings22-test-epoch-5-no_aug.jsonl
earnings22,test,no_aug,pre_update,62,6,0.0485536484,0.0197484932,0.0260275099,0.0759559944,5,9e-05,0,0,0,raw/earnings22-test-epoch-5-no_aug.jsonl
earnings22,test,no_aug,pre_update,63,6,0.0564127707,0.0198660567,0.0312546454,0.0818179250,5,9e-05,0,0,0,raw/earnings22-test-epoch-5-no_aug.jsonl
earnings22,test,no_aug,pre_update,64,6,0.0520339708,0.0163587386,0.0299919620,0.0729123205,5,9e-05,0,0,0,raw/earnings22-test-epoch-5-no_aug.jsonl
earnings22,test,no_aug,pre_update,65,6,0.0440596746,0.0134904137,0.0294617973,0.0683994740,5,9e-05,0,0,0,raw/earnings22-test-epoch-5-no_aug.jsonl
earnings22,test,no_aug,pre_update,66,6,0.0599114882,0.0273377460,0.0347023085,0.1128338426,5,9e-05,0,0,0,raw/earnings22-test-epoch-5-no_aug.jsonl
earnings22,test,no_aug,pre_update,67,6,0.0567210987,0.0161120848,0.0362434350,0.0793260634,5,9e-05,0,0,0,raw/earnings22-test-epoch-5-no_aug.jsonl
earnings22,test,no_aug,pre_update,68,6,0.0506303838,0.0158010058,0.0288038664,0.0667452589,5,9e-05,0,0,0,raw/earnings22-test-epoch-5-no_aug.jsonl
earnings22,test,no_aug,pre_update,69,6,0.0453449370,0.0114767296,0.0293171816,0.0637369901,5,9e-05,0,0,0,raw/earnings22-test-epoch-5-no_aug.jsonl
earnings22,test,no_aug,pre_update,70,6,0.0485048294,0.0185443049,0.0327778682,0.0840903893,5,9e-05,0,0,0,raw/earnings22-test-epoch-5-no_aug.jsonl
earnings22,test,no_aug,pre_update,71,6,0.0416908025,0.0122996825,0.0288058352,0.0570369661,5,9e-05,0,0,0,raw/earnings22-test-epoch-5-no_aug.jsonl
earnings22,test,no_aug,pre_update,72,6,0.0500529613,0.0242036507,0.0243212432,0.0817523003,5,9e-05,0,0,0,raw/earnings22-test-epoch-5-no_aug.jsonl
earnings22,test,no_aug,pre_update,73,6,0.0368433042,0.0094953457,0.0245795827,0.0490525365,5,9e-05,0,0,0,raw/earnings22-test-epoch-5-no_aug.jsonl
earnings22,test,no_aug,pre_update,74,6,0.0470678185,0.0153111097,0.0365544707,0.0779640675,5,9e-05,0,0,0,raw/earnings22-test-epoch-5-no_aug.jsonl
earnings22,test,no_aug,pre_update,75,6,0.0472228018,0.0151763267,0.0263579637,0.0664331019,5,9e-05,0,0,0,raw/earnings22-test-epoch-5-no_aug.jsonl
earnings22,test,no_aug,pre_update,76,6,0.0484754341,0.0199395927,0.0280734543,0.0797437876,5,9e-05,0,0,0,raw/earnings22-test-epoch-5-no_aug.jsonl
earnings22,test,no_aug,pre_update,77,6,0.0481100775,0.0187045700,0.0280331653,0.0714893788,5,9e-05,0,0,0,raw/earnings22-test-epoch-5-no_aug.jsonl
earnings22,test,no_aug,pre_update,78,6,0.0372638709,0.0139625641,0.0227250922,0.0576223210,5,9e-05,0,0,0,raw/earnings22-test-epoch-5-no_aug.jsonl
earnings22,test,no_aug,pre_update,79,6,0.0382464339,0.0097761042,0.0274197441,0.0555527546,5,9e-05,0,0,0,raw/earnings22-test-epoch-5-no_aug.jsonl
earnings22,test,no_aug,pre_update,80,6,0.0378316669,0.0095219233,0.0270550419,0.0555479266,5,9e-05,0,0,0,raw/earnings22-test-epoch-5-no_aug.jsonl
earnings22,test,no_aug,pre_update,81,6,0.0389772169,0.0068318321,0.0310986489,0.0481220968,5,9e-05,0,0,0,raw/earnings22-test-epoch-5-no_aug.jsonl
earnings22,test,no_aug,pre_update,82,6,0.0422969234,0.0133658790,0.0290606488,0.0627857000,5,9e-05,0,0,0,raw/earnings22-test-epoch-5-no_aug.jsonl
earnings22,test,no_aug,pre_update,83,6,0.0329047559,0.0090223112,0.0191124678,0.0443039499,5,9e-05,0,0,0,raw/earnings22-test-epoch-5-no_aug.jsonl
earnings22,test,no_aug,pre_update,84,6,0.0451823144,0.0098392842,0.0277193226,0.0553698614,5,9e-05,0,0,0,raw/earnings22-test-epoch-5-no_aug.jsonl
earnings22,test,no_aug,pre_update,85,6,0.0359713609,0.0126990056,0.0250234380,0.0582286492,5,9e-05,0,0,0,raw/earnings22-test-epoch-5-no_aug.jsonl
earnings22,test,no_aug,pre_update,86,6,0.0430748835,0.0147128524,0.0298704356,0.0714969188,5,9e-05,0,0,0,raw/earnings22-test-epoch-5-no_aug.jsonl
earnings22,test,no_aug,pre_update,87,6,0.0356796744,0.0126928687,0.0168504640,0.0531302616,5,9e-05,0,0,0,raw/earnings22-test-epoch-5-no_aug.jsonl
earnings22,test,no_aug,pre_update,88,6,0.0395359844,0.0173721280,0.0231950842,0.0680763870,5,9e-05,0,0,0,raw/earnings22-test-epoch-5-no_aug.jsonl
earnings22,test,no_aug,pre_update,89,6,0.0354820741,0.0090462394,0.0185419638,0.0432289205,5,9e-05,0,0,0,raw/earnings22-test-epoch-5-no_aug.jsonl
earnings22,test,no_aug,pre_update,90,6,0.0459153149,0.0153338692,0.0288896412,0.0643101335,5,9e-05,0,0,0,raw/earnings22-test-epoch-5-no_aug.jsonl
earnings22,test,no_aug,pre_update,91,6,0.0363017252,0.0133209975,0.0223079175,0.0591210201,5,9e-05,0,0,0,raw/earnings22-test-epoch-5-no_aug.jsonl
earnings22,test,no_aug,pre_update,92,6,0.0414860814,0.0138377603,0.0245218500,0.0667184144,5,9e-05,0,0,0,raw/earnings22-test-epoch-5-no_aug.jsonl
earnings22,test,no_aug,pre_update,93,6,0.0408915325,0.0125017200,0.0236719958,0.0537220538,5,9e-05,0,0,0,raw/earnings22-test-epoch-5-no_aug.jsonl
earnings22,test,no_aug,pre_update,94,6,0.0441795581,0.0087115788,0.0338973925,0.0569234043,5,9e-05,0,0,0,raw/earnings22-test-epoch-5-no_aug.jsonl
earnings22,test,no_aug,pre_update,95,6,0.0357815688,0.0076111546,0.0254492667,0.0462925695,5,9e-05,0,0,0,raw/earnings22-test-epoch-5-no_aug.jsonl
earnings22,test,no_aug,pre_update,96,6,0.0374688525,0.0061187543,0.0306755081,0.0475266501,5,9e-05,0,0,0,raw/earnings22-test-epoch-5-no_aug.jsonl
earnings22,test,no_aug,pre_update,97,6,0.0344594441,0.0059494304,0.0259033255,0.0417971164,5,9e-05,0,0,0,raw/earnings22-test-epoch-5-no_aug.jsonl
earnings22,test,no_aug,pre_update,98,6,0.0391293836,0.0081910516,0.0305238198,0.0516959652,5,9e-05,0,0,0,raw/earnings22-test-epoch-5-no_aug.jsonl
earnings22,test,no_aug,pre_update,99,6,0.0316418645,0.0104686397,0.0235303957,0.0515546389,5,9e-05,0,0,0,raw/earnings22-test-epoch-5-no_aug.jsonl
earnings22,test,no_aug,pre_update,100,6,0.0404934377,0.0121117581,0.0293635372,0.0621961579,5,9e-05,0,0,0,raw/earnings22-test-epoch-5-no_aug.jsonl
earnings22,test,no_aug,pre_update,101,6,0.0404389538,0.0127074321,0.0279995427,0.0617746077,5,9e-05,0,0,0,raw/earnings22-test-epoch-5-no_aug.jsonl
earnings22,test,no_aug,pre_update,102,6,0.0341720739,0.0182106872,0.0198830273,0.0691414699,5,9e-05,0,0,0,raw/earnings22-test-epoch-5-no_aug.jsonl
earnings22,test,no_aug,pre_update,103,6,0.0374949335,0.0120390061,0.0293080900,0.0609824136,5,9e-05,0,0,0,raw/earnings22-test-epoch-5-no_aug.jsonl
earnings22,test,no_aug,pre_update,104,6,0.0345450745,0.0138889966,0.0213916525,0.0616418496,5,9e-05,0,0,0,raw/earnings22-test-epoch-5-no_aug.jsonl
earnings22,test,no_aug,pre_update,105,6,0.0372319408,0.0097403003,0.0239963345,0.0501589738,5,9e-05,0,0,0,raw/earnings22-test-epoch-5-no_aug.jsonl
earnings22,test,no_aug,pre_update,106,6,0.0316243075,0.0051758051,0.0224907082,0.0364096165,5,9e-05,0,0,0,raw/earnings22-test-epoch-5-no_aug.jsonl
earnings22,test,no_aug,pre_update,107,6,0.0317347096,0.0062618567,0.0235459972,0.0408503041,5,9e-05,0,0,0,raw/earnings22-test-epoch-5-no_aug.jsonl
earnings22,test,no_aug,pre_update,108,6,0.0367758439,0.0175045085,0.0197044425,0.0654838085,5,9e-05,0,0,0,raw/earnings22-test-epoch-5-no_aug.jsonl
earnings22,test,no_aug,pre_update,109,6,0.0295830558,0.0040885155,0.0241966303,0.0361635573,5,9e-05,0,0,0,raw/earnings22-test-epoch-5-no_aug.jsonl
earnings22,test,no_aug,pre_update,110,6,0.0351217644,0.0180191641,0.0228577536,0.0707980245,5,9e-05,0,0,0,raw/earnings22-test-epoch-5-no_aug.jsonl
earnings22,test,no_aug,pre_update,111,6,0.0377219301,0.0102665053,0.0306087099,0.0580393896,5,9e-05,0,0,0,raw/earnings22-test-epoch-5-no_aug.jsonl
earnings22,test,no_aug,pre_update,112,6,0.0333105220,0.0090987758,0.0239748638,0.0498466492,5,9e-05,0,0,0,raw/earnings22-test-epoch-5-no_aug.jsonl
earnings22,test,no_aug,pre_update,113,6,0.0298172142,0.0082521037,0.0225825496,0.0460797139,5,9e-05,0,0,0,raw/earnings22-test-epoch-5-no_aug.jsonl
earnings22,test,no_aug,pre_update,114,6,0.0309215970,0.0076761422,0.0219602119,0.0415574536,5,9e-05,0,0,0,raw/earnings22-test-epoch-5-no_aug.jsonl
earnings22,test,no_aug,pre_update,115,6,0.0325633340,0.0031131735,0.0284238160,0.0365568548,5,9e-05,0,0,0,raw/earnings22-test-epoch-5-no_aug.jsonl
earnings22,test,no_aug,pre_update,116,6,0.0260658156,0.0045735638,0.0186305176,0.0307334997,5,9e-05,0,0,0,raw/earnings22-test-epoch-5-no_aug.jsonl
earnings22,test,no_aug,pre_update,117,6,0.0338419623,0.0101649424,0.0209204797,0.0462294444,5,9e-05,0,0,0,raw/earnings22-test-epoch-5-no_aug.jsonl
earnings22,test,no_aug,pre_update,118,6,0.0353500353,0.0159159518,0.0199533459,0.0573459193,5,9e-05,0,0,0,raw/earnings22-test-epoch-5-no_aug.jsonl
earnings22,test,no_aug,pre_update,119,6,0.0335684391,0.0089459675,0.0224406365,0.0464566089,5,9e-05,0,0,0,raw/earnings22-test-epoch-5-no_aug.jsonl
earnings22,test,no_aug,pre_update,120,6,0.0285315442,0.0050973451,0.0195002481,0.0340763927,5,9e-05,0,0,0,raw/earnings22-test-epoch-5-no_aug.jsonl
earnings22,test,no_aug,pre_update,121,6,0.0383152418,0.0153227063,0.0195087623,0.0581552498,5,9e-05,0,0,0,raw/earnings22-test-epoch-5-no_aug.jsonl
earnings22,test,no_aug,pre_update,122,6,0.0248384454,0.0052345646,0.0203108490,0.0311994981,5,9e-05,0,0,0,raw/earnings22-test-epoch-5-no_aug.jsonl
earnings22,test,no_aug,pre_update,123,6,0.0332649893,0.0080862577,0.0245643277,0.0463059768,5,9e-05,0,0,0,raw/earnings22-test-epoch-5-no_aug.jsonl
earnings22,test,no_aug,pre_update,124,6,0.0321727305,0.0071251760,0.0219163932,0.0419977345,5,9e-05,0,0,0,raw/earnings22-test-epoch-5-no_aug.jsonl
earnings22,test,no_aug,pre_update,125,6,0.0334477884,0.0083749271,0.0236285478,0.0426182151,5,9e-05,0,0,0,raw/earnings22-test-epoch-5-no_aug.jsonl
earnings22,test,no_aug,pre_update,126,6,0.0283009357,0.0109220829,0.0177489594,0.0476117320,5,9e-05,0,0,0,raw/earnings22-test-epoch-5-no_aug.jsonl
earnings22,test,no_aug,pre_update,127,6,0.0302555058,0.0106567425,0.0165187418,0.0443057455,5,9e-05,0,0,0,raw/earnings22-test-epoch-5-no_aug.jsonl
earnings22,test,no_aug,pre_update,128,6,0.0324390559,0.0137602508,0.0187462606,0.0554204583,5,9e-05,0,0,0,raw/earnings22-test-epoch-5-no_aug.jsonl
earnings22,test,no_aug,pre_update,129,6,0.0275150280,0.0101728419,0.0189019963,0.0457001217,5,9e-05,0,0,0,raw/earnings22-test-epoch-5-no_aug.jsonl
earnings22,test,no_aug,pre_update,130,6,0.0264399018,0.0048332562,0.0212736409,0.0343351401,5,9e-05,0,0,0,raw/earnings22-test-epoch-5-no_aug.jsonl
earnings22,test,no_aug,pre_update,131,6,0.0278921587,0.0101011390,0.0212105624,0.0482429862,5,9e-05,0,0,0,raw/earnings22-test-epoch-5-no_aug.jsonl
earnings22,test,no_aug,pre_update,132,6,0.0270070282,0.0044769419,0.0204087086,0.0334253684,5,9e-05,0,0,0,raw/earnings22-test-epoch-5-no_aug.jsonl
earnings22,test,no_aug,pre_update,133,6,0.0319868652,0.0108435078,0.0151866507,0.0457882285,5,9e-05,0,0,0,raw/earnings22-test-epoch-5-no_aug.jsonl
earnings22,test,no_aug,pre_update,134,6,0.0314831535,0.0074556085,0.0246099718,0.0451366678,5,9e-05,0,0,0,raw/earnings22-test-epoch-5-no_aug.jsonl
earnings22,test,no_aug,pre_update,135,6,0.0279115510,0.0110632654,0.0156001393,0.0449213013,5,9e-05,0,0,0,raw/earnings22-test-epoch-5-no_aug.jsonl
earnings22,test,no_aug,pre_update,136,6,0.0303732753,0.0110821680,0.0172283854,0.0497840457,5,9e-05,0,0,0,raw/earnings22-test-epoch-5-no_aug.jsonl
earnings22,test,no_aug,pre_update,137,6,0.0278133095,0.0086513485,0.0174275544,0.0401485004,5,9e-05,0,0,0,raw/earnings22-test-epoch-5-no_aug.jsonl
earnings22,test,no_aug,pre_update,138,6,0.0276645708,0.0080374804,0.0174307786,0.0412668958,5,9e-05,0,0,0,raw/earnings22-test-epoch-5-no_aug.jsonl
earnings22,test,no_aug,pre_update,139,6,0.0286054369,0.0090061272,0.0200530179,0.0451834500,5,9e-05,0,0,0,raw/earnings22-test-epoch-5-no_aug.jsonl
earnings22,test,no_aug,pre_update,140,6,0.0274302708,0.0093320617,0.0163382199,0.0426219702,5,9e-05,0,0,0,raw/earnings22-test-epoch-5-no_aug.jsonl
earnings22,test,no_aug,pre_update,141,6,0.0269801257,0.0072515531,0.0187294707,0.0373419598,5,9e-05,0,0,0,raw/earnings22-test-epoch-5-no_aug.jsonl
earnings22,test,no_aug,pre_update,142,6,0.0236489338,0.0082964306,0.0161989480,0.0351500958,5,9e-05,0,0,0,raw/earnings22-test-epoch-5-no_aug.jsonl
earnings22,test,no_aug,pre_update,143,6,0.0278691308,0.0107372251,0.0174693596,0.0469848327,5,9e-05,0,0,0,raw/earnings22-test-epoch-5-no_aug.jsonl
earnings22,test,no_aug,pre_update,144,6,0.0255667583,0.0073840710,0.0151753463,0.0367826074,5,9e-05,0,0,0,raw/earnings22-test-epoch-5-no_aug.jsonl
earnings22,test,no_aug,pre_update,145,6,0.0244998398,0.0036147934,0.0209704656,0.0308258794,5,9e-05,0,0,0,raw/earnings22-test-epoch-5-no_aug.jsonl
earnings22,test,no_aug,pre_update,146,6,0.0334117310,0.0132032534,0.0195777938,0.0523341820,5,9e-05,0,0,0,raw/earnings22-test-epoch-5-no_aug.jsonl
earnings22,test,no_aug,pre_update,147,6,0.0239430536,0.0063919971,0.0166271683,0.0337177143,5,9e-05,0,0,0,raw/earnings22-test-epoch-5-no_aug.jsonl
earnings22,test,no_aug,pre_update,148,6,0.0319266580,0.0144927092,0.0172984935,0.0497456193,5,9e-05,0,0,0,raw/earnings22-test-epoch-5-no_aug.jsonl
earnings22,test,no_aug,pre_update,149,6,0.0242651043,0.0063099226,0.0174768455,0.0318503752,5,9e-05,0,0,0,raw/earnings22-test-epoch-5-no_aug.jsonl
earnings22,test,no_aug,pre_update,150,6,0.0279968083,0.0100118533,0.0129769910,0.0411103442,5,9e-05,0,0,0,raw/earnings22-test-epoch-5-no_aug.jsonl
earnings22,test,no_aug,pre_update,151,6,0.0284576419,0.0084113291,0.0159285832,0.0415414535,5,9e-05,0,0,0,raw/earnings22-test-epoch-5-no_aug.jsonl
earnings22,test,no_aug,pre_update,152,6,0.0235194936,0.0033727192,0.0184428338,0.0280475207,5,9e-05,0,0,0,raw/earnings22-test-epoch-5-no_aug.jsonl
earnings22,test,no_aug,pre_update,153,6,0.0282254143,0.0113368081,0.0130096758,0.0430274121,5,9e-05,0,0,0,raw/earnings22-test-epoch-5-no_aug.jsonl
earnings22,test,no_aug,pre_update,154,6,0.0325892006,0.0097634930,0.0236872397,0.0504836552,5,9e-05,0,0,0,raw/earnings22-test-epoch-5-no_aug.jsonl
earnings22,test,no_aug,pre_update,155,6,0.0294035968,0.0122062370,0.0179884285,0.0496446341,5,9e-05,0,0,0,raw/earnings22-test-epoch-5-no_aug.jsonl
earnings22,test,no_aug,pre_update,156,6,0.0273571176,0.0074703976,0.0175264329,0.0367033258,5,9e-05,0,0,0,raw/earnings22-test-epoch-5-no_aug.jsonl
earnings22,test,no_aug,pre_update,157,6,0.0257529452,0.0077150490,0.0166960843,0.0385311320,5,9e-05,0,0,0,raw/earnings22-test-epoch-5-no_aug.jsonl
earnings22,test,no_aug,pre_update,158,6,0.0252526033,0.0055959126,0.0200700276,0.0357701108,5,9e-05,0,0,0,raw/earnings22-test-epoch-5-no_aug.jsonl
earnings22,test,no_aug,pre_update,159,6,0.0302132772,0.0097715156,0.0217941031,0.0475618020,5,9e-05,0,0,0,raw/earnings22-test-epoch-5-no_aug.jsonl
earnings22,test,no_aug,pre_update,160,6,0.0253124467,0.0071250324,0.0165080540,0.0365566984,5,9e-05,0,0,0,raw/earnings22-test-epoch-5-no_aug.jsonl
earnings22,test,no_aug,pre_update,161,6,0.0291080545,0.0112725966,0.0133880982,0.0428516194,5,9e-05,0,0,0,raw/earnings22-test-epoch-5-no_aug.jsonl
earnings22,test,no_aug,pre_update,162,6,0.0251016429,0.0084294224,0.0151974792,0.0377803408,5,9e-05,0,0,0,raw/earnings22-test-epoch-5-no_aug.jsonl
earnings22,test,no_aug,pre_update,163,6,0.0286433787,0.0085588558,0.0196855534,0.0404888391,5,9e-05,0,0,0,raw/earnings22-test-epoch-5-no_aug.jsonl
earnings22,test,no_aug,pre_update,164,6,0.0274051347,0.0108397847,0.0177781079,0.0432629175,5,9e-05,0,0,0,raw/earnings22-test-epoch-5-no_aug.jsonl
earnings22,test,no_aug,pre_update,165,6,0.0243970466,0.0053962314,0.0183859766,0.0322322026,5,9e-05,0,0,0,raw/earnings22-test-epoch-5-no_aug.jsonl
earnings22,test,no_aug,pre_update,166,6,0.0241080491,0.0072119600,0.0162049793,0.0334880091,5,9e-05,0,0,0,raw/earnings22-test-epoch-5-no_aug.jsonl
earnings22,test,no_aug,pre_update,167,6,0.0273637834,0.0053786364,0.0208707526,0.0358785465,5,9e-05,0,0,0,raw/earnings22-test-epoch-5-no_aug.jsonl
earnings22,test,no_aug,pre_update,168,6,0.0243505078,0.0047270160,0.0158771109,0.0303015206,5,9e-05,0,0,0,raw/earnings22-test-epoch-5-no_aug.jsonl
earnings22,test,no_aug,pre_update,169,6,0.0276441093,0.0108939392,0.0172455497,0.0486868322,5,9e-05,0,0,0,raw/earnings22-test-epoch-5-no_aug.jsonl
earnings22,test,no_aug,pre_update,170,6,0.0250241898,0.0094807242,0.0121247927,0.0357965045,5,9e-05,0,0,0,raw/earnings22-test-epoch-5-no_aug.jsonl
earnings22,test,no_aug,pre_update,171,6,0.0269757935,0.0114597646,0.0158691518,0.0459885485,5,9e-05,0,0,0,raw/earnings22-test-epoch-5-no_aug.jsonl
earnings22,test,no_aug,pre_update,172,6,0.0241485847,0.0079202986,0.0128154308,0.0350417905,5,9e-05,0,0,0,raw/earnings22-test-epoch-5-no_aug.jsonl
earnings22,test,no_aug,pre_update,173,6,0.0275727442,0.0073701828,0.0214501731,0.0402992591,5,9e-05,0,0,0,raw/earnings22-test-epoch-5-no_aug.jsonl
earnings22,test,no_aug,pre_update,174,6,0.0294925800,0.0109310825,0.0172728263,0.0446644574,5,9e-05,0,0,0,raw/earnings22-test-epoch-5-no_aug.jsonl
earnings22,test,no_aug,pre_update,175,6,0.0284553588,0.0076109129,0.0145662921,0.0361702777,5,9e-05,0,0,0,raw/earnings22-test-epoch-5-no_aug.jsonl
earnings22,test,no_aug,pre_update,176,6,0.0225417307,0.0093377848,0.0133171156,0.0400778651,5,9e-05,0,0,0,raw/earnings22-test-epoch-5-no_aug.jsonl
earnings22,test,no_aug,pre_update,177,6,0.0254303711,0.0063120851,0.0187939107,0.0362836272,5,9e-05,0,0,0,raw/earnings22-test-epoch-5-no_aug.jsonl
earnings22,test,no_aug,pre_update,178,6,0.0269538987,0.0069772940,0.0194723252,0.0360079445,5,9e-05,0,0,0,raw/earnings22-test-epoch-5-no_aug.jsonl
earnings22,test,no_aug,pre_update,179,6,0.0280655609,0.0102364565,0.0150803169,0.0429367013,5,9e-05,0,0,0,raw/earnings22-test-epoch-5-no_aug.jsonl
earnings22,test,no_aug,pre_update,180,6,0.0258258719,0.0080222476,0.0145757487,0.0361630060,5,9e-05,0,0,0,raw/earnings22-test-epoch-5-no_aug.jsonl
earnings22,test,no_aug,pre_update,181,6,0.0284862155,0.0108966201,0.0174650289,0.0463227816,5,9e-05,0,0,0,raw/earnings22-test-epoch-5-no_aug.jsonl
earnings22,test,no_aug,pre_update,182,6,0.0253244545,0.0060072548,0.0186260417,0.0340405144,5,9e-05,0,0,0,raw/earnings22-test-epoch-5-no_aug.jsonl
earnings22,test,no_aug,pre_update,183,6,0.0278132030,0.0083368137,0.0180150680,0.0406079888,5,9e-05,0,0,0,raw/earnings22-test-epoch-5-no_aug.jsonl
earnings22,test,no_aug,pre_update,184,6,0.0235728538,0.0064527631,0.0162231233,0.0307837613,5,9e-05,0,0,0,raw/earnings22-test-epoch-5-no_aug.jsonl
earnings22,test,no_aug,pre_update,185,6,0.0255407924,0.0093463511,0.0133997146,0.0392587036,5,9e-05,0,0,0,raw/earnings22-test-epoch-5-no_aug.jsonl
earnings22,test,no_aug,pre_update,186,6,0.0269829730,0.0153727565,0.0145410895,0.0518561043,5,9e-05,0,0,0,raw/earnings22-test-epoch-5-no_aug.jsonl
earnings22,test,no_aug,pre_update,187,6,0.0274389315,0.0108946140,0.0164825469,0.0412814990,5,9e-05,0,0,0,raw/earnings22-test-epoch-5-no_aug.jsonl
earnings22,test,no_aug,pre_update,188,6,0.0237278274,0.0091405661,0.0116575398,0.0341942869,5,9e-05,0,0,0,raw/earnings22-test-epoch-5-no_aug.jsonl
earnings22,test,no_aug,pre_update,189,6,0.0262300589,0.0077438280,0.0191052221,0.0386722945,5,9e-05,0,0,0,raw/earnings22-test-epoch-5-no_aug.jsonl
earnings22,test,no_aug,pre_update,190,6,0.0192789005,0.0058459324,0.0141705824,0.0293608904,5,9e-05,0,0,0,raw/earnings22-test-epoch-5-no_aug.jsonl
earnings22,test,no_aug,pre_update,191,6,0.0223447150,0.0083561098,0.0114710554,0.0321961492,5,9e-05,0,0,0,raw/earnings22-test-epoch-5-no_aug.jsonl
earnings22,test,no_aug,pre_update,192,6,0.0287105426,0.0079878391,0.0196266696,0.0422631428,5,9e-05,0,0,0,raw/earnings22-test-epoch-5-no_aug.jsonl
earnings22,test,no_aug,pre_update,193,6,0.0210655550,0.0065157764,0.0148556009,0.0305584371,5,9e-05,0,0,0,raw/earnings22-test-epoch-5-no_aug.jsonl
earnings22,test,no_aug,pre_update,194,6,0.0244597072,0.0067417923,0.0154814087,0.0321548060,5,9e-05,0,0,0,raw/earnings22-test-epoch-5-no_aug.jsonl
earnings22,test,no_aug,pre_update,195,6,0.0228836701,0.0107349574,0.0129416650,0.0411640555,5,9e-05,0,0,0,raw/earnings22-test-epoch-5-no_aug.jsonl
earnings22,test,no_aug,pre_update,196,6,0.0267253993,0.0121284782,0.0158621557,0.0445646048,5,9e-05,0,0,0,raw/earnings22-test-epoch-5-no_aug.jsonl
earnings22,test,no_aug,pre_update,197,6,0.0213767675,0.0089166514,0.0134203080,0.0378625691,5,9e-05,0,0,0,raw/earnings22-test-epoch-5-no_aug.jsonl
earnings22,test,no_aug,pre_update,198,6,0.0268304373,0.0102946859,0.0160827935,0.0460395589,5,9e-05,0,0,0,raw/earnings22-test-epoch-5-no_aug.jsonl
earnings22,test,no_aug,pre_update,199,6,0.0244643502,0.0087370944,0.0142313279,0.0386615098,5,9e-05,0,0,0,raw/earnings22-test-epoch-5-no_aug.jsonl
earnings22,test,no_aug,pre_update,200,6,0.0219497575,0.0057651794,0.0161443278,0.0307063982,5,9e-05,0,0,0,raw/earnings22-test-epoch-5-no_aug.jsonl
earnings22,test,no_aug,pre_update,201,6,0.0215700941,0.0083308206,0.0113688121,0.0353257209,5,9e-05,0,0,0,raw/earnings22-test-epoch-5-no_aug.jsonl
earnings22,test,no_aug,pre_update,202,6,0.0243754485,0.0090373572,0.0152435498,0.0357075185,5,9e-05,0,0,0,raw/earnings22-test-epoch-5-no_aug.jsonl
earnings22,test,no_aug,pre_update,203,6,0.0178566235,0.0034773797,0.0143507365,0.0238399003,5,9e-05,0,0,0,raw/earnings22-test-epoch-5-no_aug.jsonl
earnings22,test,no_aug,pre_update,204,6,0.0213735920,0.0060238614,0.0159104113,0.0314452052,5,9e-05,0,0,0,raw/earnings22-test-epoch-5-no_aug.jsonl
earnings22,test,no_aug,pre_update,205,6,0.0247153024,0.0123340569,0.0143165058,0.0422303602,5,9e-05,0,0,0,raw/earnings22-test-epoch-5-no_aug.jsonl
earnings22,test,no_aug,pre_update,206,6,0.0204497677,0.0068223623,0.0125008840,0.0283111669,5,9e-05,0,0,0,raw/earnings22-test-epoch-5-no_aug.jsonl
earnings22,test,no_aug,pre_update,207,6,0.0198974991,0.0069462544,0.0154332230,0.0337124988,5,9e-05,0,0,0,raw/earnings22-test-epoch-5-no_aug.jsonl
earnings22,test,no_aug,pre_update,208,6,0.0208492659,0.0080240698,0.0129401581,0.0328077823,5,9e-05,0,0,0,raw/earnings22-test-epoch-5-no_aug.jsonl
earnings22,test,no_aug,pre_update,209,6,0.0229009132,0.0103033087,0.0103830304,0.0355088413,5,9e-05,0,0,0,raw/earnings22-test-epoch-5-no_aug.jsonl
earnings22,test,no_aug,pre_update,210,6,0.0258495941,0.0081565974,0.0190909188,0.0420474336,5,9e-05,0,0,0,raw/earnings22-test-epoch-5-no_aug.jsonl
earnings22,test,no_aug,pre_update,211,6,0.0240331488,0.0104711830,0.0141332075,0.0403400958,5,9e-05,0,0,0,raw/earnings22-test-epoch-5-no_aug.jsonl
earnings22,test,no_aug,pre_update,212,6,0.0195295860,0.0060151971,0.0143937748,0.0311773792,5,9e-05,0,0,0,raw/earnings22-test-epoch-5-no_aug.jsonl
earnings22,test,no_aug,pre_update,213,6,0.0196366895,0.0058483162,0.0136081800,0.0288019106,5,9e-05,0,0,0,raw/earnings22-test-epoch-5-no_aug.jsonl
earnings22,test,no_aug,pre_update,214,6,0.0204385125,0.0068560465,0.0110915080,0.0281500965,5,9e-05,0,0,0,raw/earnings22-test-epoch-5-no_aug.jsonl
earnings22,test,no_aug,pre_update,215,6,0.0235131631,0.0063028420,0.0153472479,0.0341098234,5,9e-05,0,0,0,raw/earnings22-test-epoch-5-no_aug.jsonl
earnings22,test,no_aug,pre_update,216,6,0.0237409865,0.0134191678,0.0141770756,0.0495204329,5,9e-05,0,0,0,raw/earnings22-test-epoch-5-no_aug.jsonl
earnings22,test,no_aug,pre_update,217,6,0.0207719087,0.0069322718,0.0132559175,0.0295139402,5,9e-05,0,0,0,raw/earnings22-test-epoch-5-no_aug.jsonl
earnings22,test,no_aug,pre_update,218,6,0.0231073621,0.0070513558,0.0138429841,0.0350788124,5,9e-05,0,0,0,raw/earnings22-test-epoch-5-no_aug.jsonl
earnings22,test,no_aug,pre_update,219,6,0.0254510331,0.0091985118,0.0159285460,0.0420059860,5,9e-05,0,0,0,raw/earnings22-test-epoch-5-no_aug.jsonl
earnings22,test,no_aug,pre_update,220,6,0.0199096262,0.0097897001,0.0107425787,0.0378694087,5,9e-05,0,0,0,raw/earnings22-test-epoch-5-no_aug.jsonl
earnings22,test,no_aug,pre_update,221,6,0.0214868051,0.0075136189,0.0150981583,0.0357197374,5,9e-05,0,0,0,raw/earnings22-test-epoch-5-no_aug.jsonl
earnings22,test,no_aug,pre_update,222,6,0.0205161388,0.0069772934,0.0120094940,0.0290268846,5,9e-05,0,0,0,raw/earnings22-test-epoch-5-no_aug.jsonl
earnings22,test,no_aug,pre_update,223,6,0.0194948137,0.0076194652,0.0135377888,0.0340957232,5,9e-05,0,0,0,raw/earnings22-test-epoch-5-no_aug.jsonl
earnings22,test,no_aug,pre_update,224,6,0.0226343436,0.0104869064,0.0133544523,0.0386535265,5,9e-05,0,0,0,raw/earnings22-test-epoch-5-no_aug.jsonl
earnings22,test,no_aug,pre_update,225,6,0.0232485575,0.0126122568,0.0097632045,0.0429883897,5,9e-05,0,0,0,raw/earnings22-test-epoch-5-no_aug.jsonl
earnings22,test,no_aug,pre_update,226,6,0.0174783807,0.0057695664,0.0113740386,0.0261317696,5,9e-05,0,0,0,raw/earnings22-test-epoch-5-no_aug.jsonl
earnings22,test,no_aug,pre_update,227,6,0.0211675080,0.0071501855,0.0139673837,0.0334551148,5,9e-05,0,0,0,raw/earnings22-test-epoch-5-no_aug.jsonl
earnings22,test,no_aug,pre_update,228,6,0.0215410447,0.0033465497,0.0186070520,0.0272081420,5,9e-05,0,0,0,raw/earnings22-test-epoch-5-no_aug.jsonl
earnings22,test,no_aug,pre_update,229,6,0.0174229325,0.0058952137,0.0120198233,0.0255608428,5,9e-05,0,0,0,raw/earnings22-test-epoch-5-no_aug.jsonl
earnings22,test,no_aug,pre_update,230,6,0.0223255150,0.0103742326,0.0149502661,0.0377955809,5,9e-05,0,0,0,raw/earnings22-test-epoch-5-no_aug.jsonl
earnings22,test,no_aug,pre_update,231,6,0.0230669615,0.0083296566,0.0129803661,0.0343152508,5,9e-05,0,0,0,raw/earnings22-test-epoch-5-no_aug.jsonl
earnings22,test,no_aug,pre_update,232,6,0.0219422247,0.0081194133,0.0121236499,0.0336858183,5,9e-05,0,0,0,raw/earnings22-test-epoch-5-no_aug.jsonl
earnings22,test,no_aug,pre_update,233,6,0.0204916011,0.0070085136,0.0119544864,0.0293351989,5,9e-05,0,0,0,raw/earnings22-test-epoch-5-no_aug.jsonl
earnings22,test,no_aug,pre_update,234,6,0.0188010178,0.0088061214,0.0127752107,0.0315205604,5,9e-05,0,0,0,raw/earnings22-test-epoch-5-no_aug.jsonl
earnings22,test,no_aug,pre_update,235,6,0.0226632681,0.0093323589,0.0123527991,0.0331490040,5,9e-05,0,0,0,raw/earnings22-test-epoch-5-no_aug.jsonl
earnings22,test,no_aug,pre_update,236,6,0.0204450954,0.0058775877,0.0149503667,0.0290498231,5,9e-05,0,0,0,raw/earnings22-test-epoch-5-no_aug.jsonl
earnings22,test,no_aug,pre_update,237,6,0.0159534233,0.0035937728,0.0101428777,0.0199466497,5,9e-05,0,0,0,raw/earnings22-test-epoch-5-no_aug.jsonl
earnings22,test,no_aug,pre_update,238,6,0.0235772051,0.0102194736,0.0127775678,0.0366629586,5,9e-05,0,0,0,raw/earnings22-test-epoch-5-no_aug.jsonl
earnings22,test,no_aug,pre_update,239,6,0.0163199881,0.0045051120,0.0098969564,0.0221805796,5,9e-05,0,0,0,raw/earnings22-test-epoch-5-no_aug.jsonl
earnings22,test,no_aug,pre_update,240,6,0.0189233796,0.0061510054,0.0139087569,0.0309175663,5,9e-05,0,0,0,raw/earnings22-test-epoch-5-no_aug.jsonl
earnings22,test,no_aug,pre_update,241,6,0.0202379250,0.0085145140,0.0116627999,0.0360300243,5,9e-05,0,0,0,raw/earnings22-test-epoch-5-no_aug.jsonl
earnings22,test,no_aug,pre_update,242,6,0.0219202628,0.0054227968,0.0151193812,0.0292856861,5,9e-05,0,0,0,raw/earnings22-test-epoch-5-no_aug.jsonl
earnings22,test,no_aug,pre_update,243,6,0.0166060976,0.0048269640,0.0129320417,0.0238113664,5,9e-05,0,0,0,raw/earnings22-test-epoch-5-no_aug.jsonl
earnings22,test,no_aug,pre_update,244,6,0.0178614074,0.0083212551,0.0088440562,0.0320211537,5,9e-05,0,0,0,raw/earnings22-test-epoch-5-no_aug.jsonl
earnings22,test,no_aug,pre_update,245,6,0.0204735563,0.0074846484,0.0099696424,0.0295285285,5,9e-05,0,0,0,raw/earnings22-test-epoch-5-no_aug.jsonl
earnings22,test,no_aug,pre_update,246,6,0.0218430728,0.0082255697,0.0127726980,0.0323949456,5,9e-05,0,0,0,raw/earnings22-test-epoch-5-no_aug.jsonl
earnings22,test,no_aug,pre_update,247,6,0.0215501374,0.0104793780,0.0121550793,0.0392071605,5,9e-05,0,0,0,raw/earnings22-test-epoch-5-no_aug.jsonl
earnings22,test,no_aug,pre_update,248,6,0.0227424856,0.0063899575,0.0163750872,0.0331018642,5,9e-05,0,0,0,raw/earnings22-test-epoch-5-no_aug.jsonl
earnings22,test,no_aug,pre_update,249,6,0.0196049232,0.0066792740,0.0112135969,0.0275532734,5,9e-05,0,0,0,raw/earnings22-test-epoch-5-no_aug.jsonl
earnings22,test,no_aug,pre_update,250,6,0.0184088397,0.0067875919,0.0122161843,0.0278670937,5,9e-05,0,0,0,raw/earnings22-test-epoch-5-no_aug.jsonl
earnings22,test,no_aug,pre_update,251,6,0.0189563883,0.0060442344,0.0116152400,0.0255850814,5,9e-05,0,0,0,raw/earnings22-test-epoch-5-no_aug.jsonl
earnings22,test,no_aug,pre_update,252,6,0.0225039398,0.0062387128,0.0151973087,0.0305281766,5,9e-05,0,0,0,raw/earnings22-test-epoch-5-no_aug.jsonl
earnings22,test,no_aug,pre_update,253,6,0.0178959939,0.0066042507,0.0130786486,0.0291543100,5,9e-05,0,0,0,raw/earnings22-test-epoch-5-no_aug.jsonl
earnings22,test,no_aug,pre_update,254,6,0.0189595014,0.0065708987,0.0122628799,0.0306230001,5,9e-05,0,0,0,raw/earnings22-test-epoch-5-no_aug.jsonl
earnings22,test,no_aug,pre_update,255,6,0.0182675213,0.0063385486,0.0121152289,0.0292479992,5,9e-05,0,0,0,raw/earnings22-test-epoch-5-no_aug.jsonl
earnings22,test,no_aug,pre_update,256,6,0.0189900092,0.0073861183,0.0096536903,0.0279923864,5,9e-05,0,0,0,raw/earnings22-test-epoch-5-no_aug.jsonl
earnings22,test,no_aug,pre_update,257,6,0.0201875833,0.0053949754,0.0106092962,0.0259319469,5,9e-05,0,0,0,raw/earnings22-test-epoch-5-no_aug.jsonl
earnings22,test,no_aug,pre_update,258,6,0.0159331267,0.0034180107,0.0125633255,0.0214383733,5,9e-05,0,0,0,raw/earnings22-test-epoch-5-no_aug.jsonl
earnings22,test,no_aug,pre_update,259,6,0.0195757096,0.0072595780,0.0126022333,0.0315401293,5,9e-05,0,0,0,raw/earnings22-test-epoch-5-no_aug.jsonl
earnings22,test,no_aug,pre_update,260,6,0.0169715947,0.0042368826,0.0133957081,0.0252735689,5,9e-05,0,0,0,raw/earnings22-test-epoch-5-no_aug.jsonl
earnings22,test,no_aug,pre_update,261,6,0.0197193103,0.0057977418,0.0139172254,0.0292189121,5,9e-05,0,0,0,raw/earnings22-test-epoch-5-no_aug.jsonl
earnings22,test,no_aug,pre_update,262,6,0.0181079763,0.0043157115,0.0130920848,0.0243730657,5,9e-05,0,0,0,raw/earnings22-test-epoch-5-no_aug.jsonl
earnings22,test,no_aug,pre_update,263,6,0.0195999246,0.0064954170,0.0082180249,0.0258232094,5,9e-05,0,0,0,raw/earnings22-test-epoch-5-no_aug.jsonl
earnings22,test,no_aug,pre_update,264,6,0.0186820283,0.0040031189,0.0134369405,0.0244743954,5,9e-05,0,0,0,raw/earnings22-test-epoch-5-no_aug.jsonl
earnings22,test,no_aug,pre_update,265,6,0.0170597270,0.0044974088,0.0104867872,0.0219028853,5,9e-05,0,0,0,raw/earnings22-test-epoch-5-no_aug.jsonl
earnings22,test,no_aug,pre_update,266,6,0.0209325685,0.0076750286,0.0105151646,0.0279371217,5,9e-05,0,0,0,raw/earnings22-test-epoch-5-no_aug.jsonl
earnings22,test,no_aug,pre_update,267,6,0.0209659228,0.0082762527,0.0104702571,0.0335804746,5,9e-05,0,0,0,raw/earnings22-test-epoch-5-no_aug.jsonl
earnings22,test,no_aug,pre_update,268,6,0.0155499295,0.0048302501,0.0106669813,0.0235863421,5,9e-05,0,0,0,raw/earnings22-test-epoch-5-no_aug.jsonl
earnings22,test,no_aug,pre_update,269,6,0.0188449396,0.0045714964,0.0139621431,0.0258632153,5,9e-05,0,0,0,raw/earnings22-test-epoch-5-no_aug.jsonl
earnings22,test,no_aug,pre_update,270,6,0.0165504470,0.0055591329,0.0122123575,0.0272891093,5,9e-05,0,0,0,raw/earnings22-test-epoch-5-no_aug.jsonl
earnings22,test,no_aug,pre_update,271,6,0.0197090091,0.0072382534,0.0131496564,0.0322094895,5,9e-05,0,0,0,raw/earnings22-test-epoch-5-no_aug.jsonl
earnings22,test,no_aug,pre_update,272,6,0.0177555087,0.0069962850,0.0095297815,0.0297618471,5,9e-05,0,0,0,raw/earnings22-test-epoch-5-no_aug.jsonl
earnings22,test,no_aug,pre_update,273,6,0.0162459759,0.0075463777,0.0104851751,0.0311328769,5,9e-05,0,0,0,raw/earnings22-test-epoch-5-no_aug.jsonl
earnings22,test,no_aug,pre_update,274,6,0.0178821492,0.0086045674,0.0099320337,0.0304195695,5,9e-05,0,0,0,raw/earnings22-test-epoch-5-no_aug.jsonl
earnings22,test,no_aug,pre_update,275,6,0.0178698345,0.0031957786,0.0152136721,0.0236343853,5,9e-05,0,0,0,raw/earnings22-test-epoch-5-no_aug.jsonl
earnings22,test,no_aug,pre_update,276,6,0.0178009827,0.0097720047,0.0089308154,0.0329175182,5,9e-05,0,0,0,raw/earnings22-test-epoch-5-no_aug.jsonl
earnings22,test,no_aug,pre_update,277,6,0.0185653136,0.0050533798,0.0119342562,0.0266794097,5,9e-05,0,0,0,raw/earnings22-test-epoch-5-no_aug.jsonl
earnings22,test,no_aug,pre_update,278,6,0.0175469291,0.0038378669,0.0127270501,0.0240974613,5,9e-05,0,0,0,raw/earnings22-test-epoch-5-no_aug.jsonl
earnings22,test,no_aug,pre_update,279,6,0.0162901389,0.0041399063,0.0110027883,0.0223370306,5,9e-05,0,0,0,raw/earnings22-test-epoch-5-no_aug.jsonl
earnings22,test,no_aug,pre_update,280,6,0.0163141793,0.0035566353,0.0108330566,0.0201994702,5,9e-05,0,0,0,raw/earnings22-test-epoch-5-no_aug.jsonl
earnings22,test,no_aug,pre_update,281,6,0.0174827860,0.0044840272,0.0122843776,0.0248741955,5,9e-05,0,0,0,raw/earnings22-test-epoch-5-no_aug.jsonl
earnings22,test,no_aug,pre_update,282,6,0.0189006493,0.0063184364,0.0115667339,0.0267775655,5,9e-05,0,0,0,raw/earnings22-test-epoch-5-no_aug.jsonl
earnings22,test,no_aug,pre_update,283,6,0.0161793094,0.0044636595,0.0104931947,0.0233793594,5,9e-05,0,0,0,raw/earnings22-test-epoch-5-no_aug.jsonl
earnings22,test,no_aug,pre_update,284,6,0.0205917306,0.0076696723,0.0087256934,0.0300363638,5,9e-05,0,0,0,raw/earnings22-test-epoch-5-no_aug.jsonl
earnings22,test,no_aug,pre_update,285,6,0.0178996446,0.0085397702,0.0100961169,0.0331629142,5,9e-05,0,0,0,raw/earnings22-test-epoch-5-no_aug.jsonl
earnings22,test,no_aug,pre_update,286,6,0.0175934237,0.0074071075,0.0098848604,0.0307298247,5,9e-05,0,0,0,raw/earnings22-test-epoch-5-no_aug.jsonl
earnings22,test,no_aug,pre_update,287,6,0.0178367312,0.0076897377,0.0111798756,0.0294787250,5,9e-05,0,0,0,raw/earnings22-test-epoch-5-no_aug.jsonl
earnings22,test,no_aug,pre_update,288,6,0.0154485083,0.0051823461,0.0105728917,0.0243736636,5,9e-05,0,0,0,raw/earnings22-test-epoch-5-no_aug.jsonl
earnings22,test,no_aug,pre_update,289,6,0.0156026448,0.0042338873,0.0087230001,0.0194454808,5,9e-05,0,0,0,raw/earnings22-test-epoch-5-no_aug.jsonl
earnings22,test,no_aug,pre_update,290,6,0.0156493589,0.0031653473,0.0122359302,0.0214979518,5,9e-05,0,0,0,raw/earnings22-test-epoch-5-no_aug.jsonl
earnings22,test,no_aug,pre_update,291,6,0.0207027175,0.0055676093,0.0159841776,0.0293036178,5,9e-05,0,0,0,raw/earnings22-test-epoch-5-no_aug.jsonl
earnings22,test,no_aug,pre_update,292,6,0.0184409353,0.0100129475,0.0081207827,0.0316208266,5,9e-05,0,0,0,raw/earnings22-test-epoch-5-no_aug.jsonl
earnings22,test,no_aug,pre_update,293,6,0.0187444125,0.0079653704,0.0117645953,0.0321998224,5,9e-05,0,0,0,raw/earnings22-test-epoch-5-no_aug.jsonl
earnings22,test,no_aug,pre_update,294,6,0.0160869501,0.0050246081,0.0088332221,0.0212879814,5,9e-05,0,0,0,raw/earnings22-test-epoch-5-no_aug.jsonl
earnings22,test,no_aug,pre_update,295,6,0.0212336257,0.0080702481,0.0124493288,0.0340015776,5,9e-05,0,0,0,raw/earnings22-test-epoch-5-no_aug.jsonl
earnings22,test,no_aug,pre_update,296,6,0.0185518449,0.0058404803,0.0132231610,0.0271863267,5,9e-05,0,0,0,raw/earnings22-test-epoch-5-no_aug.jsonl
earnings22,test,no_aug,pre_update,297,6,0.0154731542,0.0045656397,0.0103207193,0.0224395469,5,9e-05,0,0,0,raw/earnings22-test-epoch-5-no_aug.jsonl
earnings22,test,no_aug,pre_update,298,6,0.0160743080,0.0056423707,0.0084769456,0.0235324409,5,9e-05,0,0,0,raw/earnings22-test-epoch-5-no_aug.jsonl
earnings22,test,no_aug,pre_update,299,6,0.0179645739,0.0091103605,0.0081593972,0.0330345109,5,9e-05,0,0,0,raw/earnings22-test-epoch-5-no_aug.jsonl
earnings22,test,no_aug,pre_update,300,6,0.0186339947,0.0056784620,0.0119553553,0.0278450623,5,9e-05,0,0,0,raw/earnings22-test-epoch-5-no_aug.jsonl
earnings22,test,no_aug,pre_update,301,6,0.0178804301,0.0083694688,0.0113597270,0.0303764716,5,9e-05,0,0,0,raw/earnings22-test-epoch-5-no_aug.jsonl
earnings22,test,no_aug,pre_update,302,6,0.0167020390,0.0055103978,0.0120443767,0.0268412046,5,9e-05,0,0,0,raw/earnings22-test-epoch-5-no_aug.jsonl
earnings22,test,no_aug,pre_update,303,6,0.0171335082,0.0041869566,0.0115565835,0.0232492536,5,9e-05,0,0,0,raw/earnings22-test-epoch-5-no_aug.jsonl
earnings22,test,no_aug,pre_update,304,6,0.0164742937,0.0070909189,0.0102375420,0.0268685687,5,9e-05,0,0,0,raw/earnings22-test-epoch-5-no_aug.jsonl
earnings22,test,no_aug,pre_update,305,6,0.0173292526,0.0075583969,0.0084767491,0.0276661031,5,9e-05,0,0,0,raw/earnings22-test-epoch-5-no_aug.jsonl
earnings22,test,no_aug,pre_update,306,6,0.0191951495,0.0096516115,0.0076885642,0.0291634351,5,9e-05,0,0,0,raw/earnings22-test-epoch-5-no_aug.jsonl
earnings22,test,no_aug,pre_update,307,6,0.0163079755,0.0037839474,0.0114088058,0.0203601178,5,9e-05,0,0,0,raw/earnings22-test-epoch-5-no_aug.jsonl
earnings22,test,no_aug,pre_update,308,6,0.0182348825,0.0077885189,0.0115861148,0.0310604312,5,9e-05,0,0,0,raw/earnings22-test-epoch-5-no_aug.jsonl
earnings22,test,no_aug,pre_update,309,6,0.0193052540,0.0042728902,0.0147302002,0.0251507349,5,9e-05,0,0,0,raw/earnings22-test-epoch-5-no_aug.jsonl
earnings22,test,no_aug,pre_update,310,6,0.0150869074,0.0060368100,0.0079405000,0.0258399639,5,9e-05,0,0,0,raw/earnings22-test-epoch-5-no_aug.jsonl
earnings22,test,no_aug,pre_update,311,6,0.0149557122,0.0050361521,0.0104455575,0.0228039976,5,9e-05,0,0,0,raw/earnings22-test-epoch-5-no_aug.jsonl
earnings22,test,no_aug,pre_update,312,6,0.0193891556,0.0074179472,0.0120619200,0.0320426896,5,9e-05,0,0,0,raw/earnings22-test-epoch-5-no_aug.jsonl
earnings22,test,no_aug,pre_update,313,6,0.0198275566,0.0093136182,0.0112994323,0.0375384614,5,9e-05,0,0,0,raw/earnings22-test-epoch-5-no_aug.jsonl
earnings22,test,no_aug,pre_update,314,6,0.0162956246,0.0043886115,0.0118514039,0.0231950935,5,9e-05,0,0,0,raw/earnings22-test-epoch-5-no_aug.jsonl
earnings22,test,no_aug,pre_update,315,6,0.0165543244,0.0069116848,0.0087911952,0.0258732997,5,9e-05,0,0,0,raw/earnings22-test-epoch-5-no_aug.jsonl
earnings22,test,no_aug,pre_update,316,6,0.0189573783,0.0086604484,0.0079347463,0.0302857086,5,9e-05,0,0,0,raw/earnings22-test-epoch-5-no_aug.jsonl
earnings22,test,no_aug,pre_update,317,6,0.0199585995,0.0049271986,0.0129199959,0.0275742617,5,9e-05,0,0,0,raw/earnings22-test-epoch-5-no_aug.jsonl
earnings22,test,no_aug,pre_update,318,6,0.0138150967,0.0025983028,0.0101377098,0.0162504204,5,9e-05,0,0,0,raw/earnings22-test-epoch-5-no_aug.jsonl
earnings22,test,no_aug,pre_update,319,6,0.0205654536,0.0066769873,0.0142151788,0.0318081416,5,9e-05,0,0,0,raw/earnings22-test-epoch-5-no_aug.jsonl
earnings22,test,no_aug,pre_update,320,6,0.0177078444,0.0054483550,0.0118186604,0.0257454813,5,9e-05,0,0,0,raw/earnings22-test-epoch-5-no_aug.jsonl
earnings22,test,no_aug,pre_update,321,6,0.0165258073,0.0061888793,0.0103456434,0.0270737428,5,9e-05,0,0,0,raw/earnings22-test-epoch-5-no_aug.jsonl
earnings22,test,no_aug,pre_update,322,6,0.0168522450,0.0050538008,0.0116997333,0.0248965733,5,9e-05,0,0,0,raw/earnings22-test-epoch-5-no_aug.jsonl
earnings22,test,no_aug,pre_update,323,6,0.0182391149,0.0059405604,0.0094926208,0.0264091920,5,9e-05,0,0,0,raw/earnings22-test-epoch-5-no_aug.jsonl
earnings22,test,no_aug,pre_update,324,6,0.0176016111,0.0046136289,0.0130524188,0.0240134839,5,9e-05,0,0,0,raw/earnings22-test-epoch-5-no_aug.jsonl
earnings22,test,no_aug,pre_update,325,6,0.0192396984,0.0066372965,0.0096628610,0.0258326940,5,9e-05,0,0,0,raw/earnings22-test-epoch-5-no_aug.jsonl
earnings22,test,no_aug,pre_update,326,6,0.0153966866,0.0059514501,0.0084984479,0.0238122065,5,9e-05,0,0,0,raw/earnings22-test-epoch-5-no_aug.jsonl
earnings22,test,no_aug,pre_update,327,6,0.0196589939,0.0065601575,0.0110218348,0.0287927985,5,9e-05,0,0,0,raw/earnings22-test-epoch-5-no_aug.jsonl
earnings22,test,no_aug,pre_update,328,6,0.0157247564,0.0047568233,0.0114191622,0.0240053795,5,9e-05,0,0,0,raw/earnings22-test-epoch-5-no_aug.jsonl
earnings22,test,no_aug,pre_update,329,6,0.0194672838,0.0103021969,0.0113706067,0.0387285724,5,9e-05,0,0,0,raw/earnings22-test-epoch-5-no_aug.jsonl
earnings22,test,no_aug,pre_update,330,6,0.0151252605,0.0075878889,0.0082292436,0.0287691951,5,9e-05,0,0,0,raw/earnings22-test-epoch-5-no_aug.jsonl
earnings22,test,no_aug,pre_update,331,6,0.0162077439,0.0043576175,0.0101666432,0.0215602852,5,9e-05,0,0,0,raw/earnings22-test-epoch-5-no_aug.jsonl
earnings22,test,no_aug,pre_update,332,6,0.0186313648,0.0066974938,0.0100970315,0.0283824503,5,9e-05,0,0,0,raw/earnings22-test-epoch-5-no_aug.jsonl
earnings22,test,no_aug,pre_update,333,6,0.0156528917,0.0031388263,0.0115173021,0.0204323567,5,9e-05,0,0,0,raw/earnings22-test-epoch-5-no_aug.jsonl
earnings22,test,no_aug,pre_update,334,6,0.0190424992,0.0074659594,0.0111019723,0.0274377167,5,9e-05,0,0,0,raw/earnings22-test-epoch-5-no_aug.jsonl
earnings22,test,no_aug,pre_update,335,6,0.0166966314,0.0087512396,0.0069033499,0.0301782135,5,9e-05,0,0,0,raw/earnings22-test-epoch-5-no_aug.jsonl
earnings22,test,no_aug,pre_update,336,6,0.0169980881,0.0089301737,0.0081822732,0.0291263014,5,9e-05,0,0,0,raw/earnings22-test-epoch-5-no_aug.jsonl
earnings22,test,no_aug,pre_update,337,6,0.0158630128,0.0036810334,0.0127335526,0.0230423324,5,9e-05,0,0,0,raw/earnings22-test-epoch-5-no_aug.jsonl
earnings22,test,no_aug,pre_update,338,6,0.0142490591,0.0026667256,0.0093104187,0.0167123377,5,9e-05,0,0,0,raw/earnings22-test-epoch-5-no_aug.jsonl
earnings22,test,no_aug,pre_update,339,6,0.0168882899,0.0050004334,0.0108672082,0.0244687740,5,9e-05,0,0,0,raw/earnings22-test-epoch-5-no_aug.jsonl
earnings22,test,no_aug,pre_update,340,6,0.0186308369,0.0094340371,0.0104575530,0.0322528556,5,9e-05,0,0,0,raw/earnings22-test-epoch-5-no_aug.jsonl
earnings22,test,no_aug,pre_update,341,6,0.0170690885,0.0067800151,0.0087346528,0.0256245956,5,9e-05,0,0,0,raw/earnings22-test-epoch-5-no_aug.jsonl
earnings22,test,no_aug,pre_update,342,6,0.0153788698,0.0057996530,0.0090918140,0.0259909965,5,9e-05,0,0,0,raw/earnings22-test-epoch-5-no_aug.jsonl
earnings22,test,no_aug,pre_update,343,6,0.0145771469,0.0067221340,0.0071050092,0.0265698247,5,9e-05,0,0,0,raw/earnings22-test-epoch-5-no_aug.jsonl
earnings22,test,no_aug,pre_update,344,6,0.0155787681,0.0045950511,0.0096137300,0.0214509983,5,9e-05,0,0,0,raw/earnings22-test-epoch-5-no_aug.jsonl
earnings22,test,no_aug,pre_update,345,6,0.0204401842,0.0077333785,0.0128803337,0.0318886861,5,9e-05,0,0,0,raw/earnings22-test-epoch-5-no_aug.jsonl
earnings22,test,no_aug,pre_update,346,6,0.0148897598,0.0048779140,0.0096845292,0.0239740908,5,9e-05,0,0,0,raw/earnings22-test-epoch-5-no_aug.jsonl
earnings22,test,no_aug,pre_update,347,6,0.0164030446,0.0056377112,0.0092162611,0.0238760915,5,9e-05,0,0,0,raw/earnings22-test-epoch-5-no_aug.jsonl
earnings22,test,no_aug,pre_update,348,6,0.0143300307,0.0035084937,0.0101269130,0.0193106011,5,9e-05,0,0,0,raw/earnings22-test-epoch-5-no_aug.jsonl
earnings22,test,no_aug,pre_update,349,6,0.0176210807,0.0066665490,0.0078520468,0.0252151880,5,9e-05,0,0,0,raw/earnings22-test-epoch-5-no_aug.jsonl
earnings22,test,no_aug,pre_update,350,6,0.0159220068,0.0050768829,0.0109013142,0.0237990171,5,9e-05,0,0,0,raw/earnings22-test-epoch-5-no_aug.jsonl
earnings22,test,no_aug,pre_update,351,6,0.0162713849,0.0055195682,0.0090509299,0.0256429203,5,9e-05,0,0,0,raw/earnings22-test-epoch-5-no_aug.jsonl
earnings22,test,no_aug,pre_update,352,6,0.0132071412,0.0043904911,0.0079279207,0.0195435770,5,9e-05,0,0,0,raw/earnings22-test-epoch-5-no_aug.jsonl
earnings22,test,no_aug,pre_update,353,6,0.0184216863,0.0047228742,0.0118721910,0.0243590008,5,9e-05,0,0,0,raw/earnings22-test-epoch-5-no_aug.jsonl
earnings22,test,no_aug,pre_update,354,6,0.0133957692,0.0029799150,0.0095735146,0.0172991715,5,9e-05,0,0,0,raw/earnings22-test-epoch-5-no_aug.jsonl
earnings22,test,no_aug,pre_update,355,6,0.0173076244,0.0050771077,0.0096556731,0.0231324434,5,9e-05,0,0,0,raw/earnings22-test-epoch-5-no_aug.jsonl
earnings22,test,no_aug,pre_update,356,6,0.0169457214,0.0072834727,0.0120354062,0.0313720554,5,9e-05,0,0,0,raw/earnings22-test-epoch-5-no_aug.jsonl
earnings22,test,no_aug,pre_update,357,6,0.0169447938,0.0082106545,0.0079359645,0.0304696802,5,9e-05,0,0,0,raw/earnings22-test-epoch-5-no_aug.jsonl
earnings22,test,no_aug,pre_update,358,6,0.0169415322,0.0053309584,0.0093561681,0.0233812407,5,9e-05,0,0,0,raw/earnings22-test-epoch-5-no_aug.jsonl
earnings22,test,no_aug,pre_update,359,6,0.0147583238,0.0052008492,0.0090274625,0.0218612086,5,9e-05,0,0,0,raw/earnings22-test-epoch-5-no_aug.jsonl
earnings22,test,no_aug,pre_update,360,6,0.0135474429,0.0036579328,0.0102206450,0.0203442127,5,9e-05,0,0,0,raw/earnings22-test-epoch-5-no_aug.jsonl
earnings22,test,no_aug,pre_update,361,6,0.0147064673,0.0055472604,0.0097858049,0.0222464651,5,9e-05,0,0,0,raw/earnings22-test-epoch-5-no_aug.jsonl
earnings22,test,no_aug,pre_update,362,6,0.0139334352,0.0048097836,0.0060512978,0.0198109336,5,9e-05,0,0,0,raw/earnings22-test-epoch-5-no_aug.jsonl
earnings22,test,no_aug,pre_update,363,6,0.0145268672,0.0040364864,0.0087106442,0.0182937179,5,9e-05,0,0,0,raw/earnings22-test-epoch-5-no_aug.jsonl
earnings22,test,no_aug,pre_update,364,6,0.0170598178,0.0053016486,0.0130973198,0.0271838345,5,9e-05,0,0,0,raw/earnings22-test-epoch-5-no_aug.jsonl
earnings22,test,no_aug,pre_update,365,5,0.0178484887,0.0065001945,0.0124841314,0.0262976512,5,9e-05,0,0,0,raw/earnings22-test-epoch-5-no_aug.jsonl
earnings22,test,no_aug,pre_update,366,5,0.0156930517,0.0077742450,0.0078267772,0.0257614665,5,9e-05,0,0,0,raw/earnings22-test-epoch-5-no_aug.jsonl
earnings22,test,no_aug,pre_update,367,5,0.0170982093,0.0050017574,0.0122947637,0.0243016444,5,9e-05,0,0,0,raw/earnings22-test-epoch-5-no_aug.jsonl
earnings22,test,no_aug,pre_update,368,5,0.0164784228,0.0053500013,0.0112422211,0.0240307227,5,9e-05,0,0,0,raw/earnings22-test-epoch-5-no_aug.jsonl
earnings22,test,no_aug,pre_update,369,5,0.0187485823,0.0074579836,0.0110394750,0.0287588574,5,9e-05,0,0,0,raw/earnings22-test-epoch-5-no_aug.jsonl
earnings22,test,no_aug,pre_update,370,5,0.0190705204,0.0062795730,0.0109843649,0.0255794972,5,9e-05,0,0,0,raw/earnings22-test-epoch-5-no_aug.jsonl
earnings22,test,no_aug,pre_update,371,5,0.0164562091,0.0060906864,0.0095829936,0.0240628794,5,9e-05,0,0,0,raw/earnings22-test-epoch-5-no_aug.jsonl
earnings22,test,no_aug,pre_update,372,5,0.0142244687,0.0025291508,0.0111688096,0.0181237031,5,9e-05,0,0,0,raw/earnings22-test-epoch-5-no_aug.jsonl
earnings22,test,no_aug,pre_update,373,5,0.0156990884,0.0036206697,0.0119803417,0.0216394700,5,9e-05,0,0,0,raw/earnings22-test-epoch-5-no_aug.jsonl
earnings22,test,no_aug,pre_update,374,5,0.0145131309,0.0056077438,0.0093981177,0.0228336975,5,9e-05,0,0,0,raw/earnings22-test-epoch-5-no_aug.jsonl
earnings22,test,no_aug,pre_update,375,5,0.0165379331,0.0045514729,0.0108210742,0.0222298224,5,9e-05,0,0,0,raw/earnings22-test-epoch-5-no_aug.jsonl
earnings22,test,no_aug,pre_update,376,5,0.0156302262,0.0058016140,0.0093432833,0.0214453191,5,9e-05,0,0,0,raw/earnings22-test-epoch-5-no_aug.jsonl
earnings22,test,no_aug,pre_update,377,5,0.0170245156,0.0053245773,0.0118828360,0.0226850249,5,9e-05,0,0,0,raw/earnings22-test-epoch-5-no_aug.jsonl
earnings22,test,no_aug,pre_update,378,5,0.0185032407,0.0062688746,0.0109520163,0.0257966183,5,9e-05,0,0,0,raw/earnings22-test-epoch-5-no_aug.jsonl
earnings22,test,no_aug,pre_update,379,5,0.0161948407,0.0071162096,0.0100623341,0.0281921048,5,9e-05,0,0,0,raw/earnings22-test-epoch-5-no_aug.jsonl
earnings22,test,no_aug,pre_update,380,5,0.0178312041,0.0088499135,0.0120670628,0.0329375640,5,9e-05,0,0,0,raw/earnings22-test-epoch-5-no_aug.jsonl
earnings22,test,no_aug,pre_update,381,5,0.0173698440,0.0083287513,0.0099119712,0.0304613151,5,9e-05,0,0,0,raw/earnings22-test-epoch-5-no_aug.jsonl
earnings22,test,no_aug,pre_update,382,5,0.0196787197,0.0062973385,0.0122478511,0.0291705169,5,9e-05,0,0,0,raw/earnings22-test-epoch-5-no_aug.jsonl
earnings22,test,no_aug,pre_update,383,5,0.0181927389,0.0064497369,0.0112027256,0.0268958155,5,9e-05,0,0,0,raw/earnings22-test-epoch-5-no_aug.jsonl
earnings22,test,no_aug,pre_update,384,5,0.0192312824,0.0065928911,0.0110899741,0.0265715383,5,9e-05,0,0,0,raw/earnings22-test-epoch-5-no_aug.jsonl
earnings22,test,no_aug,pre_update,385,5,0.0172663676,0.0060355714,0.0093058245,0.0232300945,5,9e-05,0,0,0,raw/earnings22-test-epoch-5-no_aug.jsonl
earnings22,test,no_aug,pre_update,386,5,0.0223745830,0.0068929613,0.0144248102,0.0318241492,5,9e-05,0,0,0,raw/earnings22-test-epoch-5-no_aug.jsonl
earnings22,test,no_aug,pre_update,387,5,0.0200547408,0.0061184939,0.0123693962,0.0266994089,5,9e-05,0,0,0,raw/earnings22-test-epoch-5-no_aug.jsonl
earnings22,test,no_aug,pre_update,388,5,0.0165005635,0.0059898251,0.0098662181,0.0242659785,5,9e-05,0,0,0,raw/earnings22-test-epoch-5-no_aug.jsonl
earnings22,test,no_aug,pre_update,389,5,0.0190194352,0.0066295630,0.0096297925,0.0257510506,5,9e-05,0,0,0,raw/earnings22-test-epoch-5-no_aug.jsonl
earnings22,test,no_aug,pre_update,390,5,0.0213358745,0.0053540750,0.0123877432,0.0257111005,5,9e-05,0,0,0,raw/earnings22-test-epoch-5-no_aug.jsonl
earnings22,test,no_aug,pre_update,391,5,0.0186083004,0.0066425273,0.0114713404,0.0257357117,5,9e-05,0,0,0,raw/earnings22-test-epoch-5-no_aug.jsonl
earnings22,test,no_aug,pre_update,392,5,0.0174737873,0.0049418239,0.0135570485,0.0258744135,5,9e-05,0,0,0,raw/earnings22-test-epoch-5-no_aug.jsonl
earnings22,test,no_aug,pre_update,393,5,0.0200534888,0.0074164352,0.0111863017,0.0267805941,5,9e-05,0,0,0,raw/earnings22-test-epoch-5-no_aug.jsonl
earnings22,test,no_aug,pre_update,394,5,0.0180961959,0.0050251501,0.0125612319,0.0239298604,5,9e-05,0,0,0,raw/earnings22-test-epoch-5-no_aug.jsonl
earnings22,test,no_aug,pre_update,395,5,0.0173036844,0.0066948825,0.0088681970,0.0262587667,5,9e-05,0,0,0,raw/earnings22-test-epoch-5-no_aug.jsonl
earnings22,test,no_aug,pre_update,396,5,0.0158581667,0.0050442877,0.0096718334,0.0217026453,5,9e-05,0,0,0,raw/earnings22-test-epoch-5-no_aug.jsonl
earnings22,test,no_aug,pre_update,397,5,0.0149919119,0.0029953562,0.0117298644,0.0192502998,5,9e-05,0,0,0,raw/earnings22-test-epoch-5-no_aug.jsonl
earnings22,test,no_aug,pre_update,398,5,0.0127822321,0.0040253333,0.0101495143,0.0199184213,5,9e-05,0,0,0,raw/earnings22-test-epoch-5-no_aug.jsonl
earnings22,test,no_aug,pre_update,399,5,0.0156828197,0.0038844530,0.0109247100,0.0187368914,5,9e-05,0,0,0,raw/earnings22-test-epoch-5-no_aug.jsonl
earnings22,test,no_aug,pre_update,400,5,0.0157985067,0.0064034458,0.0097790398,0.0235510543,5,9e-05,0,0,0,raw/earnings22-test-epoch-5-no_aug.jsonl
earnings22,test,no_aug,pre_update,401,5,0.0171173155,0.0059171885,0.0104982983,0.0232518855,5,9e-05,0,0,0,raw/earnings22-test-epoch-5-no_aug.jsonl
earnings22,test,no_aug,pre_update,402,5,0.0162361819,0.0048424487,0.0105066635,0.0217127688,5,9e-05,0,0,0,raw/earnings22-test-epoch-5-no_aug.jsonl
earnings22,test,no_aug,pre_update,403,5,0.0160671465,0.0051549865,0.0105050560,0.0223678779,5,9e-05,0,0,0,raw/earnings22-test-epoch-5-no_aug.jsonl
earnings22,test,no_aug,pre_update,404,5,0.0162866211,0.0064981514,0.0083958488,0.0226517245,5,9e-05,0,0,0,raw/earnings22-test-epoch-5-no_aug.jsonl
earnings22,test,no_aug,pre_update,405,5,0.0151974127,0.0028793215,0.0115558784,0.0192716829,5,9e-05,0,0,0,raw/earnings22-test-epoch-5-no_aug.jsonl
earnings22,test,no_aug,pre_update,406,5,0.0182142684,0.0067809159,0.0110754445,0.0262878314,5,9e-05,0,0,0,raw/earnings22-test-epoch-5-no_aug.jsonl
earnings22,test,no_aug,pre_update,407,5,0.0173618201,0.0063622895,0.0131025724,0.0285883583,5,9e-05,0,0,0,raw/earnings22-test-epoch-5-no_aug.jsonl
earnings22,test,no_aug,pre_update,408,5,0.0164006401,0.0039713486,0.0101410039,0.0201688483,5,9e-05,0,0,0,raw/earnings22-test-epoch-5-no_aug.jsonl
earnings22,test,no_aug,pre_update,409,5,0.0168387005,0.0049928628,0.0111861648,0.0221530311,5,9e-05,0,0,0,raw/earnings22-test-epoch-5-no_aug.jsonl
earnings22,test,no_aug,pre_update,410,5,0.0186022993,0.0051493435,0.0107722115,0.0248125568,5,9e-05,0,0,0,raw/earnings22-test-epoch-5-no_aug.jsonl
earnings22,test,no_aug,pre_update,411,5,0.0148083948,0.0057968052,0.0093839001,0.0230525993,5,9e-05,0,0,0,raw/earnings22-test-epoch-5-no_aug.jsonl
earnings22,test,no_aug,pre_update,412,5,0.0151631974,0.0061039968,0.0090525830,0.0235422179,5,9e-05,0,0,0,raw/earnings22-test-epoch-5-no_aug.jsonl
earnings22,test,no_aug,pre_update,413,5,0.0145436989,0.0040390034,0.0119362185,0.0216108132,5,9e-05,0,0,0,raw/earnings22-test-epoch-5-no_aug.jsonl
earnings22,test,no_aug,pre_update,414,5,0.0147335125,0.0049039323,0.0093339887,0.0206138380,5,9e-05,0,0,0,raw/earnings22-test-epoch-5-no_aug.jsonl
earnings22,test,no_aug,pre_update,415,5,0.0205399178,0.0067465604,0.0089475140,0.0248770546,5,9e-05,0,0,0,raw/earnings22-test-epoch-5-no_aug.jsonl
earnings22,test,no_aug,pre_update,416,5,0.0162960337,0.0018415592,0.0136468662,0.0184938405,5,9e-05,0,0,0,raw/earnings22-test-epoch-5-no_aug.jsonl
earnings22,test,no_aug,pre_update,417,5,0.0158118663,0.0056019324,0.0105444696,0.0229323767,5,9e-05,0,0,0,raw/earnings22-test-epoch-5-no_aug.jsonl
earnings22,test,no_aug,pre_update,418,5,0.0143002899,0.0033262442,0.0113034574,0.0193407163,5,9e-05,0,0,0,raw/earnings22-test-epoch-5-no_aug.jsonl
earnings22,test,no_aug,pre_update,419,5,0.0146026092,0.0041435493,0.0095729018,0.0190142170,5,9e-05,0,0,0,raw/earnings22-test-epoch-5-no_aug.jsonl
earnings22,test,no_aug,pre_update,420,5,0.0157028368,0.0067463375,0.0086510312,0.0251461789,5,9e-05,0,0,0,raw/earnings22-test-epoch-5-no_aug.jsonl
earnings22,test,no_aug,pre_update,421,5,0.0162147686,0.0061224013,0.0086093098,0.0230285265,5,9e-05,0,0,0,raw/earnings22-test-epoch-5-no_aug.jsonl
earnings22,test,no_aug,pre_update,422,5,0.0163658783,0.0076210612,0.0108548440,0.0295051113,5,9e-05,0,0,0,raw/earnings22-test-epoch-5-no_aug.jsonl
earnings22,test,no_aug,pre_update,423,5,0.0126051225,0.0049071442,0.0086917374,0.0196740627,5,9e-05,0,0,0,raw/earnings22-test-epoch-5-no_aug.jsonl
earnings22,test,no_aug,pre_update,424,5,0.0157652620,0.0057815677,0.0085625658,0.0222512018,5,9e-05,0,0,0,raw/earnings22-test-epoch-5-no_aug.jsonl
earnings22,test,no_aug,pre_update,425,5,0.0141930880,0.0047851579,0.0079258634,0.0192890912,5,9e-05,0,0,0,raw/earnings22-test-epoch-5-no_aug.jsonl
earnings22,test,no_aug,pre_update,426,5,0.0148721997,0.0058444389,0.0079223942,0.0206750594,5,9e-05,0,0,0,raw/earnings22-test-epoch-5-no_aug.jsonl
earnings22,test,no_aug,pre_update,427,5,0.0156802882,0.0048603537,0.0088390838,0.0210033394,5,9e-05,0,0,0,raw/earnings22-test-epoch-5-no_aug.jsonl
earnings22,test,no_aug,pre_update,428,5,0.0143929513,0.0058588294,0.0084107593,0.0232577547,5,9e-05,0,0,0,raw/earnings22-test-epoch-5-no_aug.jsonl
earnings22,test,no_aug,pre_update,429,5,0.0145184472,0.0059609333,0.0084728943,0.0238064304,5,9e-05,0,0,0,raw/earnings22-test-epoch-5-no_aug.jsonl
earnings22,test,no_aug,pre_update,430,5,0.0147457575,0.0043064710,0.0095732221,0.0208360422,5,9e-05,0,0,0,raw/earnings22-test-epoch-5-no_aug.jsonl
earnings22,test,no_aug,pre_update,431,5,0.0133818038,0.0047588273,0.0082882997,0.0203591473,5,9e-05,0,0,0,raw/earnings22-test-epoch-5-no_aug.jsonl
earnings22,test,no_aug,pre_update,432,5,0.0183955885,0.0093009551,0.0082844812,0.0277777575,5,9e-05,0,0,0,raw/earnings22-test-epoch-5-no_aug.jsonl
earnings22,test,no_aug,pre_update,433,5,0.0174547613,0.0076647901,0.0099079888,0.0264093056,5,9e-05,0,0,0,raw/earnings22-test-epoch-5-no_aug.jsonl
earnings22,test,no_aug,pre_update,434,5,0.0167913757,0.0056042043,0.0118665677,0.0257123634,5,9e-05,0,0,0,raw/earnings22-test-epoch-5-no_aug.jsonl
earnings22,test,no_aug,pre_update,435,5,0.0161339160,0.0062028577,0.0100234803,0.0246224701,5,9e-05,0,0,0,raw/earnings22-test-epoch-5-no_aug.jsonl
earnings22,test,no_aug,pre_update,436,5,0.0136075987,0.0048415984,0.0079897568,0.0193314701,5,9e-05,0,0,0,raw/earnings22-test-epoch-5-no_aug.jsonl
earnings22,test,no_aug,pre_update,437,5,0.0155701289,0.0029987487,0.0107199643,0.0182415191,5,9e-05,0,0,0,raw/earnings22-test-epoch-5-no_aug.jsonl
earnings22,test,no_aug,pre_update,438,5,0.0109509770,0.0030052926,0.0083008772,0.0146978069,5,9e-05,0,0,0,raw/earnings22-test-epoch-5-no_aug.jsonl
earnings22,test,no_aug,pre_update,439,5,0.0160026759,0.0032457494,0.0120904716,0.0195417721,5,9e-05,0,0,0,raw/earnings22-test-epoch-5-no_aug.jsonl
earnings22,test,no_aug,pre_update,440,5,0.0145178376,0.0025396878,0.0109477779,0.0171957966,5,9e-05,0,0,0,raw/earnings22-test-epoch-5-no_aug.jsonl
earnings22,test,no_aug,pre_update,441,5,0.0145191628,0.0048485973,0.0099728135,0.0197244622,5,9e-05,0,0,0,raw/earnings22-test-epoch-5-no_aug.jsonl
earnings22,test,no_aug,pre_update,442,5,0.0159546796,0.0038219733,0.0129179349,0.0225086566,5,9e-05,0,0,0,raw/earnings22-test-epoch-5-no_aug.jsonl
earnings22,test,no_aug,pre_update,443,5,0.0128191952,0.0043730692,0.0088053998,0.0200956818,5,9e-05,0,0,0,raw/earnings22-test-epoch-5-no_aug.jsonl
earnings22,test,no_aug,pre_update,444,5,0.0123744814,0.0022281098,0.0099718347,0.0153424460,5,9e-05,0,0,0,raw/earnings22-test-epoch-5-no_aug.jsonl
earnings22,test,no_aug,pre_update,445,5,0.0151809186,0.0047318147,0.0111248456,0.0231030080,5,9e-05,0,0,0,raw/earnings22-test-epoch-5-no_aug.jsonl
earnings22,test,no_aug,pre_update,446,5,0.0159409873,0.0070339793,0.0103509510,0.0268965289,5,9e-05,0,0,0,raw/earnings22-test-epoch-5-no_aug.jsonl
earnings22,test,no_aug,pre_update,447,5,0.0160128364,0.0044647564,0.0115289763,0.0217992514,5,9e-05,0,0,0,raw/earnings22-test-epoch-5-no_aug.jsonl
earnings22,test,no_aug,pre_update,448,5,0.0162944810,0.0033130198,0.0109280506,0.0191296916,5,9e-05,0,0,0,raw/earnings22-test-epoch-5-no_aug.jsonl
earnings22,test,no_aug,pre_update,449,5,0.0147766203,0.0044822538,0.0082970988,0.0189308561,5,9e-05,0,0,0,raw/earnings22-test-epoch-5-no_aug.jsonl
earnings22,test,no_aug,pre_update,450,5,0.0179894393,0.0094670037,0.0090047978,0.0302736815,5,9e-05,0,0,0,raw/earnings22-test-epoch-5-no_aug.jsonl
earnings22,test,no_aug,pre_update,451,5,0.0140369873,0.0066224601,0.0087649096,0.0249256194,5,9e-05,0,0,0,raw/earnings22-test-epoch-5-no_aug.jsonl
earnings22,test,no_aug,pre_update,452,5,0.0137113336,0.0044783234,0.0084074931,0.0187028088,5,9e-05,0,0,0,raw/earnings22-test-epoch-5-no_aug.jsonl
earnings22,test,no_aug,pre_update,453,5,0.0128050780,0.0024986830,0.0092444271,0.0154225584,5,9e-05,0,0,0,raw/earnings22-test-epoch-5-no_aug.jsonl
earnings22,test,no_aug,pre_update,454,5,0.0170262981,0.0051316092,0.0124256760,0.0250519216,5,9e-05,0,0,0,raw/earnings22-test-epoch-5-no_aug.jsonl
earnings22,test,no_aug,pre_update,455,5,0.0153451972,0.0042234415,0.0101956595,0.0214954875,5,9e-05,0,0,0,raw/earnings22-test-epoch-5-no_aug.jsonl
earnings22,test,no_aug,pre_update,456,5,0.0135991950,0.0038865104,0.0084139109,0.0181702226,5,9e-05,0,0,0,raw/earnings22-test-epoch-5-no_aug.jsonl
earnings22,test,no_aug,pre_update,457,5,0.0168182598,0.0048579382,0.0119220298,0.0239362344,5,9e-05,0,0,0,raw/earnings22-test-epoch-5-no_aug.jsonl
earnings22,test,no_aug,pre_update,458,5,0.0142203875,0.0065469419,0.0074993446,0.0230419673,5,9e-05,0,0,0,raw/earnings22-test-epoch-5-no_aug.jsonl
earnings22,test,no_aug,pre_update,459,5,0.0152271949,0.0055914032,0.0095953252,0.0220978968,5,9e-05,0,0,0,raw/earnings22-test-epoch-5-no_aug.jsonl
earnings22,test,no_aug,pre_update,460,5,0.0140558179,0.0050561985,0.0095839314,0.0222672187,5,9e-05,0,0,0,raw/earnings22-test-epoch-5-no_aug.jsonl
earnings22,test,no_aug,pre_update,461,5,0.0167260809,0.0072841088,0.0100667207,0.0273916982,5,9e-05,0,0,0,raw/earnings22-test-epoch-5-no_aug.jsonl
earnings22,test,no_aug,pre_update,462,5,0.0147732275,0.0046287412,0.0099794958,0.0202406216,5,9e-05,0,0,0,raw/earnings22-test-epoch-5-no_aug.jsonl
earnings22,test,no_aug,pre_update,463,5,0.0130492106,0.0025896889,0.0096216602,0.0160527714,5,9e-05,0,0,0,raw/earnings22-test-epoch-5-no_aug.jsonl
earnings22,test,no_aug,pre_update,464,5,0.0162805846,0.0062053452,0.0110787572,0.0270269010,5,9e-05,0,0,0,raw/earnings22-test-epoch-5-no_aug.jsonl
earnings22,test,no_aug,pre_update,465,5,0.0158051020,0.0061138388,0.0086014979,0.0254906248,5,9e-05,0,0,0,raw/earnings22-test-epoch-5-no_aug.jsonl
earnings22,test,no_aug,pre_update,466,5,0.0161548542,0.0055324729,0.0094247069,0.0236969627,5,9e-05,0,0,0,raw/earnings22-test-epoch-5-no_aug.jsonl
earnings22,test,no_aug,pre_update,467,5,0.0173217805,0.0036106121,0.0123298476,0.0211860947,5,9e-05,0,0,0,raw/earnings22-test-epoch-5-no_aug.jsonl
earnings22,test,no_aug,pre_update,468,5,0.0153676482,0.0039865376,0.0112770721,0.0199298933,5,9e-05,0,0,0,raw/earnings22-test-epoch-5-no_aug.jsonl
earnings22,test,no_aug,pre_update,469,5,0.0144828141,0.0020727055,0.0112108327,0.0160599537,5,9e-05,0,0,0,raw/earnings22-test-epoch-5-no_aug.jsonl
earnings22,test,no_aug,pre_update,470,5,0.0146906938,0.0031610813,0.0115819760,0.0191692002,5,9e-05,0,0,0,raw/earnings22-test-epoch-5-no_aug.jsonl
earnings22,test,no_aug,pre_update,471,5,0.0160118796,0.0034917445,0.0116133299,0.0206014588,5,9e-05,0,0,0,raw/earnings22-test-epoch-5-no_aug.jsonl
earnings22,test,no_aug,pre_update,472,5,0.0152786152,0.0065519066,0.0110962521,0.0267577507,5,9e-05,0,0,0,raw/earnings22-test-epoch-5-no_aug.jsonl
earnings22,test,no_aug,pre_update,473,5,0.0117724469,0.0016084693,0.0103071667,0.0143937329,5,9e-05,0,0,0,raw/earnings22-test-epoch-5-no_aug.jsonl
earnings22,test,no_aug,pre_update,474,5,0.0153338220,0.0024907893,0.0112979263,0.0173501931,5,9e-05,0,0,0,raw/earnings22-test-epoch-5-no_aug.jsonl
earnings22,test,no_aug,pre_update,475,5,0.0133450100,0.0047862890,0.0093976092,0.0212000012,5,9e-05,0,0,0,raw/earnings22-test-epoch-5-no_aug.jsonl
earnings22,test,no_aug,pre_update,476,5,0.0143970486,0.0058449655,0.0097443070,0.0225701239,5,9e-05,0,0,0,raw/earnings22-test-epoch-5-no_aug.jsonl
earnings22,test,no_aug,pre_update,477,5,0.0165078083,0.0050663280,0.0116665987,0.0220727753,5,9e-05,0,0,0,raw/earnings22-test-epoch-5-no_aug.jsonl
earnings22,test,no_aug,pre_update,478,5,0.0149990844,0.0050775127,0.0108693969,0.0228174515,5,9e-05,0,0,0,raw/earnings22-test-epoch-5-no_aug.jsonl
earnings22,test,no_aug,pre_update,479,5,0.0165136667,0.0060328521,0.0096363788,0.0239696614,5,9e-05,0,0,0,raw/earnings22-test-epoch-5-no_aug.jsonl
earnings22,test,no_aug,pre_update,480,5,0.0132934934,0.0034849625,0.0082467059,0.0170889609,5,9e-05,0,0,0,raw/earnings22-test-epoch-5-no_aug.jsonl
earnings22,test,no_aug,pre_update,481,5,0.0187084962,0.0054600238,0.0134450840,0.0264817327,5,9e-05,0,0,0,raw/earnings22-test-epoch-5-no_aug.jsonl
earnings22,test,no_aug,pre_update,482,5,0.0133698309,0.0049313489,0.0068033151,0.0206135828,5,9e-05,0,0,0,raw/earnings22-test-epoch-5-no_aug.jsonl
earnings22,test,no_aug,pre_update,483,5,0.0166626818,0.0040805643,0.0109608285,0.0204125866,5,9e-05,0,0,0,raw/earnings22-test-epoch-5-no_aug.jsonl
earnings22,test,no_aug,pre_update,484,5,0.0150822558,0.0035401762,0.0119429361,0.0206257030,5,9e-05,0,0,0,raw/earnings22-test-epoch-5-no_aug.jsonl
earnings22,test,no_aug,pre_update,485,5,0.0129151545,0.0033237443,0.0093816575,0.0182240754,5,9e-05,0,0,0,raw/earnings22-test-epoch-5-no_aug.jsonl
earnings22,test,no_aug,pre_update,486,5,0.0138052857,0.0019150343,0.0112515651,0.0153996591,5,9e-05,0,0,0,raw/earnings22-test-epoch-5-no_aug.jsonl
earnings22,test,no_aug,pre_update,487,5,0.0155456930,0.0053316487,0.0096468143,0.0236894377,5,9e-05,0,0,0,raw/earnings22-test-epoch-5-no_aug.jsonl
earnings22,test,no_aug,pre_update,488,5,0.0146047255,0.0030053803,0.0099006463,0.0170632266,5,9e-05,0,0,0,raw/earnings22-test-epoch-5-no_aug.jsonl
earnings22,test,no_aug,pre_update,489,5,0.0152378451,0.0046458295,0.0101685626,0.0220504068,5,9e-05,0,0,0,raw/earnings22-test-epoch-5-no_aug.jsonl
earnings22,test,no_aug,pre_update,490,5,0.0169833522,0.0059086392,0.0101983137,0.0225794278,5,9e-05,0,0,0,raw/earnings22-test-epoch-5-no_aug.jsonl
earnings22,test,no_aug,pre_update,491,5,0.0146161322,0.0055445347,0.0090348320,0.0205697827,5,9e-05,0,0,0,raw/earnings22-test-epoch-5-no_aug.jsonl
earnings22,test,no_aug,pre_update,492,5,0.0137235345,0.0025376206,0.0103916721,0.0169663280,5,9e-05,0,0,0,raw/earnings22-test-epoch-5-no_aug.jsonl
earnings22,test,no_aug,pre_update,493,5,0.0185951663,0.0063908222,0.0128172264,0.0263779722,5,9e-05,0,0,0,raw/earnings22-test-epoch-5-no_aug.jsonl
earnings22,test,no_aug,pre_update,494,5,0.0172976747,0.0018120994,0.0158302039,0.0200897604,5,9e-05,0,0,0,raw/earnings22-test-epoch-5-no_aug.jsonl
earnings22,test,no_aug,pre_update,495,5,0.0162359741,0.0064304848,0.0095187090,0.0238056835,5,9e-05,0,0,0,raw/earnings22-test-epoch-5-no_aug.jsonl
earnings22,test,no_aug,pre_update,496,5,0.0146988602,0.0059021351,0.0083637452,0.0237871632,5,9e-05,0,0,0,raw/earnings22-test-epoch-5-no_aug.jsonl
earnings22,test,no_aug,pre_update,497,5,0.0160679175,0.0047289300,0.0103525156,0.0211386029,5,9e-05,0,0,0,raw/earnings22-test-epoch-5-no_aug.jsonl
earnings22,test,no_aug,pre_update,498,5,0.0187246442,0.0078138773,0.0095076710,0.0295867864,5,9e-05,0,0,0,raw/earnings22-test-epoch-5-no_aug.jsonl
earnings22,test,no_aug,pre_update,499,5,0.0159732042,0.0056785937,0.0097725345,0.0240786783,5,9e-05,0,0,0,raw/earnings22-test-epoch-5-no_aug.jsonl
earnings22,test,no_aug,pre_update,500,5,0.0146379473,0.0050561395,0.0098373406,0.0210610814,5,9e-05,0,0,0,raw/earnings22-test-epoch-5-no_aug.jsonl
earnings22,test,no_aug,pre_update,501,5,0.0166218687,0.0055377824,0.0115086120,0.0231864564,5,9e-05,0,0,0,raw/earnings22-test-epoch-5-no_aug.jsonl
earnings22,test,no_aug,pre_update,502,5,0.0183638075,0.0083322738,0.0103084501,0.0310687236,5,9e-05,0,0,0,raw/earnings22-test-epoch-5-no_aug.jsonl
earnings22,test,no_aug,pre_update,503,5,0.0116203716,0.0025399754,0.0072684968,0.0138694178,5,9e-05,0,0,0,raw/earnings22-test-epoch-5-no_aug.jsonl
earnings22,test,no_aug,pre_update,504,5,0.0158508658,0.0044262757,0.0088687092,0.0201215334,5,9e-05,0,0,0,raw/earnings22-test-epoch-5-no_aug.jsonl
earnings22,test,no_aug,pre_update,505,5,0.0162883788,0.0061233367,0.0103509035,0.0263409317,5,9e-05,0,0,0,raw/earnings22-test-epoch-5-no_aug.jsonl
earnings22,test,no_aug,pre_update,506,5,0.0166950686,0.0070045195,0.0084488848,0.0273419023,5,9e-05,0,0,0,raw/earnings22-test-epoch-5-no_aug.jsonl
earnings22,test,no_aug,pre_update,507,5,0.0177520951,0.0063001278,0.0100302668,0.0251934342,5,9e-05,0,0,0,raw/earnings22-test-epoch-5-no_aug.jsonl
earnings22,test,no_aug,pre_update,508,5,0.0146531787,0.0048565288,0.0103054624,0.0203807727,5,9e-05,0,0,0,raw/earnings22-test-epoch-5-no_aug.jsonl
earnings22,test,no_aug,pre_update,509,5,0.0170103570,0.0055966956,0.0104771098,0.0238422677,5,9e-05,0,0,0,raw/earnings22-test-epoch-5-no_aug.jsonl
earnings22,test,no_aug,pre_update,510,5,0.0132871661,0.0023870598,0.0102898423,0.0166612603,5,9e-05,0,0,0,raw/earnings22-test-epoch-5-no_aug.jsonl
earnings22,test,no_aug,pre_update,511,5,0.0144714626,0.0038522674,0.0112604126,0.0206939802,5,9e-05,0,0,0,raw/earnings22-test-epoch-5-no_aug.jsonl
earnings22,test,no_aug,pre_update,512,5,0.0168035651,0.0073701809,0.0092391875,0.0261463691,5,9e-05,0,0,0,raw/earnings22-test-epoch-5-no_aug.jsonl
earnings22,test,no_aug,pre_update,513,5,0.0146109812,0.0022920871,0.0115136933,0.0170459561,5,9e-05,0,0,0,raw/earnings22-test-epoch-5-no_aug.jsonl
earnings22,test,no_aug,pre_update,514,5,0.0145546885,0.0062538692,0.0089425026,0.0240435954,5,9e-05,0,0,0,raw/earnings22-test-epoch-5-no_aug.jsonl
earnings22,test,no_aug,pre_update,515,5,0.0127756681,0.0039214569,0.0094126910,0.0181227475,5,9e-05,0,0,0,raw/earnings22-test-epoch-5-no_aug.jsonl
earnings22,test,no_aug,pre_update,516,5,0.0123142749,0.0034410292,0.0089743827,0.0166927725,5,9e-05,0,0,0,raw/earnings22-test-epoch-5-no_aug.jsonl
earnings22,test,no_aug,pre_update,517,5,0.0130762355,0.0036075390,0.0089336084,0.0175038688,5,9e-05,0,0,0,raw/earnings22-test-epoch-5-no_aug.jsonl
earnings22,test,no_aug,pre_update,518,5,0.0132840687,0.0036636427,0.0092407661,0.0182635728,5,9e-05,0,0,0,raw/earnings22-test-epoch-5-no_aug.jsonl
earnings22,test,no_aug,pre_update,519,5,0.0132834276,0.0047892933,0.0099309850,0.0216469839,5,9e-05,0,0,0,raw/earnings22-test-epoch-5-no_aug.jsonl
earnings22,test,no_aug,pre_update,520,5,0.0153256573,0.0042492563,0.0097784940,0.0197742581,5,9e-05,0,0,0,raw/earnings22-test-epoch-5-no_aug.jsonl
earnings22,test,no_aug,pre_update,521,5,0.0139676638,0.0029095972,0.0108213108,0.0180455055,5,9e-05,0,0,0,raw/earnings22-test-epoch-5-no_aug.jsonl
earnings22,test,no_aug,pre_update,522,5,0.0131672220,0.0064902417,0.0065198131,0.0226352848,5,9e-05,0,0,0,raw/earnings22-test-epoch-5-no_aug.jsonl
earnings22,test,no_aug,pre_update,523,5,0.0127594963,0.0045099032,0.0073726745,0.0176550038,5,9e-05,0,0,0,raw/earnings22-test-epoch-5-no_aug.jsonl
earnings22,test,no_aug,pre_update,524,5,0.0126149796,0.0041878667,0.0073809922,0.0182782263,5,9e-05,0,0,0,raw/earnings22-test-epoch-5-no_aug.jsonl
earnings22,test,no_aug,pre_update,525,5,0.0144698739,0.0063121418,0.0079259370,0.0229649264,5,9e-05,0,0,0,raw/earnings22-test-epoch-5-no_aug.jsonl
earnings22,test,no_aug,pre_update,526,5,0.0143512882,0.0045190205,0.0083217323,0.0186723694,5,9e-05,0,0,0,raw/earnings22-test-epoch-5-no_aug.jsonl
earnings22,test,no_aug,pre_update,527,5,0.0134870028,0.0039045675,0.0102922600,0.0191707071,5,9e-05,0,0,0,raw/earnings22-test-epoch-5-no_aug.jsonl
earnings22,test,no_aug,pre_update,528,5,0.0139136124,0.0063072161,0.0081953481,0.0221976340,5,9e-05,0,0,0,raw/earnings22-test-epoch-5-no_aug.jsonl
earnings22,test,no_aug,pre_update,529,5,0.0115740357,0.0014508392,0.0097363079,0.0128775928,5,9e-05,0,0,0,raw/earnings22-test-epoch-5-no_aug.jsonl
earnings22,test,no_aug,pre_update,530,5,0.0133485314,0.0055145476,0.0085024089,0.0228731930,5,9e-05,0,0,0,raw/earnings22-test-epoch-5-no_aug.jsonl
earnings22,test,no_aug,pre_update,531,5,0.0111795023,0.0020331508,0.0080762934,0.0130536761,5,9e-05,0,0,0,raw/earnings22-test-epoch-5-no_aug.jsonl
earnings22,test,no_aug,pre_update,532,5,0.0161809100,0.0049134416,0.0114820283,0.0245166998,5,9e-05,0,0,0,raw/earnings22-test-epoch-5-no_aug.jsonl
earnings22,test,no_aug,pre_update,533,5,0.0146565214,0.0072960526,0.0095034018,0.0260964204,5,9e-05,0,0,0,raw/earnings22-test-epoch-5-no_aug.jsonl
earnings22,test,no_aug,pre_update,534,5,0.0144511594,0.0046055570,0.0097285034,0.0208254196,5,9e-05,0,0,0,raw/earnings22-test-epoch-5-no_aug.jsonl
earnings22,test,no_aug,pre_update,535,5,0.0141701628,0.0057126952,0.0087723136,0.0219095498,5,9e-05,0,0,0,raw/earnings22-test-epoch-5-no_aug.jsonl
earnings22,test,no_aug,pre_update,536,5,0.0136406064,0.0056312758,0.0080783702,0.0225150175,5,9e-05,0,0,0,raw/earnings22-test-epoch-5-no_aug.jsonl
earnings22,test,no_aug,pre_update,537,5,0.0162155451,0.0045796033,0.0119815897,0.0231586769,5,9e-05,0,0,0,raw/earnings22-test-epoch-5-no_aug.jsonl
earnings22,test,no_aug,pre_update,538,5,0.0148722759,0.0052024238,0.0092628235,0.0226426125,5,9e-05,0,0,0,raw/earnings22-test-epoch-5-no_aug.jsonl
earnings22,test,no_aug,pre_update,539,5,0.0138675772,0.0053973821,0.0086437389,0.0221583713,5,9e-05,0,0,0,raw/earnings22-test-epoch-5-no_aug.jsonl
earnings22,test,no_aug,pre_update,540,5,0.0144879797,0.0035442836,0.0107926885,0.0199975409,5,9e-05,0,0,0,raw/earnings22-test-epoch-5-no_aug.jsonl
earnings22,test,no_aug,pre_update,541,5,0.0113663714,0.0017745584,0.0091874506,0.0141221508,5,9e-05,0,0,0,raw/earnings22-test-epoch-5-no_aug.jsonl
earnings22,test,no_aug,pre_update,542,5,0.0135907630,0.0055035963,0.0101023447,0.0233450793,5,9e-05,0,0,0,raw/earnings22-test-epoch-5-no_aug.jsonl
earnings22,test,no_aug,pre_update,543,5,0.0130191484,0.0024546368,0.0105065480,0.0165554956,5,9e-05,0,0,0,raw/earnings22-test-epoch-5-no_aug.jsonl
earnings22,test,no_aug,pre_update,544,5,0.0176544409,0.0044271670,0.0138773452,0.0248258710,5,9e-05,0,0,0,raw/earnings22-test-epoch-5-no_aug.jsonl
earnings22,test,no_aug,pre_update,545,5,0.0118926284,0.0052804897,0.0076392456,0.0209895037,5,9e-05,0,0,0,raw/earnings22-test-epoch-5-no_aug.jsonl
earnings22,test,no_aug,pre_update,546,5,0.0116220532,0.0039688488,0.0083348677,0.0181554239,5,9e-05,0,0,0,raw/earnings22-test-epoch-5-no_aug.jsonl
earnings22,test,no_aug,pre_update,547,5,0.0127165619,0.0038724110,0.0090289656,0.0190774910,5,9e-05,0,0,0,raw/earnings22-test-epoch-5-no_aug.jsonl
earnings22,test,no_aug,pre_update,548,5,0.0135631677,0.0032317668,0.0095784478,0.0180648193,5,9e-05,0,0,0,raw/earnings22-test-epoch-5-no_aug.jsonl
earnings22,test,no_aug,pre_update,549,5,0.0119441701,0.0027844785,0.0085717961,0.0150506496,5,9e-05,0,0,0,raw/earnings22-test-epoch-5-no_aug.jsonl
earnings22,test,no_aug,pre_update,550,5,0.0131909393,0.0036179507,0.0090478566,0.0180747770,5,9e-05,0,0,0,raw/earnings22-test-epoch-5-no_aug.jsonl
earnings22,test,no_aug,pre_update,551,5,0.0143127436,0.0038453843,0.0099790506,0.0193413049,5,9e-05,0,0,0,raw/earnings22-test-epoch-5-no_aug.jsonl
earnings22,test,no_aug,pre_update,552,5,0.0136705512,0.0039463691,0.0079134796,0.0183479674,5,9e-05,0,0,0,raw/earnings22-test-epoch-5-no_aug.jsonl
earnings22,test,no_aug,pre_update,553,5,0.0138500111,0.0024388934,0.0105344225,0.0173603557,5,9e-05,0,0,0,raw/earnings22-test-epoch-5-no_aug.jsonl
earnings22,test,no_aug,pre_update,554,5,0.0144596403,0.0037875259,0.0104195252,0.0186251029,5,9e-05,0,0,0,raw/earnings22-test-epoch-5-no_aug.jsonl
earnings22,test,no_aug,pre_update,555,5,0.0136280507,0.0032413288,0.0084202401,0.0164667964,5,9e-05,0,0,0,raw/earnings22-test-epoch-5-no_aug.jsonl
earnings22,test,no_aug,pre_update,556,5,0.0136936810,0.0028298217,0.0107772071,0.0167104714,5,9e-05,0,0,0,raw/earnings22-test-epoch-5-no_aug.jsonl
earnings22,test,no_aug,pre_update,557,5,0.0140691284,0.0059033547,0.0092600603,0.0239004418,5,9e-05,0,0,0,raw/earnings22-test-epoch-5-no_aug.jsonl
earnings22,test,no_aug,pre_update,558,5,0.0143420490,0.0056146392,0.0072528324,0.0208915323,5,9e-05,0,0,0,raw/earnings22-test-epoch-5-no_aug.jsonl
earnings22,test,no_aug,pre_update,559,5,0.0158605859,0.0025409986,0.0132510057,0.0196384285,5,9e-05,0,0,0,raw/earnings22-test-epoch-5-no_aug.jsonl
earnings22,test,no_aug,pre_update,560,5,0.0108320121,0.0019219761,0.0089279441,0.0139423609,5,9e-05,0,0,0,raw/earnings22-test-epoch-5-no_aug.jsonl
earnings22,test,no_aug,pre_update,561,5,0.0126043927,0.0072059132,0.0072163129,0.0248570554,5,9e-05,0,0,0,raw/earnings22-test-epoch-5-no_aug.jsonl
earnings22,test,no_aug,pre_update,562,5,0.0136194352,0.0041082289,0.0088577680,0.0181879811,5,9e-05,0,0,0,raw/earnings22-test-epoch-5-no_aug.jsonl
earnings22,test,no_aug,pre_update,563,5,0.0123192869,0.0043604097,0.0077449102,0.0172435585,5,9e-05,0,0,0,raw/earnings22-test-epoch-5-no_aug.jsonl
earnings22,test,no_aug,pre_update,564,5,0.0133043302,0.0051689324,0.0086544938,0.0210669674,5,9e-05,0,0,0,raw/earnings22-test-epoch-5-no_aug.jsonl
earnings22,test,no_aug,pre_update,565,5,0.0126525261,0.0030846440,0.0092830211,0.0161316674,5,9e-05,0,0,0,raw/earnings22-test-epoch-5-no_aug.jsonl
earnings22,test,no_aug,pre_update,566,5,0.0161336716,0.0057152143,0.0111514144,0.0252949633,5,9e-05,0,0,0,raw/earnings22-test-epoch-5-no_aug.jsonl
earnings22,test,no_aug,pre_update,567,5,0.0136591297,0.0046317306,0.0095630493,0.0211658329,5,9e-05,0,0,0,raw/earnings22-test-epoch-5-no_aug.jsonl
earnings22,test,no_aug,pre_update,568,5,0.0137631953,0.0042941751,0.0089666955,0.0192047581,5,9e-05,0,0,0,raw/earnings22-test-epoch-5-no_aug.jsonl
earnings22,test,no_aug,pre_update,569,5,0.0120602440,0.0038092300,0.0093386360,0.0187214166,5,9e-05,0,0,0,raw/earnings22-test-epoch-5-no_aug.jsonl
earnings22,test,no_aug,pre_update,570,5,0.0121241674,0.0027008593,0.0091769025,0.0163920764,5,9e-05,0,0,0,raw/earnings22-test-epoch-5-no_aug.jsonl
earnings22,test,no_aug,pre_update,571,5,0.0136995614,0.0041069862,0.0089480877,0.0195601117,5,9e-05,0,0,0,raw/earnings22-test-epoch-5-no_aug.jsonl
earnings22,test,no_aug,pre_update,572,5,0.0145516114,0.0050871665,0.0115513224,0.0235193223,5,9e-05,0,0,0,raw/earnings22-test-epoch-5-no_aug.jsonl
earnings22,test,no_aug,pre_update,573,5,0.0139142703,0.0046337608,0.0082392879,0.0199235398,5,9e-05,0,0,0,raw/earnings22-test-epoch-5-no_aug.jsonl
earnings22,test,no_aug,pre_update,574,5,0.0144486805,0.0039621267,0.0079273302,0.0179799814,5,9e-05,0,0,0,raw/earnings22-test-epoch-5-no_aug.jsonl
earnings22,test,no_aug,pre_update,575,5,0.0165732989,0.0072743324,0.0104707088,0.0285923723,5,9e-05,0,0,0,raw/earnings22-test-epoch-5-no_aug.jsonl
earnings22,test,no_aug,pre_update,576,5,0.0134815761,0.0049332666,0.0071185329,0.0187314972,5,9e-05,0,0,0,raw/earnings22-test-epoch-5-no_aug.jsonl
earnings22,test,no_aug,pre_update,577,5,0.0130949726,0.0024392880,0.0107892137,0.0168308392,5,9e-05,0,0,0,raw/earnings22-test-epoch-5-no_aug.jsonl
earnings22,test,no_aug,pre_update,578,5,0.0123989055,0.0035009973,0.0095005920,0.0167281441,5,9e-05,0,0,0,raw/earnings22-test-epoch-5-no_aug.jsonl
earnings22,test,no_aug,pre_update,579,5,0.0153707810,0.0044728414,0.0098696202,0.0203614123,5,9e-05,0,0,0,raw/earnings22-test-epoch-5-no_aug.jsonl
earnings22,test,no_aug,pre_update,580,5,0.0117014333,0.0038804826,0.0073002125,0.0170354769,5,9e-05,0,0,0,raw/earnings22-test-epoch-5-no_aug.jsonl
earnings22,test,no_aug,pre_update,581,5,0.0137271890,0.0059674583,0.0093340408,0.0237939917,5,9e-05,0,0,0,raw/earnings22-test-epoch-5-no_aug.jsonl
earnings22,test,no_aug,pre_update,582,5,0.0140258746,0.0026262541,0.0119409440,0.0186089650,5,9e-05,0,0,0,raw/earnings22-test-epoch-5-no_aug.jsonl
earnings22,test,no_aug,pre_update,583,5,0.0152162530,0.0057440066,0.0091354968,0.0224780925,5,9e-05,0,0,0,raw/earnings22-test-epoch-5-no_aug.jsonl
earnings22,test,no_aug,pre_update,584,5,0.0134840379,0.0033658711,0.0081633534,0.0168207772,5,9e-05,0,0,0,raw/earnings22-test-epoch-5-no_aug.jsonl
earnings22,test,no_aug,pre_update,585,5,0.0144840606,0.0039503367,0.0103103584,0.0203739665,5,9e-05,0,0,0,raw/earnings22-test-epoch-5-no_aug.jsonl
earnings22,test,no_aug,pre_update,586,5,0.0145921858,0.0030470151,0.0098810215,0.0173742566,5,9e-05,0,0,0,raw/earnings22-test-epoch-5-no_aug.jsonl
earnings22,test,no_aug,pre_update,587,5,0.0120571083,0.0052758141,0.0070026969,0.0206753947,5,9e-05,0,0,0,raw/earnings22-test-epoch-5-no_aug.jsonl
earnings22,test,no_aug,pre_update,588,5,0.0115391897,0.0035078600,0.0081444867,0.0163308121,5,9e-05,0,0,0,raw/earnings22-test-epoch-5-no_aug.jsonl
earnings22,test,no_aug,pre_update,589,5,0.0153453641,0.0040932231,0.0106376531,0.0200450160,5,9e-05,0,0,0,raw/earnings22-test-epoch-5-no_aug.jsonl
earnings22,test,no_aug,pre_update,590,5,0.0130289269,0.0040337755,0.0074129780,0.0185789205,5,9e-05,0,0,0,raw/earnings22-test-epoch-5-no_aug.jsonl
earnings22,test,no_aug,pre_update,591,5,0.0147764737,0.0065371734,0.0089462260,0.0239204094,5,9e-05,0,0,0,raw/earnings22-test-epoch-5-no_aug.jsonl
earnings22,test,no_aug,pre_update,592,5,0.0129928747,0.0035561283,0.0083032753,0.0174298696,5,9e-05,0,0,0,raw/earnings22-test-epoch-5-no_aug.jsonl
earnings22,test,no_aug,pre_update,593,5,0.0111182045,0.0030202899,0.0091619687,0.0163902938,5,9e-05,0,0,0,raw/earnings22-test-epoch-5-no_aug.jsonl
earnings22,test,no_aug,pre_update,594,5,0.0137365783,0.0040924615,0.0109020565,0.0208684374,5,9e-05,0,0,0,raw/earnings22-test-epoch-5-no_aug.jsonl
earnings22,test,no_aug,pre_update,595,5,0.0143396609,0.0026274713,0.0114145046,0.0172093324,5,9e-05,0,0,0,raw/earnings22-test-epoch-5-no_aug.jsonl
earnings22,test,no_aug,pre_update,596,5,0.0148072610,0.0064817327,0.0064018518,0.0237156060,5,9e-05,0,0,0,raw/earnings22-test-epoch-5-no_aug.jsonl
earnings22,test,no_aug,pre_update,597,5,0.0115728179,0.0019536007,0.0097636785,0.0148326587,5,9e-05,0,0,0,raw/earnings22-test-epoch-5-no_aug.jsonl
earnings22,test,no_aug,pre_update,598,5,0.0151651394,0.0037806957,0.0115081035,0.0201326068,5,9e-05,0,0,0,raw/earnings22-test-epoch-5-no_aug.jsonl
earnings22,test,no_aug,pre_update,599,5,0.0142608773,0.0046893111,0.0103401467,0.0216920823,5,9e-05,0,0,0,raw/earnings22-test-epoch-5-no_aug.jsonl
earnings22,test,no_aug,pre_update,600,5,0.0113629393,0.0024429528,0.0088527147,0.0152532086,5,9e-05,0,0,0,raw/earnings22-test-epoch-5-no_aug.jsonl
earnings22,test,no_aug,pre_update,601,5,0.0129381411,0.0046885378,0.0085337255,0.0183443781,5,9e-05,0,0,0,raw/earnings22-test-epoch-5-no_aug.jsonl
earnings22,test,no_aug,pre_update,602,5,0.0156167932,0.0048927510,0.0099005774,0.0204199832,5,9e-05,0,0,0,raw/earnings22-test-epoch-5-no_aug.jsonl
earnings22,test,no_aug,pre_update,603,5,0.0154615732,0.0031096127,0.0117028346,0.0196414385,5,9e-05,0,0,0,raw/earnings22-test-epoch-5-no_aug.jsonl
earnings22,test,no_aug,pre_update,604,5,0.0108464504,0.0025765278,0.0075027030,0.0145817315,5,9e-05,0,0,0,raw/earnings22-test-epoch-5-no_aug.jsonl
earnings22,test,no_aug,pre_update,605,5,0.0141296891,0.0041576053,0.0109028313,0.0208149459,5,9e-05,0,0,0,raw/earnings22-test-epoch-5-no_aug.jsonl
earnings22,test,no_aug,pre_update,606,5,0.0162743011,0.0056214027,0.0092849508,0.0213852376,5,9e-05,0,0,0,raw/earnings22-test-epoch-5-no_aug.jsonl
earnings22,test,no_aug,pre_update,607,5,0.0124578027,0.0043378299,0.0084368195,0.0174549650,5,9e-05,0,0,0,raw/earnings22-test-epoch-5-no_aug.jsonl
earnings22,test,no_aug,pre_update,608,5,0.0147062546,0.0064238009,0.0086608622,0.0240266547,5,9e-05,0,0,0,raw/earnings22-test-epoch-5-no_aug.jsonl
earnings22,test,no_aug,pre_update,609,5,0.0162817659,0.0037320879,0.0119300401,0.0216131676,5,9e-05,0,0,0,raw/earnings22-test-epoch-5-no_aug.jsonl
earnings22,test,no_aug,pre_update,610,5,0.0153152965,0.0030506321,0.0118168201,0.0185166597,5,9e-05,0,0,0,raw/earnings22-test-epoch-5-no_aug.jsonl
earnings22,test,no_aug,pre_update,611,5,0.0149867028,0.0053167441,0.0081434175,0.0222425833,5,9e-05,0,0,0,raw/earnings22-test-epoch-5-no_aug.jsonl
earnings22,test,no_aug,pre_update,612,5,0.0130643057,0.0040353272,0.0078215096,0.0167256687,5,9e-05,0,0,0,raw/earnings22-test-epoch-5-no_aug.jsonl
earnings22,test,no_aug,pre_update,613,5,0.0129139133,0.0040812770,0.0093730753,0.0197760258,5,9e-05,0,0,0,raw/earnings22-test-epoch-5-no_aug.jsonl
earnings22,test,no_aug,pre_update,614,5,0.0131630115,0.0021699427,0.0112226401,0.0165482946,5,9e-05,0,0,0,raw/earnings22-test-epoch-5-no_aug.jsonl
earnings22,test,no_aug,pre_update,615,4,0.0143846157,0.0040107105,0.0098517537,0.0191371143,5,9e-05,0,0,0,raw/earnings22-test-epoch-5-no_aug.jsonl
earnings22,test,no_aug,pre_update,616,4,0.0127733015,0.0033425309,0.0100412648,0.0176466033,5,9e-05,0,0,0,raw/earnings22-test-epoch-5-no_aug.jsonl
earnings22,test,no_aug,pre_update,617,4,0.0122825291,0.0048631488,0.0084401332,0.0189682599,5,9e-05,0,0,0,raw/earnings22-test-epoch-5-no_aug.jsonl
earnings22,test,no_aug,pre_update,618,4,0.0114526190,0.0043747917,0.0083339103,0.0179244559,5,9e-05,0,0,0,raw/earnings22-test-epoch-5-no_aug.jsonl
earnings22,test,no_aug,pre_update,619,4,0.0118717889,0.0054713921,0.0090711955,0.0200783499,5,9e-05,0,0,0,raw/earnings22-test-epoch-5-no_aug.jsonl
earnings22,test,no_aug,pre_update,620,4,0.0129581732,0.0050268749,0.0096699605,0.0204404183,5,9e-05,0,0,0,raw/earnings22-test-epoch-5-no_aug.jsonl
earnings22,test,no_aug,pre_update,621,4,0.0165762594,0.0079377512,0.0089184325,0.0243569575,5,9e-05,0,0,0,raw/earnings22-test-epoch-5-no_aug.jsonl
earnings22,test,no_aug,pre_update,622,4,0.0134609400,0.0031597329,0.0099303871,0.0172150303,5,9e-05,0,0,0,raw/earnings22-test-epoch-5-no_aug.jsonl
earnings22,test,no_aug,pre_update,623,4,0.0125293373,0.0034181631,0.0098142754,0.0173467714,5,9e-05,0,0,0,raw/earnings22-test-epoch-5-no_aug.jsonl
earnings22,test,no_aug,pre_update,624,4,0.0108703193,0.0042787630,0.0075097252,0.0168289468,5,9e-05,0,0,0,raw/earnings22-test-epoch-5-no_aug.jsonl
earnings22,test,no_aug,pre_update,625,4,0.0111421522,0.0044058438,0.0073856981,0.0166598689,5,9e-05,0,0,0,raw/earnings22-test-epoch-5-no_aug.jsonl
earnings22,test,no_aug,pre_update,626,4,0.0158048016,0.0048196335,0.0105815791,0.0219685808,5,9e-05,0,0,0,raw/earnings22-test-epoch-5-no_aug.jsonl
earnings22,test,no_aug,pre_update,627,4,0.0116903535,0.0049119512,0.0076554017,0.0179807544,5,9e-05,0,0,0,raw/earnings22-test-epoch-5-no_aug.jsonl
earnings22,test,no_aug,pre_update,628,4,0.0124093869,0.0055308448,0.0075382581,0.0190212578,5,9e-05,0,0,0,raw/earnings22-test-epoch-5-no_aug.jsonl
earnings22,test,no_aug,pre_update,629,4,0.0137331318,0.0063342024,0.0082512591,0.0206657872,5,9e-05,0,0,0,raw/earnings22-test-epoch-5-no_aug.jsonl
earnings22,test,no_aug,pre_update,630,4,0.0130628869,0.0054336436,0.0080776606,0.0201353058,5,9e-05,0,0,0,raw/earnings22-test-epoch-5-no_aug.jsonl
earnings22,test,no_aug,pre_update,631,4,0.0101168293,0.0028038587,0.0072731273,0.0126575343,5,9e-05,0,0,0,raw/earnings22-test-epoch-5-no_aug.jsonl
earnings22,test,no_aug,pre_update,632,4,0.0129835994,0.0044169776,0.0080817249,0.0167909525,5,9e-05,0,0,0,raw/earnings22-test-epoch-5-no_aug.jsonl
earnings22,test,no_aug,pre_update,633,4,0.0118553820,0.0036340301,0.0096014990,0.0172452554,5,9e-05,0,0,0,raw/earnings22-test-epoch-5-no_aug.jsonl
earnings22,test,no_aug,pre_update,634,4,0.0125846684,0.0052757457,0.0071011288,0.0174358971,5,9e-05,0,0,0,raw/earnings22-test-epoch-5-no_aug.jsonl
earnings22,test,no_aug,pre_update,635,4,0.0136483989,0.0058293015,0.0079636956,0.0200300552,5,9e-05,0,0,0,raw/earnings22-test-epoch-5-no_aug.jsonl
earnings22,test,no_aug,pre_update,636,4,0.0110418984,0.0040666899,0.0074790553,0.0162073597,5,9e-05,0,0,0,raw/earnings22-test-epoch-5-no_aug.jsonl
earnings22,test,no_aug,pre_update,637,4,0.0119023356,0.0036977520,0.0079186913,0.0153785208,5,9e-05,0,0,0,raw/earnings22-test-epoch-5-no_aug.jsonl
earnings22,test,no_aug,pre_update,638,4,0.0134873185,0.0039550035,0.0087053645,0.0174832307,5,9e-05,0,0,0,raw/earnings22-test-epoch-5-no_aug.jsonl
earnings22,test,no_aug,pre_update,639,4,0.0110938987,0.0017144823,0.0098244008,0.0134720122,5,9e-05,0,0,0,raw/earnings22-test-epoch-5-no_aug.jsonl
earnings22,test,no_aug,pre_update,640,4,0.0130744772,0.0036646731,0.0090473536,0.0164059103,5,9e-05,0,0,0,raw/earnings22-test-epoch-5-no_aug.jsonl
earnings22,test,no_aug,pre_update,641,4,0.0117392971,0.0053673759,0.0075439941,0.0191092342,5,9e-05,0,0,0,raw/earnings22-test-epoch-5-no_aug.jsonl
earnings22,test,no_aug,pre_update,642,4,0.0117731874,0.0007682785,0.0111717377,0.0128412675,5,9e-05,0,0,0,raw/earnings22-test-epoch-5-no_aug.jsonl
earnings22,test,no_aug,pre_update,643,4,0.0115220656,0.0039929110,0.0077728182,0.0154030966,5,9e-05,0,0,0,raw/earnings22-test-epoch-5-no_aug.jsonl
earnings22,test,no_aug,pre_update,644,4,0.0135144372,0.0036138822,0.0102498736,0.0168329775,5,9e-05,0,0,0,raw/earnings22-test-epoch-5-no_aug.jsonl
earnings22,test,no_aug,pre_update,645,4,0.0119015854,0.0034623447,0.0090974849,0.0168285891,5,9e-05,0,0,0,raw/earnings22-test-epoch-5-no_aug.jsonl
earnings22,test,no_aug,pre_update,646,4,0.0131318413,0.0041590860,0.0089748362,0.0174006689,5,9e-05,0,0,0,raw/earnings22-test-epoch-5-no_aug.jsonl
earnings22,test,no_aug,pre_update,647,4,0.0144262493,0.0076332062,0.0076861857,0.0248879902,5,9e-05,0,0,0,raw/earnings22-test-epoch-5-no_aug.jsonl
earnings22,test,no_aug,pre_update,648,4,0.0132690328,0.0048215075,0.0092010163,0.0188392252,5,9e-05,0,0,0,raw/earnings22-test-epoch-5-no_aug.jsonl
earnings22,test,no_aug,pre_update,649,4,0.0147613378,0.0073830410,0.0091286292,0.0248313304,5,9e-05,0,0,0,raw/earnings22-test-epoch-5-no_aug.jsonl
earnings22,test,no_aug,pre_update,650,4,0.0122178043,0.0052170136,0.0085219387,0.0197651498,5,9e-05,0,0,0,raw/earnings22-test-epoch-5-no_aug.jsonl
earnings22,test,no_aug,pre_update,651,4,0.0120398072,0.0065917982,0.0060170484,0.0184885971,5,9e-05,0,0,0,raw/earnings22-test-epoch-5-no_aug.jsonl
earnings22,test,no_aug,pre_update,652,4,0.0129408895,0.0032475910,0.0102640623,0.0169452634,5,9e-05,0,0,0,raw/earnings22-test-epoch-5-no_aug.jsonl
earnings22,test,no_aug,pre_update,653,4,0.0152989132,0.0043143340,0.0117911436,0.0212725587,5,9e-05,0,0,0,raw/earnings22-test-epoch-5-no_aug.jsonl
earnings22,test,no_aug,pre_update,654,4,0.0105811831,0.0033975499,0.0070069316,0.0141095733,5,9e-05,0,0,0,raw/earnings22-test-epoch-5-no_aug.jsonl
earnings22,test,no_aug,pre_update,655,4,0.0129458164,0.0028117425,0.0103621418,0.0169499181,5,9e-05,0,0,0,raw/earnings22-test-epoch-5-no_aug.jsonl
earnings22,test,no_aug,pre_update,656,4,0.0115655591,0.0028446997,0.0090459110,0.0151789570,5,9e-05,0,0,0,raw/earnings22-test-epoch-5-no_aug.jsonl
earnings22,test,no_aug,pre_update,657,4,0.0111806318,0.0030212383,0.0071792910,0.0141374655,5,9e-05,0,0,0,raw/earnings22-test-epoch-5-no_aug.jsonl
earnings22,test,no_aug,pre_update,658,4,0.0114596291,0.0038752099,0.0078470521,0.0168680921,5,9e-05,0,0,0,raw/earnings22-test-epoch-5-no_aug.jsonl
earnings22,test,no_aug,pre_update,659,4,0.0157056770,0.0071225366,0.0089196963,0.0237912647,5,9e-05,0,0,0,raw/earnings22-test-epoch-5-no_aug.jsonl
earnings22,test,no_aug,pre_update,660,4,0.0121927811,0.0069259317,0.0075085685,0.0224400386,5,9e-05,0,0,0,raw/earnings22-test-epoch-5-no_aug.jsonl
earnings22,test,no_aug,pre_update,661,4,0.0127363685,0.0029451646,0.0087983729,0.0152277034,5,9e-05,0,0,0,raw/earnings22-test-epoch-5-no_aug.jsonl
earnings22,test,no_aug,pre_update,662,4,0.0150775884,0.0074021444,0.0073000090,0.0219498947,5,9e-05,0,0,0,raw/earnings22-test-epoch-5-no_aug.jsonl
earnings22,test,no_aug,pre_update,663,4,0.0087376020,0.0011670341,0.0077279275,0.0103567466,5,9e-05,0,0,0,raw/earnings22-test-epoch-5-no_aug.jsonl
earnings22,test,no_aug,pre_update,664,4,0.0122958347,0.0048474690,0.0086698355,0.0194259956,5,9e-05,0,0,0,raw/earnings22-test-epoch-5-no_aug.jsonl
earnings22,test,no_aug,pre_update,665,4,0.0137291648,0.0040710728,0.0101191858,0.0194015242,5,9e-05,0,0,0,raw/earnings22-test-epoch-5-no_aug.jsonl
earnings22,test,no_aug,pre_update,666,4,0.0122127782,0.0043139645,0.0083313519,0.0181169212,5,9e-05,0,0,0,raw/earnings22-test-epoch-5-no_aug.jsonl
earnings22,test,no_aug,pre_update,667,4,0.0104834950,0.0006174931,0.0101633258,0.0114096124,5,9e-05,0,0,0,raw/earnings22-test-epoch-5-no_aug.jsonl
earnings22,test,no_aug,pre_update,668,4,0.0124339748,0.0067958153,0.0083261728,0.0225121342,5,9e-05,0,0,0,raw/earnings22-test-epoch-5-no_aug.jsonl
earnings22,test,no_aug,pre_update,669,4,0.0128693306,0.0045301869,0.0082815439,0.0168659315,5,9e-05,0,0,0,raw/earnings22-test-epoch-5-no_aug.jsonl
earnings22,test,no_aug,pre_update,670,4,0.0102906721,0.0027670346,0.0082616843,0.0143716969,5,9e-05,0,0,0,raw/earnings22-test-epoch-5-no_aug.jsonl
earnings22,test,no_aug,pre_update,671,4,0.0129449228,0.0033223992,0.0107112397,0.0177970007,5,9e-05,0,0,0,raw/earnings22-test-epoch-5-no_aug.jsonl
earnings22,test,no_aug,pre_update,672,4,0.0140654263,0.0042027482,0.0086717736,0.0189339165,5,9e-05,0,0,0,raw/earnings22-test-epoch-5-no_aug.jsonl
earnings22,test,no_aug,pre_update,673,4,0.0140269636,0.0059417408,0.0073489696,0.0209201127,5,9e-05,0,0,0,raw/earnings22-test-epoch-5-no_aug.jsonl
earnings22,test,no_aug,pre_update,674,4,0.0118549180,0.0050485767,0.0069524087,0.0167579651,5,9e-05,0,0,0,raw/earnings22-test-epoch-5-no_aug.jsonl
earnings22,test,no_aug,pre_update,675,4,0.0111423546,0.0039603430,0.0075924252,0.0166303590,5,9e-05,0,0,0,raw/earnings22-test-epoch-5-no_aug.jsonl
earnings22,test,no_aug,pre_update,676,4,0.0099915590,0.0026139682,0.0074319346,0.0136294756,5,9e-05,0,0,0,raw/earnings22-test-epoch-5-no_aug.jsonl
earnings22,test,no_aug,pre_update,677,4,0.0133861576,0.0076490011,0.0086234352,0.0247726478,5,9e-05,0,0,0,raw/earnings22-test-epoch-5-no_aug.jsonl
earnings22,test,no_aug,pre_update,678,4,0.0135545521,0.0066874980,0.0066369418,0.0209479891,5,9e-05,0,0,0,raw/earnings22-test-epoch-5-no_aug.jsonl
earnings22,test,no_aug,pre_update,679,4,0.0095155763,0.0009292889,0.0081722764,0.0102609880,5,9e-05,0,0,0,raw/earnings22-test-epoch-5-no_aug.jsonl
earnings22,test,no_aug,pre_update,680,4,0.0107515150,0.0046835053,0.0067812004,0.0161879659,5,9e-05,0,0,0,raw/earnings22-test-epoch-5-no_aug.jsonl
earnings22,test,no_aug,pre_update,681,4,0.0144850062,0.0041676593,0.0102405641,0.0195850842,5,9e-05,0,0,0,raw/earnings22-test-epoch-5-no_aug.jsonl
earnings22,test,no_aug,pre_update,682,4,0.0139517421,0.0048461199,0.0099364184,0.0207614526,5,9e-05,0,0,0,raw/earnings22-test-epoch-5-no_aug.jsonl
earnings22,test,no_aug,pre_update,683,4,0.0122703982,0.0033058278,0.0077318307,0.0151090566,5,9e-05,0,0,0,raw/earnings22-test-epoch-5-no_aug.jsonl
earnings22,test,no_aug,pre_update,684,4,0.0146251551,0.0042698786,0.0091484757,0.0192495696,5,9e-05,0,0,0,raw/earnings22-test-epoch-5-no_aug.jsonl
earnings22,test,no_aug,pre_update,685,4,0.0122251033,0.0047244524,0.0072324648,0.0186291225,5,9e-05,0,0,0,raw/earnings22-test-epoch-5-no_aug.jsonl
earnings22,test,no_aug,pre_update,686,4,0.0117735432,0.0033200166,0.0081818271,0.0153188268,5,9e-05,0,0,0,raw/earnings22-test-epoch-5-no_aug.jsonl
earnings22,test,no_aug,pre_update,687,4,0.0100478961,0.0035591603,0.0074808747,0.0152354315,5,9e-05,0,0,0,raw/earnings22-test-epoch-5-no_aug.jsonl
earnings22,test,no_aug,pre_update,688,4,0.0146924416,0.0067369188,0.0094274478,0.0244524591,5,9e-05,0,0,0,raw/earnings22-test-epoch-5-no_aug.jsonl
earnings22,test,no_aug,pre_update,689,4,0.0097846476,0.0015664649,0.0077919126,0.0116079329,5,9e-05,0,0,0,raw/earnings22-test-epoch-5-no_aug.jsonl
earnings22,test,no_aug,pre_update,690,4,0.0129956289,0.0026506929,0.0105401948,0.0166773740,5,9e-05,0,0,0,raw/earnings22-test-epoch-5-no_aug.jsonl
earnings22,test,no_aug,pre_update,691,4,0.0119905220,0.0047618478,0.0093619190,0.0191283971,5,9e-05,0,0,0,raw/earnings22-test-epoch-5-no_aug.jsonl
earnings22,test,no_aug,pre_update,692,4,0.0120604506,0.0021433808,0.0095179249,0.0140696485,5,9e-05,0,0,0,raw/earnings22-test-epoch-5-no_aug.jsonl
earnings22,test,no_aug,pre_update,693,4,0.0110426075,0.0025192185,0.0082198922,0.0136025902,5,9e-05,0,0,0,raw/earnings22-test-epoch-5-no_aug.jsonl
earnings22,test,no_aug,pre_update,694,4,0.0118376105,0.0034553114,0.0074339854,0.0155072808,5,9e-05,0,0,0,raw/earnings22-test-epoch-5-no_aug.jsonl
earnings22,test,no_aug,pre_update,695,4,0.0147793738,0.0025393054,0.0119484290,0.0177362990,5,9e-05,0,0,0,raw/earnings22-test-epoch-5-no_aug.jsonl
earnings22,test,no_aug,pre_update,696,4,0.0143623408,0.0053634861,0.0081700757,0.0209972188,5,9e-05,0,0,0,raw/earnings22-test-epoch-5-no_aug.jsonl
earnings22,test,no_aug,pre_update,697,4,0.0103614567,0.0046293998,0.0058054789,0.0168015957,5,9e-05,0,0,0,raw/earnings22-test-epoch-5-no_aug.jsonl
earnings22,test,no_aug,pre_update,698,4,0.0123988802,0.0024339117,0.0088524725,0.0139992554,5,9e-05,0,0,0,raw/earnings22-test-epoch-5-no_aug.jsonl
earnings22,test,no_aug,pre_update,699,4,0.0125495251,0.0044758196,0.0078360224,0.0180235039,5,9e-05,0,0,0,raw/earnings22-test-epoch-5-no_aug.jsonl
earnings22,test,no_aug,pre_update,700,4,0.0134514817,0.0048459430,0.0067425370,0.0181698203,5,9e-05,0,0,0,raw/earnings22-test-epoch-5-no_aug.jsonl
earnings22,test,no_aug,pre_update,701,4,0.0148512688,0.0040466773,0.0102645177,0.0186181106,5,9e-05,0,0,0,raw/earnings22-test-epoch-5-no_aug.jsonl
earnings22,test,no_aug,pre_update,702,4,0.0098870144,0.0032822362,0.0063141030,0.0140223494,5,9e-05,0,0,0,raw/earnings22-test-epoch-5-no_aug.jsonl
earnings22,test,no_aug,pre_update,703,4,0.0136747728,0.0044337280,0.0100205541,0.0197853297,5,9e-05,0,0,0,raw/earnings22-test-epoch-5-no_aug.jsonl
earnings22,test,no_aug,pre_update,704,4,0.0111824293,0.0039285023,0.0065110205,0.0160522647,5,9e-05,0,0,0,raw/earnings22-test-epoch-5-no_aug.jsonl
earnings22,test,no_aug,pre_update,705,4,0.0117730089,0.0045122624,0.0078164861,0.0178868510,5,9e-05,0,0,0,raw/earnings22-test-epoch-5-no_aug.jsonl
earnings22,test,no_aug,pre_update,706,4,0.0127159804,0.0040879612,0.0077551464,0.0166641064,5,9e-05,0,0,0,raw/earnings22-test-epoch-5-no_aug.jsonl
earnings22,test,no_aug,pre_update,707,4,0.0135830324,0.0020970063,0.0119060706,0.0166510232,5,9e-05,0,0,0,raw/earnings22-test-epoch-5-no_aug.jsonl
earnings22,test,no_aug,pre_update,708,4,0.0115582721,0.0050657618,0.0077351960,0.0190238673,5,9e-05,0,0,0,raw/earnings22-test-epoch-5-no_aug.jsonl
earnings22,test,no_aug,pre_update,709,4,0.0112989813,0.0032892926,0.0092379153,0.0162041262,5,9e-05,0,0,0,raw/earnings22-test-epoch-5-no_aug.jsonl
earnings22,test,no_aug,pre_update,710,4,0.0141264284,0.0037398832,0.0100804027,0.0184123889,5,9e-05,0,0,0,raw/earnings22-test-epoch-5-no_aug.jsonl
earnings22,test,no_aug,pre_update,711,4,0.0138901868,0.0024416894,0.0106628258,0.0164734349,5,9e-05,0,0,0,raw/earnings22-test-epoch-5-no_aug.jsonl
earnings22,test,no_aug,pre_update,712,4,0.0105651127,0.0029618576,0.0061564674,0.0123179136,5,9e-05,0,0,0,raw/earnings22-test-epoch-5-no_aug.jsonl
earnings22,test,no_aug,pre_update,713,4,0.0106646302,0.0036327844,0.0062619979,0.0142945349,5,9e-05,0,0,0,raw/earnings22-test-epoch-5-no_aug.jsonl
earnings22,test,no_aug,pre_update,714,4,0.0129347099,0.0024489485,0.0094696525,0.0152380597,5,9e-05,0,0,0,raw/earnings22-test-epoch-5-no_aug.jsonl
earnings22,test,no_aug,pre_update,715,4,0.0141539280,0.0027315605,0.0117263552,0.0167831220,5,9e-05,0,0,0,raw/earnings22-test-epoch-5-no_aug.jsonl
earnings22,test,no_aug,pre_update,716,4,0.0126185918,0.0047552674,0.0071048606,0.0186857656,5,9e-05,0,0,0,raw/earnings22-test-epoch-5-no_aug.jsonl
earnings22,test,no_aug,pre_update,717,4,0.0134103226,0.0026722839,0.0108891288,0.0169471800,5,9e-05,0,0,0,raw/earnings22-test-epoch-5-no_aug.jsonl
earnings22,test,no_aug,pre_update,718,4,0.0129696950,0.0046197927,0.0084972298,0.0188483670,5,9e-05,0,0,0,raw/earnings22-test-epoch-5-no_aug.jsonl
earnings22,test,no_aug,pre_update,719,4,0.0130216233,0.0067370530,0.0061629750,0.0191477425,5,9e-05,0,0,0,raw/earnings22-test-epoch-5-no_aug.jsonl
earnings22,test,no_aug,pre_update,720,4,0.0130014410,0.0014948050,0.0119416360,0.0152172744,5,9e-05,0,0,0,raw/earnings22-test-epoch-5-no_aug.jsonl
earnings22,test,no_aug,pre_update,721,4,0.0111198821,0.0019373566,0.0093515087,0.0138832051,5,9e-05,0,0,0,raw/earnings22-test-epoch-5-no_aug.jsonl
earnings22,test,no_aug,pre_update,722,4,0.0137775599,0.0057157438,0.0095591554,0.0220847428,5,9e-05,0,0,0,raw/earnings22-test-epoch-5-no_aug.jsonl
earnings22,test,no_aug,pre_update,723,4,0.0122049516,0.0029111488,0.0095615983,0.0156610198,5,9e-05,0,0,0,raw/earnings22-test-epoch-5-no_aug.jsonl
earnings22,test,no_aug,pre_update,724,4,0.0133756287,0.0030266438,0.0099778660,0.0164130162,5,9e-05,0,0,0,raw/earnings22-test-epoch-5-no_aug.jsonl
earnings22,test,no_aug,pre_update,725,4,0.0129748262,0.0036525850,0.0090746237,0.0162630044,5,9e-05,0,0,0,raw/earnings22-test-epoch-5-no_aug.jsonl
earnings22,test,no_aug,pre_update,726,4,0.0129248905,0.0042447828,0.0081763789,0.0180314034,5,9e-05,0,0,0,raw/earnings22-test-epoch-5-no_aug.jsonl
earnings22,test,no_aug,pre_update,727,4,0.0142783723,0.0063436692,0.0087899910,0.0234298632,5,9e-05,0,0,0,raw/earnings22-test-epoch-5-no_aug.jsonl
earnings22,test,no_aug,pre_update,728,4,0.0096538167,0.0029137595,0.0078438111,0.0139741721,5,9e-05,0,0,0,raw/earnings22-test-epoch-5-no_aug.jsonl
earnings22,test,no_aug,pre_update,729,4,0.0149931121,0.0055202440,0.0072372481,0.0201473236,5,9e-05,0,0,0,raw/earnings22-test-epoch-5-no_aug.jsonl
earnings22,test,no_aug,pre_update,730,4,0.0115257427,0.0040285078,0.0072781583,0.0156394131,5,9e-05,0,0,0,raw/earnings22-test-epoch-5-no_aug.jsonl
earnings22,test,no_aug,pre_update,731,4,0.0118454611,0.0033729676,0.0076815123,0.0153747518,5,9e-05,0,0,0,raw/earnings22-test-epoch-5-no_aug.jsonl
earnings22,test,no_aug,pre_update,732,4,0.0121872297,0.0038756160,0.0082739880,0.0171103328,5,9e-05,0,0,0,raw/earnings22-test-epoch-5-no_aug.jsonl
earnings22,test,no_aug,pre_update,733,4,0.0099628069,0.0008394432,0.0089788819,0.0106996885,5,9e-05,0,0,0,raw/earnings22-test-epoch-5-no_aug.jsonl
earnings22,test,no_aug,pre_update,734,4,0.0087783112,0.0012919006,0.0075889486,0.0105628911,5,9e-05,0,0,0,raw/earnings22-test-epoch-5-no_aug.jsonl
earnings22,test,no_aug,pre_update,735,4,0.0105905910,0.0031875578,0.0079902671,0.0151841901,5,9e-05,0,0,0,raw/earnings22-test-epoch-5-no_aug.jsonl
earnings22,test,no_aug,pre_update,736,4,0.0121697832,0.0033231248,0.0091875009,0.0158464499,5,9e-05,0,0,0,raw/earnings22-test-epoch-5-no_aug.jsonl
earnings22,test,no_aug,pre_update,737,4,0.0136469980,0.0037530045,0.0095492275,0.0184487030,5,9e-05,0,0,0,raw/earnings22-test-epoch-5-no_aug.jsonl
earnings22,test,no_aug,pre_update,738,4,0.0111595134,0.0012157475,0.0096478425,0.0126032457,5,9e-05,0,0,0,raw/earnings22-test-epoch-5-no_aug.jsonl
earnings22,test,no_aug,pre_update,739,4,0.0135535728,0.0048746144,0.0090064416,0.0199811570,5,9e-05,0,0,0,raw/earnings22-test-epoch-5-no_aug.jsonl
earnings22,test,no_aug,pre_update,740,4,0.0109607417,0.0023470219,0.0095030172,0.0144392233,5,9e-05,0,0,0,raw/earnings22-test-epoch-5-no_aug.jsonl
earnings22,test,no_aug,pre_update,741,4,0.0098943266,0.0029286347,0.0080154873,0.0141972648,5,9e-05,0,0,0,raw/earnings22-test-epoch-5-no_aug.jsonl
earnings22,test,no_aug,pre_update,742,4,0.0157118789,0.0051310060,0.0081868563,0.0194767751,5,9e-05,0,0,0,raw/earnings22-test-epoch-5-no_aug.jsonl
earnings22,test,no_aug,pre_update,743,4,0.0121488208,0.0021097677,0.0091399997,0.0136723127,5,9e-05,0,0,0,raw/earnings22-test-epoch-5-no_aug.jsonl
earnings22,test,no_aug,pre_update,744,4,0.0116378586,0.0027834762,0.0089430436,0.0154282358,5,9e-05,0,0,0,raw/earnings22-test-epoch-5-no_aug.jsonl
earnings22,test,no_aug,pre_update,745,4,0.0118627280,0.0028707038,0.0093799178,0.0158917159,5,9e-05,0,0,0,raw/earnings22-test-epoch-5-no_aug.jsonl
earnings22,test,no_aug,pre_update,746,4,0.0126684157,0.0013815018,0.0113274995,0.0145505248,5,9e-05,0,0,0,raw/earnings22-test-epoch-5-no_aug.jsonl
earnings22,test,no_aug,pre_update,747,4,0.0133377539,0.0045473016,0.0099594863,0.0198531300,5,9e-05,0,0,0,raw/earnings22-test-epoch-5-no_aug.jsonl
earnings22,test,no_aug,pre_update,748,4,0.0114919196,0.0016481920,0.0095379297,0.0135032050,5,9e-05,0,0,0,raw/earnings22-test-epoch-5-no_aug.jsonl
earnings22,test,no_aug,pre_update,749,4,0.0138813434,0.0037559277,0.0094283354,0.0184810311,5,9e-05,0,0,0,raw/earnings22-test-epoch-5-no_aug.jsonl
earnings22,test,no_aug,pre_update,750,4,0.0137314107,0.0053993203,0.0107990019,0.0218251348,5,9e-05,0,0,0,raw/earnings22-test-epoch-5-no_aug.jsonl
earnings22,test,no_aug,pre_update,751,4,0.0118638019,0.0015593835,0.0101204570,0.0138199320,5,9e-05,0,0,0,raw/earnings22-test-epoch-5-no_aug.jsonl
earnings22,test,no_aug,pre_update,752,4,0.0152186879,0.0051976315,0.0083627515,0.0207401253,5,9e-05,0,0,0,raw/earnings22-test-epoch-5-no_aug.jsonl
earnings22,test,no_aug,pre_update,753,4,0.0151839770,0.0067829216,0.0074475142,0.0215276890,5,9e-05,0,0,0,raw/earnings22-test-epoch-5-no_aug.jsonl
earnings22,test,no_aug,pre_update,754,4,0.0095164211,0.0035449914,0.0067004808,0.0144287935,5,9e-05,0,0,0,raw/earnings22-test-epoch-5-no_aug.jsonl
earnings22,test,no_aug,pre_update,755,4,0.0122376033,0.0027362821,0.0092588793,0.0148395989,5,9e-05,0,0,0,raw/earnings22-test-epoch-5-no_aug.jsonl
earnings22,test,no_aug,pre_update,756,4,0.0137487063,0.0034462826,0.0103091709,0.0169521291,5,9e-05,0,0,0,raw/earnings22-test-epoch-5-no_aug.jsonl
earnings22,test,no_aug,pre_update,757,4,0.0139469844,0.0024810410,0.0118344054,0.0169109665,5,9e-05,0,0,0,raw/earnings22-test-epoch-5-no_aug.jsonl
earnings22,test,no_aug,pre_update,758,4,0.0113649378,0.0026735706,0.0082624471,0.0138041191,5,9e-05,0,0,0,raw/earnings22-test-epoch-5-no_aug.jsonl
earnings22,test,no_aug,pre_update,759,4,0.0118059488,0.0014899629,0.0099414960,0.0135166515,5,9e-05,0,0,0,raw/earnings22-test-epoch-5-no_aug.jsonl
earnings22,test,no_aug,pre_update,760,4,0.0110445098,0.0032327986,0.0074365963,0.0147315264,5,9e-05,0,0,0,raw/earnings22-test-epoch-5-no_aug.jsonl
earnings22,test,no_aug,pre_update,761,4,0.0124501206,0.0025126265,0.0096474709,0.0157598834,5,9e-05,0,0,0,raw/earnings22-test-epoch-5-no_aug.jsonl
earnings22,test,no_aug,pre_update,762,4,0.0139087776,0.0052157115,0.0083357831,0.0200167466,5,9e-05,0,0,0,raw/earnings22-test-epoch-5-no_aug.jsonl
earnings22,test,no_aug,pre_update,763,4,0.0129295338,0.0051965229,0.0081787156,0.0192893595,5,9e-05,0,0,0,raw/earnings22-test-epoch-5-no_aug.jsonl
earnings22,test,no_aug,pre_update,764,4,0.0129175629,0.0025322940,0.0092152450,0.0147023546,5,9e-05,0,0,0,raw/earnings22-test-epoch-5-no_aug.jsonl
earnings22,test,no_aug,pre_update,765,4,0.0110141155,0.0036942833,0.0068777008,0.0157355517,5,9e-05,0,0,0,raw/earnings22-test-epoch-5-no_aug.jsonl
earnings22,test,no_aug,pre_update,766,4,0.0133529459,0.0055687294,0.0087427627,0.0214205403,5,9e-05,0,0,0,raw/earnings22-test-epoch-5-no_aug.jsonl
earnings22,test,no_aug,pre_update,767,4,0.0123506694,0.0048619413,0.0079577053,0.0187683478,5,9e-05,0,0,0,raw/earnings22-test-epoch-5-no_aug.jsonl
earnings22,test,no_aug,pre_update,768,4,0.0125589762,0.0025878545,0.0090908445,0.0151258269,5,9e-05,0,0,0,raw/earnings22-test-epoch-5-no_aug.jsonl
earnings22,test,no_aug,pre_update,769,4,0.0119971419,0.0053649238,0.0069054868,0.0171397366,5,9e-05,0,0,0,raw/earnings22-test-epoch-5-no_aug.jsonl
earnings22,test,no_aug,pre_update,770,4,0.0111951528,0.0041962682,0.0067834919,0.0166878495,5,9e-05,0,0,0,raw/earnings22-test-epoch-5-no_aug.jsonl
earnings22,test,no_aug,pre_update,771,4,0.0131715275,0.0062977131,0.0083423052,0.0221579783,5,9e-05,0,0,0,raw/earnings22-test-epoch-5-no_aug.jsonl
earnings22,test,no_aug,pre_update,772,4,0.0124451593,0.0015676437,0.0108279008,0.0145930629,5,9e-05,0,0,0,raw/earnings22-test-epoch-5-no_aug.jsonl
earnings22,test,no_aug,pre_update,773,4,0.0101764339,0.0017728457,0.0081100753,0.0118246432,5,9e-05,0,0,0,raw/earnings22-test-epoch-5-no_aug.jsonl
earnings22,test,no_aug,pre_update,774,4,0.0115104134,0.0027006970,0.0096304342,0.0154254735,5,9e-05,0,0,0,raw/earnings22-test-epoch-5-no_aug.jsonl
earnings22,test,no_aug,pre_update,775,4,0.0148965800,0.0060261732,0.0095142890,0.0226419456,5,9e-05,0,0,0,raw/earnings22-test-epoch-5-no_aug.jsonl
earnings22,test,no_aug,pre_update,776,4,0.0125342805,0.0032818578,0.0098204585,0.0172376391,5,9e-05,0,0,0,raw/earnings22-test-epoch-5-no_aug.jsonl
earnings22,test,no_aug,pre_update,777,4,0.0146530392,0.0055094079,0.0106503610,0.0227495506,5,9e-05,0,0,0,raw/earnings22-test-epoch-5-no_aug.jsonl
earnings22,test,no_aug,pre_update,778,4,0.0115148660,0.0022867973,0.0082360543,0.0133323111,5,9e-05,0,0,0,raw/earnings22-test-epoch-5-no_aug.jsonl
earnings22,test,no_aug,pre_update,779,4,0.0123531780,0.0041480979,0.0074759708,0.0166809224,5,9e-05,0,0,0,raw/earnings22-test-epoch-5-no_aug.jsonl
earnings22,test,no_aug,pre_update,780,4,0.0112246317,0.0032638539,0.0087906551,0.0159592219,5,9e-05,0,0,0,raw/earnings22-test-epoch-5-no_aug.jsonl
earnings22,test,no_aug,pre_update,781,4,0.0134751452,0.0052416937,0.0089913066,0.0204336606,5,9e-05,0,0,0,raw/earnings22-test-epoch-5-no_aug.jsonl
earnings22,test,no_aug,pre_update,782,4,0.0140269217,0.0028654484,0.0119428635,0.0181008950,5,9e-05,0,0,0,raw/earnings22-test-epoch-5-no_aug.jsonl
earnings22,test,no_aug,pre_update,783,4,0.0101262077,0.0011001187,0.0090298103,0.0112622939,5,9e-05,0,0,0,raw/earnings22-test-epoch-5-no_aug.jsonl
earnings22,test,no_aug,pre_update,784,4,0.0108820878,0.0025663554,0.0082278848,0.0132792415,5,9e-05,0,0,0,raw/earnings22-test-epoch-5-no_aug.jsonl
earnings22,test,no_aug,pre_update,785,4,0.0117324278,0.0031300318,0.0071245884,0.0141036455,5,9e-05,0,0,0,raw/earnings22-test-epoch-5-no_aug.jsonl
earnings22,test,no_aug,pre_update,786,4,0.0114893445,0.0035676659,0.0093802940,0.0168209672,5,9e-05,0,0,0,raw/earnings22-test-epoch-5-no_aug.jsonl
earnings22,test,no_aug,pre_update,787,4,0.0135911042,0.0036083876,0.0088715218,0.0170479268,5,9e-05,0,0,0,raw/earnings22-test-epoch-5-no_aug.jsonl
earnings22,test,no_aug,pre_update,788,4,0.0088744925,0.0015770985,0.0066975057,0.0104712071,5,9e-05,0,0,0,raw/earnings22-test-epoch-5-no_aug.jsonl
earnings22,test,no_aug,pre_update,789,4,0.0113107250,0.0035967671,0.0087697729,0.0166448206,5,9e-05,0,0,0,raw/earnings22-test-epoch-5-no_aug.jsonl
earnings22,test,no_aug,pre_update,790,4,0.0119963558,0.0034156401,0.0084235454,0.0155913867,5,9e-05,0,0,0,raw/earnings22-test-epoch-5-no_aug.jsonl
earnings22,test,no_aug,pre_update,791,4,0.0119311132,0.0039360688,0.0081989598,0.0153428931,5,9e-05,0,0,0,raw/earnings22-test-epoch-5-no_aug.jsonl
earnings22,test,no_aug,pre_update,792,4,0.0128167355,0.0032625092,0.0091926940,0.0168807898,5,9e-05,0,0,0,raw/earnings22-test-epoch-5-no_aug.jsonl
earnings22,test,no_aug,pre_update,793,4,0.0108871358,0.0037063627,0.0068002604,0.0155473305,5,9e-05,0,0,0,raw/earnings22-test-epoch-5-no_aug.jsonl
earnings22,test,no_aug,pre_update,794,4,0.0150196124,0.0037388017,0.0121983513,0.0204537697,5,9e-05,0,0,0,raw/earnings22-test-epoch-5-no_aug.jsonl
earnings22,test,no_aug,pre_update,795,4,0.0119834070,0.0029732368,0.0089149158,0.0159301814,5,9e-05,0,0,0,raw/earnings22-test-epoch-5-no_aug.jsonl
earnings22,test,no_aug,pre_update,796,4,0.0094705585,0.0018514139,0.0081224218,0.0122088958,5,9e-05,0,0,0,raw/earnings22-test-epoch-5-no_aug.jsonl
earnings22,test,no_aug,pre_update,797,4,0.0140953606,0.0042332088,0.0083040986,0.0183388945,5,9e-05,0,0,0,raw/earnings22-test-epoch-5-no_aug.jsonl
earnings22,test,no_aug,pre_update,798,4,0.0127107406,0.0046524225,0.0094652120,0.0194175132,5,9e-05,0,0,0,raw/earnings22-test-epoch-5-no_aug.jsonl
earnings22,test,no_aug,pre_update,799,4,0.0120938509,0.0046827007,0.0078944005,0.0183543060,5,9e-05,0,0,0,raw/earnings22-test-epoch-5-no_aug.jsonl
earnings22,test,no_aug,pre_update,800,4,0.0127662832,0.0031629224,0.0099928081,0.0160233006,5,9e-05,0,0,0,raw/earnings22-test-epoch-5-no_aug.jsonl
earnings22,test,no_aug,pre_update,801,4,0.0118813701,0.0021600947,0.0092585394,0.0139764305,5,9e-05,0,0,0,raw/earnings22-test-epoch-5-no_aug.jsonl
earnings22,test,no_aug,pre_update,802,4,0.0134980257,0.0068724096,0.0082215779,0.0232700184,5,9e-05,0,0,0,raw/earnings22-test-epoch-5-no_aug.jsonl
earnings22,test,no_aug,pre_update,803,4,0.0133621576,0.0066103416,0.0089150593,0.0229608938,5,9e-05,0,0,0,raw/earnings22-test-epoch-5-no_aug.jsonl
earnings22,test,no_aug,pre_update,804,4,0.0124111576,0.0031873272,0.0081784604,0.0149469450,5,9e-05,0,0,0,raw/earnings22-test-epoch-5-no_aug.jsonl
earnings22,test,no_aug,pre_update,805,4,0.0086807181,0.0016289168,0.0068046092,0.0107540656,5,9e-05,0,0,0,raw/earnings22-test-epoch-5-no_aug.jsonl
earnings22,test,no_aug,pre_update,806,4,0.0133813994,0.0016707723,0.0115115074,0.0152754057,5,9e-05,0,0,0,raw/earnings22-test-epoch-5-no_aug.jsonl
earnings22,test,no_aug,pre_update,807,4,0.0089039498,0.0023965744,0.0062035210,0.0112585090,5,9e-05,0,0,0,raw/earnings22-test-epoch-5-no_aug.jsonl
earnings22,test,no_aug,pre_update,808,4,0.0126306261,0.0027639104,0.0089235120,0.0150269400,5,9e-05,0,0,0,raw/earnings22-test-epoch-5-no_aug.jsonl
earnings22,test,no_aug,pre_update,809,4,0.0120697783,0.0053973276,0.0080877468,0.0200003609,5,9e-05,0,0,0,raw/earnings22-test-epoch-5-no_aug.jsonl
earnings22,test,no_aug,pre_update,810,4,0.0128850499,0.0027811136,0.0101207010,0.0159536563,5,9e-05,0,0,0,raw/earnings22-test-epoch-5-no_aug.jsonl
earnings22,test,no_aug,pre_update,811,4,0.0147655683,0.0047363951,0.0097498829,0.0205031335,5,9e-05,0,0,0,raw/earnings22-test-epoch-5-no_aug.jsonl
earnings22,test,no_aug,pre_update,812,4,0.0122072976,0.0035519671,0.0092798853,0.0169001874,5,9e-05,0,0,0,raw/earnings22-test-epoch-5-no_aug.jsonl
earnings22,test,no_aug,pre_update,813,4,0.0128921575,0.0036617383,0.0106669720,0.0183568671,5,9e-05,0,0,0,raw/earnings22-test-epoch-5-no_aug.jsonl
earnings22,test,no_aug,pre_update,814,4,0.0125708224,0.0051876260,0.0091055110,0.0201818347,5,9e-05,0,0,0,raw/earnings22-test-epoch-5-no_aug.jsonl
earnings22,test,no_aug,pre_update,815,4,0.0096051130,0.0039620608,0.0063690310,0.0153709017,5,9e-05,0,0,0,raw/earnings22-test-epoch-5-no_aug.jsonl
earnings22,test,no_aug,pre_update,816,4,0.0139222285,0.0024474779,0.0108508691,0.0164331533,5,9e-05,0,0,0,raw/earnings22-test-epoch-5-no_aug.jsonl
earnings22,test,no_aug,pre_update,817,4,0.0123484179,0.0039699088,0.0082755284,0.0161242373,5,9e-05,0,0,0,raw/earnings22-test-epoch-5-no_aug.jsonl
earnings22,test,no_aug,pre_update,818,4,0.0102840057,0.0017549418,0.0082397386,0.0118547231,5,9e-05,0,0,0,raw/earnings22-test-epoch-5-no_aug.jsonl
earnings22,test,no_aug,pre_update,819,4,0.0117979578,0.0035356501,0.0097970776,0.0170955174,5,9e-05,0,0,0,raw/earnings22-test-epoch-5-no_aug.jsonl
earnings22,test,no_aug,pre_update,820,4,0.0119409650,0.0018366316,0.0096465759,0.0141320424,5,9e-05,0,0,0,raw/earnings22-test-epoch-5-no_aug.jsonl
earnings22,test,no_aug,pre_update,821,4,0.0104689694,0.0024837571,0.0085500861,0.0140682608,5,9e-05,0,0,0,raw/earnings22-test-epoch-5-no_aug.jsonl
earnings22,test,no_aug,pre_update,822,4,0.0103026039,0.0019573831,0.0085008834,0.0125858421,5,9e-05,0,0,0,raw/earnings22-test-epoch-5-no_aug.jsonl
earnings22,test,no_aug,pre_update,823,4,0.0135187712,0.0022925902,0.0108596198,0.0164585523,5,9e-05,0,0,0,raw/earnings22-test-epoch-5-no_aug.jsonl
earnings22,test,no_aug,pre_update,824,4,0.0106870772,0.0024315266,0.0085565932,0.0128580919,5,9e-05,0,0,0,raw/earnings22-test-epoch-5-no_aug.jsonl
earnings22,test,no_aug,pre_update,825,4,0.0115943872,0.0039422737,0.0078461133,0.0160479248,5,9e-05,0,0,0,raw/earnings22-test-epoch-5-no_aug.jsonl
earnings22,test,no_aug,pre_update,826,4,0.0122111333,0.0037662818,0.0079864021,0.0158561766,5,9e-05,0,0,0,raw/earnings22-test-epoch-5-no_aug.jsonl
earnings22,test,no_aug,pre_update,827,4,0.0095395093,0.0040038093,0.0066338433,0.0154340733,5,9e-05,0,0,0,raw/earnings22-test-epoch-5-no_aug.jsonl
earnings22,test,no_aug,pre_update,828,4,0.0135751176,0.0043512052,0.0086654145,0.0180155411,5,9e-05,0,0,0,raw/earnings22-test-epoch-5-no_aug.jsonl
earnings22,test,no_aug,pre_update,829,4,0.0121550902,0.0036972111,0.0088470345,0.0173360407,5,9e-05,0,0,0,raw/earnings22-test-epoch-5-no_aug.jsonl
earnings22,test,no_aug,pre_update,830,4,0.0134488253,0.0044286210,0.0097554419,0.0195581950,5,9e-05,0,0,0,raw/earnings22-test-epoch-5-no_aug.jsonl
earnings22,test,no_aug,pre_update,831,4,0.0112011770,0.0035113054,0.0080408594,0.0145125631,5,9e-05,0,0,0,raw/earnings22-test-epoch-5-no_aug.jsonl
earnings22,test,no_aug,pre_update,832,4,0.0122040869,0.0039019116,0.0075977622,0.0155687919,5,9e-05,0,0,0,raw/earnings22-test-epoch-5-no_aug.jsonl
earnings22,test,no_aug,pre_update,833,4,0.0110748142,0.0041602718,0.0074203340,0.0167387929,5,9e-05,0,0,0,raw/earnings22-test-epoch-5-no_aug.jsonl
earnings22,test,no_aug,pre_update,834,4,0.0121414275,0.0063963733,0.0064351428,0.0197531097,5,9e-05,0,0,0,raw/earnings22-test-epoch-5-no_aug.jsonl
earnings22,test,no_aug,pre_update,835,4,0.0120664211,0.0039470269,0.0079623470,0.0155411074,5,9e-05,0,0,0,raw/earnings22-test-epoch-5-no_aug.jsonl
earnings22,test,no_aug,pre_update,836,4,0.0117624284,0.0045026931,0.0076480317,0.0176877044,5,9e-05,0,0,0,raw/earnings22-test-epoch-5-no_aug.jsonl
earnings22,test,no_aug,pre_update,837,4,0.0105088244,0.0027506604,0.0069034956,0.0135765523,5,9e-05,0,0,0,raw/earnings22-test-epoch-5-no_aug.jsonl
earnings22,test,no_aug,pre_update,838,4,0.0129318272,0.0027656183,0.0098860972,0.0165392905,5,9e-05,0,0,0,raw/earnings22-test-epoch-5-no_aug.jsonl
earnings22,test,no_aug,pre_update,839,4,0.0119356031,0.0012237399,0.0101273330,0.0127720088,5,9e-05,0,0,0,raw/earnings22-test-epoch-5-no_aug.jsonl
earnings22,test,no_aug,pre_update,840,4,0.0131515102,0.0037670100,0.0082783466,0.0170293618,5,9e-05,0,0,0,raw/earnings22-test-epoch-5-no_aug.jsonl
earnings22,test,no_aug,pre_update,841,4,0.0106652774,0.0032560557,0.0069433288,0.0145129645,5,9e-05,0,0,0,raw/earnings22-test-epoch-5-no_aug.jsonl
earnings22,test,no_aug,pre_update,842,4,0.0142103210,0.0041722986,0.0103253294,0.0180400163,5,9e-05,0,0,0,raw/earnings22-test-epoch-5-no_aug.jsonl
earnings22,test,no_aug,pre_update,843,4,0.0125938368,0.0052561033,0.0082815019,0.0201954357,5,9e-05,0,0,0,raw/earnings22-test-epoch-5-no_aug.jsonl
earnings22,test,no_aug,pre_update,844,4,0.0120373936,0.0032475005,0.0084980121,0.0158075541,5,9e-05,0,0,0,raw/earnings22-test-epoch-5-no_aug.jsonl
earnings22,test,no_aug,pre_update,845,4,0.0110774559,0.0025382533,0.0083584189,0.0144885620,5,9e-05,0,0,0,raw/earnings22-test-epoch-5-no_aug.jsonl
earnings22,test,no_aug,pre_update,846,4,0.0110974521,0.0041456958,0.0076122805,0.0169127956,5,9e-05,0,0,0,raw/earnings22-test-epoch-5-no_aug.jsonl
earnings22,test,no_aug,pre_update,847,4,0.0102241228,0.0030891465,0.0060807662,0.0133904554,5,9e-05,0,0,0,raw/earnings22-test-epoch-5-no_aug.jsonl
earnings22,test,no_aug,pre_update,848,4,0.0087953820,0.0021627014,0.0062033525,0.0114482017,5,9e-05,0,0,0,raw/earnings22-test-epoch-5-no_aug.jsonl
earnings22,test,no_aug,pre_update,849,4,0.0123485767,0.0013240563,0.0105160680,0.0134000890,5,9e-05,0,0,0,raw/earnings22-test-epoch-5-no_aug.jsonl
earnings22,test,no_aug,pre_update,850,4,0.0143147651,0.0039860513,0.0088746026,0.0173385590,5,9e-05,0,0,0,raw/earnings22-test-epoch-5-no_aug.jsonl
earnings22,test,no_aug,pre_update,851,4,0.0125020321,0.0014533566,0.0105699059,0.0140743973,5,9e-05,0,0,0,raw/earnings22-test-epoch-5-no_aug.jsonl
earnings22,test,no_aug,pre_update,852,4,0.0121148012,0.0035354297,0.0083119655,0.0162162576,5,9e-05,0,0,0,raw/earnings22-test-epoch-5-no_aug.jsonl
earnings22,test,no_aug,pre_update,853,4,0.0107790338,0.0029257218,0.0070133950,0.0139019527,5,9e-05,0,0,0,raw/earnings22-test-epoch-5-no_aug.jsonl
earnings22,test,no_aug,pre_update,854,4,0.0118853126,0.0032213743,0.0096538970,0.0166507382,5,9e-05,0,0,0,raw/earnings22-test-epoch-5-no_aug.jsonl
earnings22,test,no_aug,pre_update,855,4,0.0104454099,0.0011838599,0.0087714512,0.0115267262,5,9e-05,0,0,0,raw/earnings22-test-epoch-5-no_aug.jsonl
earnings22,test,no_aug,pre_update,856,4,0.0147660747,0.0033692444,0.0114929974,0.0193350296,5,9e-05,0,0,0,raw/earnings22-test-epoch-5-no_aug.jsonl
earnings22,test,no_aug,pre_update,857,4,0.0143346081,0.0046080759,0.0094233826,0.0202205405,5,9e-05,0,0,0,raw/earnings22-test-epoch-5-no_aug.jsonl
earnings22,test,no_aug,pre_update,858,4,0.0125018647,0.0014931424,0.0117447544,0.0147415381,5,9e-05,0,0,0,raw/earnings22-test-epoch-5-no_aug.jsonl
earnings22,test,no_aug,pre_update,859,4,0.0078017229,0.0016428929,0.0062078615,0.0093097873,5,9e-05,0,0,0,raw/earnings22-test-epoch-5-no_aug.jsonl
earnings22,test,no_aug,pre_update,860,3,0.0136551851,0.0048189499,0.0095924865,0.0189794265,5,9e-05,0,0,0,raw/earnings22-test-epoch-5-no_aug.jsonl
earnings22,test,no_aug,pre_update,861,3,0.0127833349,0.0035274389,0.0095544569,0.0165480264,5,9e-05,0,0,0,raw/earnings22-test-epoch-5-no_aug.jsonl
earnings22,test,no_aug,pre_update,862,3,0.0136518078,0.0035015701,0.0103304200,0.0173093192,5,9e-05,0,0,0,raw/earnings22-test-epoch-5-no_aug.jsonl
earnings22,test,no_aug,pre_update,863,3,0.0121085787,0.0031541973,0.0087315459,0.0149784917,5,9e-05,0,0,0,raw/earnings22-test-epoch-5-no_aug.jsonl
earnings22,test,no_aug,pre_update,864,3,0.0089514190,0.0029667565,0.0056981910,0.0115075624,5,9e-05,0,0,0,raw/earnings22-test-epoch-5-no_aug.jsonl
earnings22,test,no_aug,pre_update,865,3,0.0122822349,0.0062866822,0.0085149221,0.0195397064,5,9e-05,0,0,0,raw/earnings22-test-epoch-5-no_aug.jsonl
earnings22,test,no_aug,pre_update,866,3,0.0147107495,0.0050961548,0.0098353624,0.0200021677,5,9e-05,0,0,0,raw/earnings22-test-epoch-5-no_aug.jsonl
earnings22,test,no_aug,pre_update,867,3,0.0115546174,0.0049288659,0.0058771158,0.0147371711,5,9e-05,0,0,0,raw/earnings22-test-epoch-5-no_aug.jsonl
earnings22,test,no_aug,pre_update,868,3,0.0137652252,0.0038717273,0.0095747933,0.0172096938,5,9e-05,0,0,0,raw/earnings22-test-epoch-5-no_aug.jsonl
earnings22,test,no_aug,pre_update,869,3,0.0121096727,0.0041016164,0.0094643701,0.0168345347,5,9e-05,0,0,0,raw/earnings22-test-epoch-5-no_aug.jsonl
earnings22,test,no_aug,pre_update,870,2,0.0075497110,0.0029799646,0.0054425579,0.0096568642,5,9e-05,0,0,0,raw/earnings22-test-epoch-5-no_aug.jsonl
earnings22,test,no_aug,pre_update,871,2,0.0093835769,0.0011501256,0.0085703153,0.0101968385,5,9e-05,0,0,0,raw/earnings22-test-epoch-5-no_aug.jsonl
earnings22,test,no_aug,pre_update,872,2,0.0125522390,0.0066034154,0.0078829192,0.0172215588,5,9e-05,0,0,0,raw/earnings22-test-epoch-5-no_aug.jsonl
earnings22,test,no_aug,pre_update,873,2,0.0085930508,0.0026899554,0.0066909650,0.0104951365,5,9e-05,0,0,0,raw/earnings22-test-epoch-5-no_aug.jsonl
earnings22,test,no_aug,pre_update,874,2,0.0090691457,0.0005425893,0.0086854771,0.0094528142,5,9e-05,0,0,0,raw/earnings22-test-epoch-5-no_aug.jsonl
earnings22,test,no_aug,pre_update,875,2,0.0109898178,0.0039627468,0.0081877327,0.0137919029,5,9e-05,0,0,0,raw/earnings22-test-epoch-5-no_aug.jsonl
earnings22,test,no_aug,pre_update,876,2,0.0106468596,0.0033656965,0.0082669528,0.0130267665,5,9e-05,0,0,0,raw/earnings22-test-epoch-5-no_aug.jsonl
earnings22,test,no_aug,pre_update,877,2,0.0104846270,0.0031375227,0.0082660634,0.0127031906,5,9e-05,0,0,0,raw/earnings22-test-epoch-5-no_aug.jsonl
earnings22,test,no_aug,pre_update,878,2,0.0110477461,0.0005122383,0.0106855389,0.0114099532,5,9e-05,0,0,0,raw/earnings22-test-epoch-5-no_aug.jsonl
earnings22,test,no_aug,pre_update,879,2,0.0125456164,0.0042528580,0.0095383916,0.0155528411,5,9e-05,0,0,0,raw/earnings22-test-epoch-5-no_aug.jsonl
earnings22,test,no_aug,pre_update,880,2,0.0116862911,0.0015897245,0.0105621861,0.0128103960,5,9e-05,0,0,0,raw/earnings22-test-epoch-5-no_aug.jsonl
earnings22,test,no_aug,pre_update,881,2,0.0123107629,0.0038173494,0.0096114893,0.0150100365,5,9e-05,0,0,0,raw/earnings22-test-epoch-5-no_aug.jsonl
earnings22,test,no_aug,pre_update,882,2,0.0156317088,0.0092164549,0.0091146911,0.0221487265,5,9e-05,0,0,0,raw/earnings22-test-epoch-5-no_aug.jsonl
earnings22,test,no_aug,pre_update,883,2,0.0080727823,0.0042247935,0.0050854022,0.0110601624,5,9e-05,0,0,0,raw/earnings22-test-epoch-5-no_aug.jsonl
earnings22,test,no_aug,pre_update,884,2,0.0129869613,0.0050849916,0.0093913293,0.0165825933,5,9e-05,0,0,0,raw/earnings22-test-epoch-5-no_aug.jsonl
earnings22,test,no_aug,pre_update,885,2,0.0120969126,0.0082832295,0.0062397849,0.0179540403,5,9e-05,0,0,0,raw/earnings22-test-epoch-5-no_aug.jsonl
earnings22,test,no_aug,pre_update,886,2,0.0112969591,0.0016238463,0.0101487264,0.0124451919,5,9e-05,0,0,0,raw/earnings22-test-epoch-5-no_aug.jsonl
earnings22,test,no_aug,pre_update,887,2,0.0096516048,0.0028675534,0.0076239384,0.0116792712,5,9e-05,0,0,0,raw/earnings22-test-epoch-5-no_aug.jsonl
earnings22,test,no_aug,pre_update,888,2,0.0108881430,0.0017405430,0.0096573932,0.0121188927,5,9e-05,0,0,0,raw/earnings22-test-epoch-5-no_aug.jsonl
earnings22,test,no_aug,pre_update,889,2,0.0110066961,0.0033761614,0.0086193895,0.0133940028,5,9e-05,0,0,0,raw/earnings22-test-epoch-5-no_aug.jsonl
earnings22,test,no_aug,pre_update,890,2,0.0127281379,0.0057688315,0.0086489581,0.0168073177,5,9e-05,0,0,0,raw/earnings22-test-epoch-5-no_aug.jsonl
earnings22,test,no_aug,pre_update,891,2,0.0108613484,0.0012178938,0.0100001674,0.0117225293,5,9e-05,0,0,0,raw/earnings22-test-epoch-5-no_aug.jsonl
earnings22,test,no_aug,pre_update,892,2,0.0104024059,0.0045170539,0.0072083664,0.0135964453,5,9e-05,0,0,0,raw/earnings22-test-epoch-5-no_aug.jsonl
earnings22,test,no_aug,pre_update,893,2,0.0106949396,0.0029576419,0.0086035710,0.0127863083,5,9e-05,0,0,0,raw/earnings22-test-epoch-5-no_aug.jsonl
earnings22,test,no_aug,pre_update,894,2,0.0104966126,0.0025423032,0.0086989328,0.0122942924,5,9e-05,0,0,0,raw/earnings22-test-epoch-5-no_aug.jsonl
earnings22,test,no_aug,pre_update,895,2,0.0074777824,0.0024993243,0.0057104933,0.0092450716,5,9e-05,0,0,0,raw/earnings22-test-epoch-5-no_aug.jsonl
earnings22,test,no_aug,pre_update,896,2,0.0089919106,0.0034371921,0.0065614488,0.0114223724,5,9e-05,0,0,0,raw/earnings22-test-epoch-5-no_aug.jsonl
earnings22,test,no_aug,pre_update,897,2,0.0141575476,0.0072257598,0.0090481639,0.0192669313,5,9e-05,0,0,0,raw/earnings22-test-epoch-5-no_aug.jsonl
earnings22,test,no_aug,pre_update,898,2,0.0124343168,0.0029154621,0.0103727737,0.0144958599,5,9e-05,0,0,0,raw/earnings22-test-epoch-5-no_aug.jsonl
earnings22,test,no_aug,pre_update,899,2,0.0103572900,0.0007962850,0.0097942315,0.0109203486,5,9e-05,0,0,0,raw/earnings22-test-epoch-5-no_aug.jsonl
earnings22,test,no_aug,pre_update,900,2,0.0099683851,0.0004367388,0.0096595641,0.0102772061,5,9e-05,0,0,0,raw/earnings22-test-epoch-5-no_aug.jsonl
earnings22,test,no_aug,pre_update,901,2,0.0087495646,0.0000877596,0.0086875092,0.0088116201,5,9e-05,0,0,0,raw/earnings22-test-epoch-5-no_aug.jsonl
earnings22,test,no_aug,pre_update,902,2,0.0125890635,0.0051550285,0.0089439079,0.0162342191,5,9e-05,0,0,0,raw/earnings22-test-epoch-5-no_aug.jsonl
earnings22,test,no_aug,pre_update,903,2,0.0084314754,0.0031721855,0.0061884015,0.0106745493,5,9e-05,0,0,0,raw/earnings22-test-epoch-5-no_aug.jsonl
earnings22,test,no_aug,pre_update,904,2,0.0137647949,0.0018575433,0.0124513134,0.0150782764,5,9e-05,0,0,0,raw/earnings22-test-epoch-5-no_aug.jsonl
earnings22,test,no_aug,pre_update,905,2,0.0096784201,0.0017860577,0.0084154867,0.0109413536,5,9e-05,0,0,0,raw/earnings22-test-epoch-5-no_aug.jsonl
earnings22,test,no_aug,pre_update,906,2,0.0105164694,0.0010983100,0.0097398469,0.0112930918,5,9e-05,0,0,0,raw/earnings22-test-epoch-5-no_aug.jsonl
earnings22,test,no_aug,pre_update,907,2,0.0102716144,0.0020251508,0.0088396166,0.0117036123,5,9e-05,0,0,0,raw/earnings22-test-epoch-5-no_aug.jsonl
earnings22,test,no_aug,pre_update,908,2,0.0103354137,0.0026024388,0.0084952116,0.0121756159,5,9e-05,0,0,0,raw/earnings22-test-epoch-5-no_aug.jsonl
earnings22,test,no_aug,pre_update,909,2,0.0107410583,0.0036201515,0.0081812246,0.0133008920,5,9e-05,0,0,0,raw/earnings22-test-epoch-5-no_aug.jsonl
earnings22,test,no_aug,pre_update,910,2,0.0110588046,0.0007331958,0.0105403569,0.0115772523,5,9e-05,0,0,0,raw/earnings22-test-epoch-5-no_aug.jsonl
earnings22,test,no_aug,pre_update,911,2,0.0104833622,0.0000308943,0.0104615167,0.0105052078,5,9e-05,0,0,0,raw/earnings22-test-epoch-5-no_aug.jsonl
earnings22,test,no_aug,pre_update,912,2,0.0098336809,0.0037701548,0.0071677789,0.0124995830,5,9e-05,0,0,0,raw/earnings22-test-epoch-5-no_aug.jsonl
earnings22,test,no_aug,pre_update,913,2,0.0089802365,0.0003651162,0.0087220604,0.0092384126,5,9e-05,0,0,0,raw/earnings22-test-epoch-5-no_aug.jsonl
earnings22,test,no_aug,pre_update,914,2,0.0117187211,0.0035916214,0.0091790613,0.0142583810,5,9e-05,0,0,0,raw/earnings22-test-epoch-5-no_aug.jsonl
earnings22,test,no_aug,pre_update,915,2,0.0104012038,0.0050834058,0.0068066930,0.0139957145,5,9e-05,0,0,0,raw/earnings22-test-epoch-5-no_aug.jsonl
earnings22,test,no_aug,pre_update,916,2,0.0091276141,0.0005322502,0.0087512564,0.0095039718,5,9e-05,0,0,0,raw/earnings22-test-epoch-5-no_aug.jsonl
earnings22,test,no_aug,pre_update,917,2,0.0118335327,0.0033219975,0.0094845258,0.0141825397,5,9e-05,0,0,0,raw/earnings22-test-epoch-5-no_aug.jsonl
earnings22,test,no_aug,pre_update,918,2,0.0111652808,0.0022262163,0.0095911082,0.0127394535,5,9e-05,0,0,0,raw/earnings22-test-epoch-5-no_aug.jsonl
earnings22,test,no_aug,pre_update,919,2,0.0064578417,0.0001046944,0.0063838116,0.0065318719,5,9e-05,0,0,0,raw/earnings22-test-epoch-5-no_aug.jsonl
earnings22,test,no_aug,pre_update,920,2,0.0104516316,0.0035453126,0.0079447171,0.0129585462,5,9e-05,0,0,0,raw/earnings22-test-epoch-5-no_aug.jsonl
earnings22,test,no_aug,pre_update,921,2,0.0071403335,0.0003078126,0.0069226772,0.0073579899,5,9e-05,0,0,0,raw/earnings22-test-epoch-5-no_aug.jsonl
earnings22,test,no_aug,pre_update,922,2,0.0117920386,0.0023349855,0.0101409545,0.0134431226,5,9e-05,0,0,0,raw/earnings22-test-epoch-5-no_aug.jsonl
earnings22,test,no_aug,pre_update,923,2,0.0101226047,0.0047981368,0.0067298096,0.0135153998,5,9e-05,0,0,0,raw/earnings22-test-epoch-5-no_aug.jsonl
earnings22,test,no_aug,pre_update,924,2,0.0118639637,0.0011285530,0.0110659562,0.0126619712,5,9e-05,0,0,0,raw/earnings22-test-epoch-5-no_aug.jsonl
earnings22,test,no_aug,pre_update,925,2,0.0062389593,0.0010485234,0.0054975413,0.0069803772,5,9e-05,0,0,0,raw/earnings22-test-epoch-5-no_aug.jsonl
earnings22,test,no_aug,pre_update,926,2,0.0134959919,0.0067989781,0.0086883884,0.0183035955,5,9e-05,0,0,0,raw/earnings22-test-epoch-5-no_aug.jsonl
earnings22,test,no_aug,pre_update,927,2,0.0078573432,0.0026944480,0.0059520807,0.0097626057,5,9e-05,0,0,0,raw/earnings22-test-epoch-5-no_aug.jsonl
earnings22,test,no_aug,pre_update,928,2,0.0077679395,0.0006744464,0.0072910339,0.0082448451,5,9e-05,0,0,0,raw/earnings22-test-epoch-5-no_aug.jsonl
earnings22,test,no_aug,pre_update,929,2,0.0101207788,0.0025304382,0.0083314888,0.0119100688,5,9e-05,0,0,0,raw/earnings22-test-epoch-5-no_aug.jsonl
earnings22,test,no_aug,pre_update,930,2,0.0109203286,0.0072853600,0.0057688011,0.0160718560,5,9e-05,0,0,0,raw/earnings22-test-epoch-5-no_aug.jsonl
earnings22,test,no_aug,pre_update,931,2,0.0126614571,0.0071422682,0.0076111108,0.0177118033,5,9e-05,0,0,0,raw/earnings22-test-epoch-5-no_aug.jsonl
earnings22,test,no_aug,pre_update,932,2,0.0100782635,0.0029541977,0.0079893302,0.0121671967,5,9e-05,0,0,0,raw/earnings22-test-epoch-5-no_aug.jsonl
earnings22,test,no_aug,pre_update,933,2,0.0134758670,0.0040183938,0.0106344335,0.0163173005,5,9e-05,0,0,0,raw/earnings22-test-epoch-5-no_aug.jsonl
earnings22,test,no_aug,pre_update,934,2,0.0094969107,0.0044500668,0.0063502383,0.0126435831,5,9e-05,0,0,0,raw/earnings22-test-epoch-5-no_aug.jsonl
earnings22,test,no_aug,pre_update,935,2,0.0133233890,0.0022018409,0.0117664523,0.0148803256,5,9e-05,0,0,0,raw/earnings22-test-epoch-5-no_aug.jsonl
earnings22,test,no_aug,pre_update,936,2,0.0079187984,0.0007866433,0.0073625576,0.0084750392,5,9e-05,0,0,0,raw/earnings22-test-epoch-5-no_aug.jsonl
earnings22,test,no_aug,pre_update,937,2,0.0127281505,0.0032831967,0.0104065798,0.0150497211,5,9e-05,0,0,0,raw/earnings22-test-epoch-5-no_aug.jsonl
earnings22,test,no_aug,pre_update,938,2,0.0110752783,0.0007894572,0.0105170477,0.0116335088,5,9e-05,0,0,0,raw/earnings22-test-epoch-5-no_aug.jsonl
earnings22,test,no_aug,pre_update,939,2,0.0093137021,0.0023043756,0.0076842625,0.0109431418,5,9e-05,0,0,0,raw/earnings22-test-epoch-5-no_aug.jsonl
earnings22,test,no_aug,pre_update,940,2,0.0099837903,0.0040588531,0.0071137478,0.0128538329,5,9e-05,0,0,0,raw/earnings22-test-epoch-5-no_aug.jsonl
earnings22,test,no_aug,pre_update,941,2,0.0115903276,0.0033068253,0.0092520490,0.0139286062,5,9e-05,0,0,0,raw/earnings22-test-epoch-5-no_aug.jsonl
earnings22,test,no_aug,pre_update,942,2,0.0108700483,0.0037906869,0.0081896279,0.0135504687,5,9e-05,0,0,0,raw/earnings22-test-epoch-5-no_aug.jsonl
earnings22,test,no_aug,pre_update,943,2,0.0134760421,0.0025140042,0.0116983727,0.0152537115,5,9e-05,0,0,0,raw/earnings22-test-epoch-5-no_aug.jsonl
earnings22,test,no_aug,pre_update,944,2,0.0078326943,0.0018181288,0.0065470831,0.0091183055,5,9e-05,0,0,0,raw/earnings22-test-epoch-5-no_aug.jsonl
earnings22,test,no_aug,pre_update,945,2,0.0099574132,0.0035810636,0.0074252188,0.0124896076,5,9e-05,0,0,0,raw/earnings22-test-epoch-5-no_aug.jsonl
earnings22,test,no_aug,pre_update,946,2,0.0088491198,0.0000731432,0.0087973997,0.0089008398,5,9e-05,0,0,0,raw/earnings22-test-epoch-5-no_aug.jsonl
earnings22,test,no_aug,pre_update,947,2,0.0108473282,0.0017523711,0.0096082147,0.0120864417,5,9e-05,0,0,0,raw/earnings22-test-epoch-5-no_aug.jsonl
earnings22,test,no_aug,pre_update,948,2,0.0075581740,0.0023728709,0.0058803009,0.0092360470,5,9e-05,0,0,0,raw/earnings22-test-epoch-5-no_aug.jsonl
earnings22,test,no_aug,pre_update,949,2,0.0085750185,0.0006008007,0.0081501883,0.0089998487,5,9e-05,0,0,0,raw/earnings22-test-epoch-5-no_aug.jsonl
earnings22,test,no_aug,pre_update,950,2,0.0108126937,0.0070052573,0.0058592288,0.0157661587,5,9e-05,0,0,0,raw/earnings22-test-epoch-5-no_aug.jsonl
earnings22,test,no_aug,pre_update,951,2,0.0116789085,0.0007111076,0.0111760795,0.0121817375,5,9e-05,0,0,0,raw/earnings22-test-epoch-5-no_aug.jsonl
earnings22,test,no_aug,pre_update,952,2,0.0111616659,0.0020299641,0.0097262645,0.0125970673,5,9e-05,0,0,0,raw/earnings22-test-epoch-5-no_aug.jsonl
earnings22,test,no_aug,pre_update,953,2,0.0109953270,0.0013064700,0.0100715132,0.0119191408,5,9e-05,0,0,0,raw/earnings22-test-epoch-5-no_aug.jsonl
earnings22,test,no_aug,pre_update,954,2,0.0082899393,0.0010778154,0.0075278087,0.0090520699,5,9e-05,0,0,0,raw/earnings22-test-epoch-5-no_aug.jsonl
earnings22,test,no_aug,pre_update,955,2,0.0160428602,0.0019208874,0.0146845877,0.0174011327,5,9e-05,0,0,0,raw/earnings22-test-epoch-5-no_aug.jsonl
earnings22,test,no_aug,pre_update,956,2,0.0088055965,0.0021527883,0.0072833453,0.0103278477,5,9e-05,0,0,0,raw/earnings22-test-epoch-5-no_aug.jsonl
earnings22,test,no_aug,pre_update,957,2,0.0111279485,0.0059806144,0.0068990155,0.0153568815,5,9e-05,0,0,0,raw/earnings22-test-epoch-5-no_aug.jsonl
earnings22,test,no_aug,pre_update,958,2,0.0081977427,0.0021451346,0.0066809035,0.0097145820,5,9e-05,0,0,0,raw/earnings22-test-epoch-5-no_aug.jsonl
earnings22,test,no_aug,pre_update,959,2,0.0090162056,0.0027837954,0.0070477650,0.0109846462,5,9e-05,0,0,0,raw/earnings22-test-epoch-5-no_aug.jsonl
earnings22,test,no_aug,pre_update,960,2,0.0135120251,0.0000144215,0.0135018276,0.0135222226,5,9e-05,0,0,0,raw/earnings22-test-epoch-5-no_aug.jsonl
earnings22,test,no_aug,pre_update,961,2,0.0096961474,0.0014919813,0.0086411573,0.0107511375,5,9e-05,0,0,0,raw/earnings22-test-epoch-5-no_aug.jsonl
earnings22,test,no_aug,pre_update,962,2,0.0125427474,0.0034624973,0.0100943921,0.0149911027,5,9e-05,0,0,0,raw/earnings22-test-epoch-5-no_aug.jsonl
earnings22,test,no_aug,pre_update,963,2,0.0134069016,0.0055237409,0.0095010269,0.0173127763,5,9e-05,0,0,0,raw/earnings22-test-epoch-5-no_aug.jsonl
earnings22,test,no_aug,pre_update,964,2,0.0110357478,0.0018550422,0.0097240349,0.0123474607,5,9e-05,0,0,0,raw/earnings22-test-epoch-5-no_aug.jsonl
earnings22,test,no_aug,pre_update,965,2,0.0110204122,0.0025407892,0.0092238029,0.0128170215,5,9e-05,0,0,0,raw/earnings22-test-epoch-5-no_aug.jsonl
earnings22,test,no_aug,pre_update,966,2,0.0102445399,0.0028403907,0.0082360804,0.0122529995,5,9e-05,0,0,0,raw/earnings22-test-epoch-5-no_aug.jsonl
earnings22,test,no_aug,pre_update,967,2,0.0106155411,0.0008511497,0.0100136874,0.0112173948,5,9e-05,0,0,0,raw/earnings22-test-epoch-5-no_aug.jsonl
earnings22,test,no_aug,pre_update,968,2,0.0163049707,0.0017890745,0.0150399040,0.0175700374,5,9e-05,0,0,0,raw/earnings22-test-epoch-5-no_aug.jsonl
earnings22,test,no_aug,pre_update,969,2,0.0107403654,0.0039264537,0.0079639433,0.0135167874,5,9e-05,0,0,0,raw/earnings22-test-epoch-5-no_aug.jsonl
earnings22,test,no_aug,pre_update,970,2,0.0115184202,0.0015955552,0.0103901923,0.0126466481,5,9e-05,0,0,0,raw/earnings22-test-epoch-5-no_aug.jsonl
earnings22,test,no_aug,pre_update,971,2,0.0100996364,0.0001363635,0.0100032128,0.0101960599,5,9e-05,0,0,0,raw/earnings22-test-epoch-5-no_aug.jsonl
earnings22,test,no_aug,pre_update,972,2,0.0093240358,0.0022377247,0.0077417255,0.0109063461,5,9e-05,0,0,0,raw/earnings22-test-epoch-5-no_aug.jsonl
earnings22,test,no_aug,pre_update,973,2,0.0102975164,0.0020920036,0.0088182464,0.0117767863,5,9e-05,0,0,0,raw/earnings22-test-epoch-5-no_aug.jsonl
earnings22,test,no_aug,pre_update,974,2,0.0115238144,0.0012994710,0.0106049497,0.0124426791,5,9e-05,0,0,0,raw/earnings22-test-epoch-5-no_aug.jsonl
earnings22,test,no_aug,pre_update,975,2,0.0108810472,0.0014459207,0.0098586269,0.0119034676,5,9e-05,0,0,0,raw/earnings22-test-epoch-5-no_aug.jsonl
earnings22,test,no_aug,pre_update,976,2,0.0104710665,0.0015633030,0.0093656443,0.0115764886,5,9e-05,0,0,0,raw/earnings22-test-epoch-5-no_aug.jsonl
earnings22,test,no_aug,pre_update,977,2,0.0103308214,0.0001956944,0.0101924445,0.0104691982,5,9e-05,0,0,0,raw/earnings22-test-epoch-5-no_aug.jsonl
earnings22,test,no_aug,pre_update,978,2,0.0077201922,0.0004131428,0.0074280561,0.0080123283,5,9e-05,0,0,0,raw/earnings22-test-epoch-5-no_aug.jsonl
earnings22,test,no_aug,pre_update,979,2,0.0087590488,0.0020731337,0.0072931219,0.0102249756,5,9e-05,0,0,0,raw/earnings22-test-epoch-5-no_aug.jsonl
earnings22,test,no_aug,pre_update,980,2,0.0106543456,0.0027660443,0.0086984569,0.0126102343,5,9e-05,0,0,0,raw/earnings22-test-epoch-5-no_aug.jsonl
earnings22,test,no_aug,pre_update,981,2,0.0087258578,0.0009748876,0.0080365082,0.0094152074,5,9e-05,0,0,0,raw/earnings22-test-epoch-5-no_aug.jsonl
earnings22,test,no_aug,pre_update,982,2,0.0101385079,0.0010304430,0.0094098747,0.0108671412,5,9e-05,0,0,0,raw/earnings22-test-epoch-5-no_aug.jsonl
earnings22,test,no_aug,pre_update,983,2,0.0080752117,0.0022739825,0.0064672632,0.0096831601,5,9e-05,0,0,0,raw/earnings22-test-epoch-5-no_aug.jsonl
earnings22,test,no_aug,pre_update,984,2,0.0092228400,0.0019673135,0.0078317393,0.0106139407,5,9e-05,0,0,0,raw/earnings22-test-epoch-5-no_aug.jsonl
earnings22,test,no_aug,pre_update,985,1,0.0069107502,,0.0069107502,0.0069107502,5,9e-05,0,0,0,raw/earnings22-test-epoch-5-no_aug.jsonl
earnings22,test,no_aug,pre_update,986,1,0.0051246174,,0.0051246174,0.0051246174,5,9e-05,0,0,0,raw/earnings22-test-epoch-5-no_aug.jsonl
earnings22,test,no_aug,pre_update,987,1,0.0055475994,,0.0055475994,0.0055475994,5,9e-05,0,0,0,raw/earnings22-test-epoch-5-no_aug.jsonl
earnings22,test,no_aug,pre_update,988,1,0.0148582803,,0.0148582803,0.0148582803,5,9e-05,0,0,0,raw/earnings22-test-epoch-5-no_aug.jsonl
earnings22,test,no_aug,pre_update,989,1,0.0098427022,,0.0098427022,0.0098427022,5,9e-05,0,0,0,raw/earnings22-test-epoch-5-no_aug.jsonl
earnings22,test,no_aug,pre_update,990,1,0.0089344932,,0.0089344932,0.0089344932,5,9e-05,0,0,0,raw/earnings22-test-epoch-5-no_aug.jsonl
earnings22,test,no_aug,pre_update,991,1,0.0089399852,,0.0089399852,0.0089399852,5,9e-05,0,0,0,raw/earnings22-test-epoch-5-no_aug.jsonl
earnings22,test,no_aug,pre_update,992,1,0.0062756566,,0.0062756566,0.0062756566,5,9e-05,0,0,0,raw/earnings22-test-epoch-5-no_aug.jsonl
earnings22,test,no_aug,pre_update,993,1,0.0075197835,,0.0075197835,0.0075197835,5,9e-05,0,0,0,raw/earnings22-test-epoch-5-no_aug.jsonl
earnings22,test,no_aug,pre_update,994,1,0.0096099898,,0.0096099898,0.0096099898,5,9e-05,0,0,0,raw/earnings22-test-epoch-5-no_aug.jsonl
earnings22,test,no_aug,pre_update,995,1,0.0098132491,,0.0098132491,0.0098132491,5,9e-05,0,0,0,raw/earnings22-test-epoch-5-no_aug.jsonl
earnings22,test,no_aug,pre_update,996,1,0.0065648998,,0.0065648998,0.0065648998,5,9e-05,0,0,0,raw/earnings22-test-epoch-5-no_aug.jsonl
earnings22,test,no_aug,pre_update,997,1,0.0090118814,,0.0090118814,0.0090118814,5,9e-05,0,0,0,raw/earnings22-test-epoch-5-no_aug.jsonl
earnings22,test,no_aug,pre_update,998,1,0.0077516744,,0.0077516744,0.0077516744,5,9e-05,0,0,0,raw/earnings22-test-epoch-5-no_aug.jsonl
earnings22,test,no_aug,pre_update,999,1,0.0076255458,,0.0076255458,0.0076255458,5,9e-05,0,0,0,raw/earnings22-test-epoch-5-no_aug.jsonl
earnings22,test,no_aug,pre_update,1000,1,0.0091207009,,0.0091207009,0.0091207009,5,9e-05,0,0,0,raw/earnings22-test-epoch-5-no_aug.jsonl
earnings22,test,no_aug,pre_update,1001,1,0.0080048330,,0.0080048330,0.0080048330,5,9e-05,0,0,0,raw/earnings22-test-epoch-5-no_aug.jsonl
earnings22,test,no_aug,pre_update,1002,1,0.0104759531,,0.0104759531,0.0104759531,5,9e-05,0,0,0,raw/earnings22-test-epoch-5-no_aug.jsonl
earnings22,test,no_aug,pre_update,1003,1,0.0083276900,,0.0083276900,0.0083276900,5,9e-05,0,0,0,raw/earnings22-test-epoch-5-no_aug.jsonl
earnings22,test,no_aug,pre_update,1004,1,0.0059605320,,0.0059605320,0.0059605320,5,9e-05,0,0,0,raw/earnings22-test-epoch-5-no_aug.jsonl
earnings22,test,no_aug,pre_update,1005,1,0.0102539640,,0.0102539640,0.0102539640,5,9e-05,0,0,0,raw/earnings22-test-epoch-5-no_aug.jsonl
earnings22,test,no_aug,pre_update,1006,1,0.0085401312,,0.0085401312,0.0085401312,5,9e-05,0,0,0,raw/earnings22-test-epoch-5-no_aug.jsonl
earnings22,test,no_aug,pre_update,1007,1,0.0091561349,,0.0091561349,0.0091561349,5,9e-05,0,0,0,raw/earnings22-test-epoch-5-no_aug.jsonl
earnings22,test,no_aug,pre_update,1008,1,0.0072585889,,0.0072585889,0.0072585889,5,9e-05,0,0,0,raw/earnings22-test-epoch-5-no_aug.jsonl
earnings22,test,no_aug,pre_update,1009,1,0.0084390780,,0.0084390780,0.0084390780,5,9e-05,0,0,0,raw/earnings22-test-epoch-5-no_aug.jsonl
earnings22,test,no_aug,pre_update,1010,1,0.0082805250,,0.0082805250,0.0082805250,5,9e-05,0,0,0,raw/earnings22-test-epoch-5-no_aug.jsonl
earnings22,test,no_aug,pre_update,1011,1,0.0077560022,,0.0077560022,0.0077560022,5,9e-05,0,0,0,raw/earnings22-test-epoch-5-no_aug.jsonl
earnings22,test,no_aug,pre_update,1012,1,0.0080857035,,0.0080857035,0.0080857035,5,9e-05,0,0,0,raw/earnings22-test-epoch-5-no_aug.jsonl
earnings22,test,no_aug,pre_update,1013,1,0.0084995106,,0.0084995106,0.0084995106,5,9e-05,0,0,0,raw/earnings22-test-epoch-5-no_aug.jsonl
earnings22,test,no_aug,pre_update,1014,1,0.0107569778,,0.0107569778,0.0107569778,5,9e-05,0,0,0,raw/earnings22-test-epoch-5-no_aug.jsonl
earnings22,test,no_aug,pre_update,1015,1,0.0110245589,,0.0110245589,0.0110245589,5,9e-05,0,0,0,raw/earnings22-test-epoch-5-no_aug.jsonl
earnings22,test,no_aug,pre_update,1016,1,0.0059395777,,0.0059395777,0.0059395777,5,9e-05,0,0,0,raw/earnings22-test-epoch-5-no_aug.jsonl
earnings22,test,no_aug,pre_update,1017,1,0.0087293880,,0.0087293880,0.0087293880,5,9e-05,0,0,0,raw/earnings22-test-epoch-5-no_aug.jsonl
earnings22,test,no_aug,pre_update,1018,1,0.0089188889,,0.0089188889,0.0089188889,5,9e-05,0,0,0,raw/earnings22-test-epoch-5-no_aug.jsonl
earnings22,test,no_aug,pre_update,1019,1,0.0111558707,,0.0111558707,0.0111558707,5,9e-05,0,0,0,raw/earnings22-test-epoch-5-no_aug.jsonl
earnings22,test,no_aug,pre_update,1020,1,0.0065777535,,0.0065777535,0.0065777535,5,9e-05,0,0,0,raw/earnings22-test-epoch-5-no_aug.jsonl
earnings22,test,no_aug,pre_update,1021,1,0.0113392593,,0.0113392593,0.0113392593,5,9e-05,0,0,0,raw/earnings22-test-epoch-5-no_aug.jsonl
earnings22,test,no_aug,pre_update,1022,1,0.0089244433,,0.0089244433,0.0089244433,5,9e-05,0,0,0,raw/earnings22-test-epoch-5-no_aug.jsonl
earnings22,test,no_aug,pre_update,1023,1,0.0060914066,,0.0060914066,0.0060914066,5,9e-05,0,0,0,raw/earnings22-test-epoch-5-no_aug.jsonl
earnings22,test,no_aug,pre_update,1024,1,0.0110017518,,0.0110017518,0.0110017518,5,9e-05,0,0,0,raw/earnings22-test-epoch-5-no_aug.jsonl
tedlium,test,freq_mask,post_update,1,11,0.1314585263,0.0390671071,0.0463451147,0.1820531487,5,9e-05,6,34,0,raw/tedlium-test-epoch-5-freq_mask.jsonl
tedlium,test,freq_mask,post_update,2,11,0.1447538896,0.0319421118,0.0951188803,0.1987431049,5,9e-05,6,34,0,raw/tedlium-test-epoch-5-freq_mask.jsonl
tedlium,test,freq_mask,post_update,3,11,0.1728303615,0.1373437284,0.0657432675,0.5713230371,5,9e-05,6,34,0,raw/tedlium-test-epoch-5-freq_mask.jsonl
tedlium,test,freq_mask,post_update,4,11,0.1565570953,0.0745118505,0.0854559988,0.3666619956,5,9e-05,6,34,0,raw/tedlium-test-epoch-5-freq_mask.jsonl
tedlium,test,freq_mask,post_update,5,11,0.1456351341,0.0316571940,0.0900650471,0.2069087625,5,9e-05,6,34,0,raw/tedlium-test-epoch-5-freq_mask.jsonl
tedlium,test,freq_mask,post_update,6,11,0.1325069260,0.0236821146,0.0861653686,0.1779229194,5,9e-05,6,34,0,raw/tedlium-test-epoch-5-freq_mask.jsonl
tedlium,test,freq_mask,post_update,7,11,0.1279448129,0.0318090989,0.0648934245,0.1778288186,5,9e-05,6,34,0,raw/tedlium-test-epoch-5-freq_mask.jsonl
tedlium,test,freq_mask,post_update,8,11,0.1362183077,0.0444114022,0.0244719647,0.1892580986,5,9e-05,6,34,0,raw/tedlium-test-epoch-5-freq_mask.jsonl
tedlium,test,freq_mask,post_update,9,11,0.1470802020,0.0464216431,0.0614015833,0.1911161542,5,9e-05,6,34,0,raw/tedlium-test-epoch-5-freq_mask.jsonl
tedlium,test,freq_mask,post_update,10,11,0.1399613626,0.0227587750,0.0985096991,0.1755832434,5,9e-05,6,34,0,raw/tedlium-test-epoch-5-freq_mask.jsonl
tedlium,test,freq_mask,post_update,11,11,0.1500810981,0.0261891178,0.1057247519,0.1929407418,5,9e-05,6,34,0,raw/tedlium-test-epoch-5-freq_mask.jsonl
tedlium,test,freq_mask,post_update,12,11,0.1475546150,0.0395804168,0.0647314638,0.2108142674,5,9e-05,6,34,0,raw/tedlium-test-epoch-5-freq_mask.jsonl
tedlium,test,freq_mask,post_update,13,11,0.1458845782,0.0375954118,0.0630642921,0.1969591826,5,9e-05,6,34,0,raw/tedlium-test-epoch-5-freq_mask.jsonl
tedlium,test,freq_mask,post_update,14,11,0.1258197230,0.0434837539,0.0174506977,0.1665976644,5,9e-05,6,34,0,raw/tedlium-test-epoch-5-freq_mask.jsonl
tedlium,test,freq_mask,post_update,15,11,0.1505237215,0.0377525903,0.0724381655,0.1935099363,5,9e-05,6,34,0,raw/tedlium-test-epoch-5-freq_mask.jsonl
tedlium,test,freq_mask,post_update,16,11,0.1477040506,0.0353998166,0.0603855178,0.2066639215,5,9e-05,6,34,0,raw/tedlium-test-epoch-5-freq_mask.jsonl
tedlium,test,freq_mask,post_update,17,11,0.1508436379,0.0301774103,0.0968986973,0.1884187907,5,9e-05,6,34,0,raw/tedlium-test-epoch-5-freq_mask.jsonl
tedlium,test,freq_mask,post_update,18,11,0.1300883974,0.0497708136,0.0158667155,0.1922107041,5,9e-05,6,34,0,raw/tedlium-test-epoch-5-freq_mask.jsonl
tedlium,test,freq_mask,post_update,19,11,0.1510670991,0.0219003670,0.1108260080,0.1984009296,5,9e-05,6,34,0,raw/tedlium-test-epoch-5-freq_mask.jsonl
tedlium,test,freq_mask,post_update,20,11,0.1390909641,0.0294019329,0.0641302839,0.1661469489,5,9e-05,6,34,0,raw/tedlium-test-epoch-5-freq_mask.jsonl
tedlium,test,freq_mask,post_update,21,11,0.1241476714,0.0442864954,0.0143746901,0.1713662148,5,9e-05,6,34,0,raw/tedlium-test-epoch-5-freq_mask.jsonl
tedlium,test,freq_mask,post_update,22,11,0.1386233216,0.0298655809,0.0874956623,0.1688045114,5,9e-05,6,34,0,raw/tedlium-test-epoch-5-freq_mask.jsonl
tedlium,test,freq_mask,post_update,23,11,0.2570422055,0.4017945999,0.0804050416,1.4651935101,5,9e-05,6,34,0,raw/tedlium-test-epoch-5-freq_mask.jsonl
tedlium,test,freq_mask,post_update,24,11,0.1335706934,0.0281322944,0.0661802292,0.1616544724,5,9e-05,6,34,0,raw/tedlium-test-epoch-5-freq_mask.jsonl
tedlium,test,freq_mask,post_update,25,11,0.1298419241,0.0428540688,0.0373416953,0.2080705613,5,9e-05,6,34,0,raw/tedlium-test-epoch-5-freq_mask.jsonl
tedlium,test,freq_mask,post_update,26,11,0.1353142532,0.0273387909,0.0836106464,0.1618976891,5,9e-05,6,34,0,raw/tedlium-test-epoch-5-freq_mask.jsonl
tedlium,test,freq_mask,post_update,27,11,0.1237885877,0.0464515234,0.0185366422,0.1773841083,5,9e-05,6,34,0,raw/tedlium-test-epoch-5-freq_mask.jsonl
tedlium,test,freq_mask,post_update,28,11,0.1298239644,0.0273951826,0.0634769499,0.1669319272,5,9e-05,6,34,0,raw/tedlium-test-epoch-5-freq_mask.jsonl
tedlium,test,freq_mask,post_update,29,11,0.1329201721,0.0440675586,0.0271294527,0.1749322712,5,9e-05,6,34,0,raw/tedlium-test-epoch-5-freq_mask.jsonl
tedlium,test,freq_mask,post_update,30,11,0.1245909171,0.0439635259,0.0206146017,0.1656815708,5,9e-05,6,34,0,raw/tedlium-test-epoch-5-freq_mask.jsonl
tedlium,test,freq_mask,post_update,31,11,0.1165003600,0.0416823530,0.0142153120,0.1678009927,5,9e-05,6,34,0,raw/tedlium-test-epoch-5-freq_mask.jsonl
tedlium,test,freq_mask,post_update,32,11,0.1294260983,0.0362337758,0.0577519499,0.1915243566,5,9e-05,6,34,0,raw/tedlium-test-epoch-5-freq_mask.jsonl
tedlium,test,freq_mask,post_update,33,11,0.1183455554,0.0482920723,0.0094288643,0.1737686098,5,9e-05,6,34,0,raw/tedlium-test-epoch-5-freq_mask.jsonl
tedlium,test,freq_mask,post_update,34,11,0.1290716780,0.0475954221,0.0080203190,0.1878700256,5,9e-05,6,34,0,raw/tedlium-test-epoch-5-freq_mask.jsonl
tedlium,test,freq_mask,post_update,35,11,0.1383438076,0.0266951566,0.1026935726,0.1855326593,5,9e-05,6,34,0,raw/tedlium-test-epoch-5-freq_mask.jsonl
tedlium,test,freq_mask,post_update,36,11,0.1346598112,0.0292433213,0.0636123717,0.1825594455,5,9e-05,6,34,0,raw/tedlium-test-epoch-5-freq_mask.jsonl
tedlium,test,freq_mask,post_update,37,11,0.1239753603,0.0307884746,0.0807773992,0.1642809510,5,9e-05,6,34,0,raw/tedlium-test-epoch-5-freq_mask.jsonl
tedlium,test,freq_mask,post_update,38,11,0.1305758702,0.0338177783,0.0756770074,0.1795752645,5,9e-05,6,34,0,raw/tedlium-test-epoch-5-freq_mask.jsonl
tedlium,test,freq_mask,post_update,39,11,0.1278543174,0.0350592118,0.0558962896,0.1719492823,5,9e-05,6,34,0,raw/tedlium-test-epoch-5-freq_mask.jsonl
tedlium,test,freq_mask,post_update,40,11,0.1135588487,0.0439912314,0.0038358073,0.1703040898,5,9e-05,6,34,0,raw/tedlium-test-epoch-5-freq_mask.jsonl
tedlium,test,freq_mask,post_update,41,11,0.1236513088,0.0312859047,0.0617033467,0.1783970892,5,9e-05,6,34,0,raw/tedlium-test-epoch-5-freq_mask.jsonl
tedlium,test,freq_mask,post_update,42,11,0.1199837198,0.0336597469,0.0593919307,0.1610177159,5,9e-05,6,34,0,raw/tedlium-test-epoch-5-freq_mask.jsonl
tedlium,test,freq_mask,post_update,43,11,0.1088415374,0.0362149261,0.0179828815,0.1443627179,5,9e-05,6,34,0,raw/tedlium-test-epoch-5-freq_mask.jsonl
tedlium,test,freq_mask,post_update,44,11,0.1086386705,0.0459074885,0.0024544662,0.1723521203,5,9e-05,6,34,0,raw/tedlium-test-epoch-5-freq_mask.jsonl
tedlium,test,freq_mask,post_update,45,11,0.1084934043,0.0310289897,0.0563902296,0.1539142132,5,9e-05,6,34,0,raw/tedlium-test-epoch-5-freq_mask.jsonl
tedlium,test,freq_mask,post_update,46,11,0.1123679490,0.0257430579,0.0606553257,0.1422895491,5,9e-05,6,34,0,raw/tedlium-test-epoch-5-freq_mask.jsonl
tedlium,test,freq_mask,post_update,47,11,0.1165716289,0.0284001163,0.0481520146,0.1517902911,5,9e-05,6,34,0,raw/tedlium-test-epoch-5-freq_mask.jsonl
tedlium,test,freq_mask,post_update,48,11,0.1198106679,0.0307643302,0.0728621930,0.1548746228,5,9e-05,6,34,0,raw/tedlium-test-epoch-5-freq_mask.jsonl
tedlium,test,freq_mask,post_update,49,11,0.1150177656,0.0219501282,0.0791879594,0.1454881132,5,9e-05,6,34,0,raw/tedlium-test-epoch-5-freq_mask.jsonl
tedlium,test,freq_mask,post_update,50,11,0.1040275310,0.0481686841,0.0015356431,0.1702587754,5,9e-05,6,34,0,raw/tedlium-test-epoch-5-freq_mask.jsonl
tedlium,test,freq_mask,post_update,51,11,0.1279729815,0.0297429971,0.0813531131,0.1650335938,5,9e-05,6,34,0,raw/tedlium-test-epoch-5-freq_mask.jsonl
tedlium,test,freq_mask,post_update,52,11,0.1146097283,0.0411355016,0.0094029289,0.1634554267,5,9e-05,6,34,0,raw/tedlium-test-epoch-5-freq_mask.jsonl
tedlium,test,freq_mask,post_update,53,11,0.1063253999,0.0471182440,0.0013936586,0.1572586000,5,9e-05,6,34,0,raw/tedlium-test-epoch-5-freq_mask.jsonl
tedlium,test,freq_mask,post_update,54,11,0.1105085225,0.0329016534,0.0618261024,0.1548583508,5,9e-05,6,34,0,raw/tedlium-test-epoch-5-freq_mask.jsonl
tedlium,test,freq_mask,post_update,55,11,0.1220505007,0.0260696398,0.0828461349,0.1575078666,5,9e-05,6,34,0,raw/tedlium-test-epoch-5-freq_mask.jsonl
tedlium,test,freq_mask,post_update,56,11,0.1095530438,0.0445987813,0.0013091190,0.1524955630,5,9e-05,6,34,0,raw/tedlium-test-epoch-5-freq_mask.jsonl
tedlium,test,freq_mask,post_update,57,11,0.1037858840,0.0312965437,0.0462987795,0.1528112739,5,9e-05,6,34,0,raw/tedlium-test-epoch-5-freq_mask.jsonl
tedlium,test,freq_mask,post_update,58,11,0.1010304022,0.0385177755,0.0017458156,0.1322779953,5,9e-05,6,34,0,raw/tedlium-test-epoch-5-freq_mask.jsonl
tedlium,test,freq_mask,post_update,59,11,0.1026246947,0.0255815568,0.0727007911,0.1509477198,5,9e-05,6,34,0,raw/tedlium-test-epoch-5-freq_mask.jsonl
tedlium,test,freq_mask,post_update,60,11,0.1001119149,0.0414237990,0.0026284638,0.1519043446,5,9e-05,6,34,0,raw/tedlium-test-epoch-5-freq_mask.jsonl
tedlium,test,freq_mask,post_update,61,11,0.1187051047,0.0287635456,0.0847936347,0.1623831987,5,9e-05,6,34,0,raw/tedlium-test-epoch-5-freq_mask.jsonl
tedlium,test,freq_mask,post_update,62,11,0.1147203473,0.0287181245,0.0473666340,0.1530733258,5,9e-05,6,34,0,raw/tedlium-test-epoch-5-freq_mask.jsonl
tedlium,test,freq_mask,post_update,63,11,0.0872176114,0.0370118465,0.0038044460,0.1354012787,5,9e-05,6,34,0,raw/tedlium-test-epoch-5-freq_mask.jsonl
tedlium,test,freq_mask,post_update,64,11,0.1066493676,0.0298362855,0.0650041923,0.1604425013,5,9e-05,6,34,0,raw/tedlium-test-epoch-5-freq_mask.jsonl
tedlium,test,freq_mask,post_update,65,11,0.1118086536,0.0240138047,0.0653082430,0.1493911892,5,9e-05,6,34,0,raw/tedlium-test-epoch-5-freq_mask.jsonl
tedlium,test,freq_mask,post_update,66,11,0.1045600770,0.0400238255,0.0217260551,0.1561170667,5,9e-05,6,34,0,raw/tedlium-test-epoch-5-freq_mask.jsonl
tedlium,test,freq_mask,post_update,67,11,0.0880793017,0.0329688977,0.0093872054,0.1247716770,5,9e-05,6,34,0,raw/tedlium-test-epoch-5-freq_mask.jsonl
tedlium,test,freq_mask,post_update,68,11,0.1001197734,0.0423094582,0.0121210488,0.1522512138,5,9e-05,6,34,0,raw/tedlium-test-epoch-5-freq_mask.jsonl
tedlium,test,freq_mask,post_update,69,11,0.1023005565,0.0364685640,0.0485970601,0.1465717256,5,9e-05,6,34,0,raw/tedlium-test-epoch-5-freq_mask.jsonl
tedlium,test,freq_mask,post_update,70,11,0.1070050340,0.0293926544,0.0662497431,0.1438878924,5,9e-05,6,34,0,raw/tedlium-test-epoch-5-freq_mask.jsonl
tedlium,test,freq_mask,post_update,71,10,0.1036386397,0.0386879721,0.0427514240,0.1507852376,5,9e-05,6,34,0,raw/tedlium-test-epoch-5-freq_mask.jsonl
tedlium,test,freq_mask,post_update,72,10,0.1076003723,0.0240829878,0.0759882927,0.1354117841,5,9e-05,6,34,0,raw/tedlium-test-epoch-5-freq_mask.jsonl
tedlium,test,freq_mask,post_update,73,10,0.1019016868,0.0347034699,0.0270748120,0.1342894137,5,9e-05,6,34,0,raw/tedlium-test-epoch-5-freq_mask.jsonl
tedlium,test,freq_mask,post_update,74,10,0.1007784717,0.0272375050,0.0667477101,0.1626305878,5,9e-05,6,34,0,raw/tedlium-test-epoch-5-freq_mask.jsonl
tedlium,test,freq_mask,post_update,75,10,0.0953389987,0.0349685933,0.0164621696,0.1354862899,5,9e-05,6,34,0,raw/tedlium-test-epoch-5-freq_mask.jsonl
tedlium,test,freq_mask,post_update,76,9,0.0887574723,0.0279462214,0.0434570573,0.1197182238,5,9e-05,6,34,0,raw/tedlium-test-epoch-5-freq_mask.jsonl
tedlium,test,freq_mask,post_update,77,9,0.1002423912,0.0287857387,0.0554004759,0.1373307705,5,9e-05,6,34,0,raw/tedlium-test-epoch-5-freq_mask.jsonl
tedlium,test,freq_mask,post_update,78,9,0.1054969033,0.0309493467,0.0506359413,0.1572099328,5,9e-05,6,34,0,raw/tedlium-test-epoch-5-freq_mask.jsonl
tedlium,test,freq_mask,post_update,79,9,0.1095268503,0.0253299752,0.0695726573,0.1504670382,5,9e-05,6,34,0,raw/tedlium-test-epoch-5-freq_mask.jsonl
tedlium,test,freq_mask,post_update,80,9,0.0983836179,0.0386996520,0.0114314333,0.1348968297,5,9e-05,6,34,0,raw/tedlium-test-epoch-5-freq_mask.jsonl
tedlium,test,freq_mask,post_update,81,9,0.1045463623,0.0305471620,0.0512049049,0.1600841135,5,9e-05,6,34,0,raw/tedlium-test-epoch-5-freq_mask.jsonl
tedlium,test,freq_mask,post_update,82,9,0.1101028182,0.0314983216,0.0638483167,0.1622673869,5,9e-05,6,34,0,raw/tedlium-test-epoch-5-freq_mask.jsonl
tedlium,test,freq_mask,post_update,83,9,0.0970366262,0.0296491624,0.0507073291,0.1311150789,5,9e-05,6,34,0,raw/tedlium-test-epoch-5-freq_mask.jsonl
tedlium,test,freq_mask,post_update,84,9,0.1055003297,0.0321306897,0.0442685112,0.1429293454,5,9e-05,6,34,0,raw/tedlium-test-epoch-5-freq_mask.jsonl
tedlium,test,freq_mask,post_update,85,9,0.0949898020,0.0360654523,0.0117324190,0.1329578161,5,9e-05,6,34,0,raw/tedlium-test-epoch-5-freq_mask.jsonl
tedlium,test,freq_mask,post_update,86,9,0.1021982365,0.0308240262,0.0602097958,0.1545007825,5,9e-05,6,34,0,raw/tedlium-test-epoch-5-freq_mask.jsonl
tedlium,test,freq_mask,post_update,87,9,0.1165120842,0.0266320759,0.0673930496,0.1623885036,5,9e-05,6,34,0,raw/tedlium-test-epoch-5-freq_mask.jsonl
tedlium,test,freq_mask,post_update,88,9,0.0965036431,0.0304597867,0.0517646819,0.1316035390,5,9e-05,6,34,0,raw/tedlium-test-epoch-5-freq_mask.jsonl
tedlium,test,freq_mask,post_update,89,9,0.1020698456,0.0333143332,0.0470139012,0.1285919845,5,9e-05,6,34,0,raw/tedlium-test-epoch-5-freq_mask.jsonl
tedlium,test,freq_mask,post_update,90,9,0.0992345570,0.0329650041,0.0629092008,0.1481620371,5,9e-05,6,34,0,raw/tedlium-test-epoch-5-freq_mask.jsonl
tedlium,test,freq_mask,post_update,91,9,0.0976942146,0.0366167669,0.0308284890,0.1371530592,5,9e-05,6,34,0,raw/tedlium-test-epoch-5-freq_mask.jsonl
tedlium,test,freq_mask,post_update,92,9,0.0826989033,0.0481083107,0.0117063671,0.1593533158,5,9e-05,6,34,0,raw/tedlium-test-epoch-5-freq_mask.jsonl
tedlium,test,freq_mask,post_update,93,9,0.1007862257,0.0276470940,0.0488637313,0.1457415819,5,9e-05,6,34,0,raw/tedlium-test-epoch-5-freq_mask.jsonl
tedlium,test,freq_mask,post_update,94,9,0.1053966590,0.0301546808,0.0674960762,0.1516507566,5,9e-05,6,34,0,raw/tedlium-test-epoch-5-freq_mask.jsonl
tedlium,test,freq_mask,post_update,95,9,0.1023736331,0.0365502122,0.0482240692,0.1588886678,5,9e-05,6,34,0,raw/tedlium-test-epoch-5-freq_mask.jsonl
tedlium,test,freq_mask,post_update,96,9,0.0957438122,0.0277644862,0.0513644107,0.1294708848,5,9e-05,6,34,0,raw/tedlium-test-epoch-5-freq_mask.jsonl
tedlium,test,freq_mask,post_update,97,9,0.0918293562,0.0446410133,0.0100015029,0.1449061036,5,9e-05,6,34,0,raw/tedlium-test-epoch-5-freq_mask.jsonl
tedlium,test,freq_mask,post_update,98,9,0.0971940714,0.0325217394,0.0629696399,0.1576071680,5,9e-05,6,34,0,raw/tedlium-test-epoch-5-freq_mask.jsonl
tedlium,test,freq_mask,post_update,99,9,0.0940535035,0.0306234242,0.0664878711,0.1456298232,5,9e-05,6,34,0,raw/tedlium-test-epoch-5-freq_mask.jsonl
tedlium,test,freq_mask,post_update,100,9,0.0979968674,0.0298217078,0.0467633903,0.1418830156,5,9e-05,6,34,0,raw/tedlium-test-epoch-5-freq_mask.jsonl
tedlium,test,freq_mask,post_update,101,8,0.0857919370,0.0422599697,0.0079170791,0.1302849650,5,9e-05,6,34,0,raw/tedlium-test-epoch-5-freq_mask.jsonl
tedlium,test,freq_mask,post_update,102,8,0.1021463992,0.0189513402,0.0809924081,0.1324901879,5,9e-05,6,34,0,raw/tedlium-test-epoch-5-freq_mask.jsonl
tedlium,test,freq_mask,post_update,103,8,0.0978579796,0.0351199812,0.0439778455,0.1485789716,5,9e-05,6,34,0,raw/tedlium-test-epoch-5-freq_mask.jsonl
tedlium,test,freq_mask,post_update,104,8,0.0901694298,0.0373379187,0.0179952383,0.1259589791,5,9e-05,6,34,0,raw/tedlium-test-epoch-5-freq_mask.jsonl
tedlium,test,freq_mask,post_update,105,8,0.1026995415,0.0345081759,0.0464052707,0.1559166312,5,9e-05,6,34,0,raw/tedlium-test-epoch-5-freq_mask.jsonl
tedlium,test,freq_mask,post_update,106,8,0.0944814226,0.0327596904,0.0495552160,0.1386926472,5,9e-05,6,34,0,raw/tedlium-test-epoch-5-freq_mask.jsonl
tedlium,test,freq_mask,post_update,107,8,0.1079301517,0.0243032476,0.0821591094,0.1560971737,5,9e-05,6,34,0,raw/tedlium-test-epoch-5-freq_mask.jsonl
tedlium,test,freq_mask,post_update,108,8,0.0992234917,0.0412000923,0.0462892801,0.1573877037,5,9e-05,6,34,0,raw/tedlium-test-epoch-5-freq_mask.jsonl
tedlium,test,freq_mask,post_update,109,8,0.0901546285,0.0370557082,0.0267546345,0.1446771771,5,9e-05,6,34,0,raw/tedlium-test-epoch-5-freq_mask.jsonl
tedlium,test,freq_mask,post_update,110,8,0.0988372648,0.0260599099,0.0632501245,0.1428184658,5,9e-05,6,34,0,raw/tedlium-test-epoch-5-freq_mask.jsonl
tedlium,test,freq_mask,post_update,111,8,0.0939208847,0.0414658616,0.0412105285,0.1561813056,5,9e-05,6,34,0,raw/tedlium-test-epoch-5-freq_mask.jsonl
tedlium,test,freq_mask,post_update,112,8,0.0868445211,0.0337685494,0.0212849416,0.1183428913,5,9e-05,6,34,0,raw/tedlium-test-epoch-5-freq_mask.jsonl
tedlium,test,freq_mask,post_update,113,8,0.0882698456,0.0272569053,0.0432091430,0.1257985234,5,9e-05,6,34,0,raw/tedlium-test-epoch-5-freq_mask.jsonl
tedlium,test,freq_mask,post_update,114,8,0.0864641098,0.0377124708,0.0355423652,0.1277257502,5,9e-05,6,34,0,raw/tedlium-test-epoch-5-freq_mask.jsonl
tedlium,test,freq_mask,post_update,115,8,0.0807951887,0.0336636219,0.0286980253,0.1207007989,5,9e-05,6,34,0,raw/tedlium-test-epoch-5-freq_mask.jsonl
tedlium,test,freq_mask,post_update,116,8,0.0903197734,0.0443140153,0.0231355783,0.1463287920,5,9e-05,6,34,0,raw/tedlium-test-epoch-5-freq_mask.jsonl
tedlium,test,freq_mask,post_update,117,8,0.0927785952,0.0259682112,0.0541900247,0.1303035915,5,9e-05,6,34,0,raw/tedlium-test-epoch-5-freq_mask.jsonl
tedlium,test,freq_mask,post_update,118,8,0.0940939095,0.0304170339,0.0458456725,0.1452105641,5,9e-05,6,34,0,raw/tedlium-test-epoch-5-freq_mask.jsonl
tedlium,test,freq_mask,post_update,119,8,0.0843352354,0.0380220334,0.0382394157,0.1413568109,5,9e-05,6,34,0,raw/tedlium-test-epoch-5-freq_mask.jsonl
tedlium,test,freq_mask,post_update,120,8,0.0940597262,0.0242839233,0.0635742843,0.1228700057,5,9e-05,6,34,0,raw/tedlium-test-epoch-5-freq_mask.jsonl
tedlium,test,freq_mask,post_update,121,8,0.0909669558,0.0285958201,0.0420614779,0.1292466819,5,9e-05,6,34,0,raw/tedlium-test-epoch-5-freq_mask.jsonl
tedlium,test,freq_mask,post_update,122,8,0.0908900518,0.0295158310,0.0419960693,0.1327937692,5,9e-05,6,34,0,raw/tedlium-test-epoch-5-freq_mask.jsonl
tedlium,test,freq_mask,post_update,123,8,0.0870545497,0.0380168049,0.0460434817,0.1405480206,5,9e-05,6,34,0,raw/tedlium-test-epoch-5-freq_mask.jsonl
tedlium,test,freq_mask,post_update,124,8,0.0949591771,0.0284678824,0.0580895245,0.1336086690,5,9e-05,6,34,0,raw/tedlium-test-epoch-5-freq_mask.jsonl
tedlium,test,freq_mask,post_update,125,8,0.0827441458,0.0385617492,0.0076879300,0.1297681630,5,9e-05,6,34,0,raw/tedlium-test-epoch-5-freq_mask.jsonl
tedlium,test,freq_mask,post_update,126,8,0.0833567702,0.0302769165,0.0338282026,0.1241599843,5,9e-05,6,34,0,raw/tedlium-test-epoch-5-freq_mask.jsonl
tedlium,test,freq_mask,post_update,127,8,0.0938847996,0.0237241786,0.0632588640,0.1236779988,5,9e-05,6,34,0,raw/tedlium-test-epoch-5-freq_mask.jsonl
tedlium,test,freq_mask,post_update,128,8,0.0875368100,0.0284651209,0.0456961617,0.1222032309,5,9e-05,6,34,0,raw/tedlium-test-epoch-5-freq_mask.jsonl
tedlium,test,freq_mask,post_update,129,8,0.0912463116,0.0242200782,0.0579534769,0.1258950531,5,9e-05,6,34,0,raw/tedlium-test-epoch-5-freq_mask.jsonl
tedlium,test,freq_mask,post_update,130,8,0.0855231932,0.0290880519,0.0486964062,0.1331014335,5,9e-05,6,34,0,raw/tedlium-test-epoch-5-freq_mask.jsonl
tedlium,test,freq_mask,post_update,131,8,0.0809747834,0.0395485499,0.0054916525,0.1165163592,5,9e-05,6,34,0,raw/tedlium-test-epoch-5-freq_mask.jsonl
tedlium,test,freq_mask,post_update,132,8,0.0869993886,0.0419197820,0.0053086523,0.1360676289,5,9e-05,6,34,0,raw/tedlium-test-epoch-5-freq_mask.jsonl
tedlium,test,freq_mask,post_update,133,8,0.0837655049,0.0259485368,0.0447232127,0.1178546250,5,9e-05,6,34,0,raw/tedlium-test-epoch-5-freq_mask.jsonl
tedlium,test,freq_mask,post_update,134,8,0.0719067627,0.0333558810,0.0049315356,0.1120551601,5,9e-05,6,34,0,raw/tedlium-test-epoch-5-freq_mask.jsonl
tedlium,test,freq_mask,post_update,135,8,0.0860138116,0.0272322365,0.0471153110,0.1224514693,5,9e-05,6,34,0,raw/tedlium-test-epoch-5-freq_mask.jsonl
tedlium,test,freq_mask,post_update,136,8,0.0854279636,0.0290278018,0.0491257533,0.1308896691,5,9e-05,6,34,0,raw/tedlium-test-epoch-5-freq_mask.jsonl
tedlium,test,freq_mask,post_update,137,8,0.0688725484,0.0420119818,0.0045197438,0.1496949196,5,9e-05,6,34,0,raw/tedlium-test-epoch-5-freq_mask.jsonl
tedlium,test,freq_mask,post_update,138,8,0.0829916000,0.0420712507,0.0264860913,0.1534837186,5,9e-05,6,34,0,raw/tedlium-test-epoch-5-freq_mask.jsonl
tedlium,test,freq_mask,post_update,139,8,0.0802340395,0.0363862842,0.0057112565,0.1163158715,5,9e-05,6,34,0,raw/tedlium-test-epoch-5-freq_mask.jsonl
tedlium,test,freq_mask,post_update,140,8,0.0841177662,0.0394675209,0.0067462749,0.1432983726,5,9e-05,6,34,0,raw/tedlium-test-epoch-5-freq_mask.jsonl
tedlium,test,freq_mask,post_update,141,8,0.0816218378,0.0391326894,0.0088416263,0.1201437265,5,9e-05,6,34,0,raw/tedlium-test-epoch-5-freq_mask.jsonl
tedlium,test,freq_mask,post_update,142,8,0.0857693332,0.0378913378,0.0222895760,0.1508181393,5,9e-05,6,34,0,raw/tedlium-test-epoch-5-freq_mask.jsonl
tedlium,test,freq_mask,post_update,143,8,0.0847402927,0.0455657818,0.0175013691,0.1506799757,5,9e-05,6,34,0,raw/tedlium-test-epoch-5-freq_mask.jsonl
tedlium,test,freq_mask,post_update,144,8,0.0833230638,0.0320777730,0.0493209921,0.1376234591,5,9e-05,6,34,0,raw/tedlium-test-epoch-5-freq_mask.jsonl
tedlium,test,freq_mask,post_update,145,8,0.0827499621,0.0390543757,0.0127914269,0.1205774993,5,9e-05,6,34,0,raw/tedlium-test-epoch-5-freq_mask.jsonl
tedlium,test,freq_mask,post_update,146,7,0.0918372742,0.0304664112,0.0638603345,0.1476866305,5,9e-05,6,34,0,raw/tedlium-test-epoch-5-freq_mask.jsonl
tedlium,test,freq_mask,post_update,147,7,0.0901490556,0.0322446463,0.0632555708,0.1529006660,5,9e-05,6,34,0,raw/tedlium-test-epoch-5-freq_mask.jsonl
tedlium,test,freq_mask,post_update,148,7,0.0803587027,0.0257288554,0.0505444147,0.1151414290,5,9e-05,6,34,0,raw/tedlium-test-epoch-5-freq_mask.jsonl
tedlium,test,freq_mask,post_update,149,7,0.0890303382,0.0306605858,0.0485674515,0.1357998848,5,9e-05,6,34,0,raw/tedlium-test-epoch-5-freq_mask.jsonl
tedlium,test,freq_mask,post_update,150,7,0.0795453601,0.0254025585,0.0438273363,0.1102621853,5,9e-05,6,34,0,raw/tedlium-test-epoch-5-freq_mask.jsonl
tedlium,test,freq_mask,post_update,151,7,0.0865283938,0.0241664770,0.0519913435,0.1129774004,5,9e-05,6,34,0,raw/tedlium-test-epoch-5-freq_mask.jsonl
tedlium,test,freq_mask,post_update,152,7,0.0867020115,0.0296013909,0.0453591049,0.1294302046,5,9e-05,6,34,0,raw/tedlium-test-epoch-5-freq_mask.jsonl
tedlium,test,freq_mask,post_update,153,7,0.0728631882,0.0272470144,0.0442089885,0.1090025157,5,9e-05,6,34,0,raw/tedlium-test-epoch-5-freq_mask.jsonl
tedlium,test,freq_mask,post_update,154,7,0.0875196989,0.0311310928,0.0408116803,0.1353549808,5,9e-05,6,34,0,raw/tedlium-test-epoch-5-freq_mask.jsonl
tedlium,test,freq_mask,post_update,155,7,0.0721439517,0.0379149658,0.0101749189,0.1188553721,5,9e-05,6,34,0,raw/tedlium-test-epoch-5-freq_mask.jsonl
tedlium,test,freq_mask,post_update,156,7,0.0935301153,0.0308995562,0.0433769897,0.1290431619,5,9e-05,6,34,0,raw/tedlium-test-epoch-5-freq_mask.jsonl
tedlium,test,freq_mask,post_update,157,7,0.0845086356,0.0349447403,0.0539017357,0.1449153274,5,9e-05,6,34,0,raw/tedlium-test-epoch-5-freq_mask.jsonl
tedlium,test,freq_mask,post_update,158,7,0.0892308546,0.0298412958,0.0593186170,0.1369318366,5,9e-05,6,34,0,raw/tedlium-test-epoch-5-freq_mask.jsonl
tedlium,test,freq_mask,post_update,159,7,0.0866373336,0.0236653906,0.0595830865,0.1208248883,5,9e-05,6,34,0,raw/tedlium-test-epoch-5-freq_mask.jsonl
tedlium,test,freq_mask,post_update,160,7,0.0889530671,0.0295608806,0.0481648147,0.1363576055,5,9e-05,6,34,0,raw/tedlium-test-epoch-5-freq_mask.jsonl
tedlium,test,freq_mask,post_update,161,7,0.0871673679,0.0325769335,0.0475991219,0.1399141252,5,9e-05,6,34,0,raw/tedlium-test-epoch-5-freq_mask.jsonl
tedlium,test,freq_mask,post_update,162,7,0.0870256919,0.0246889629,0.0576138385,0.1167207658,5,9e-05,6,34,0,raw/tedlium-test-epoch-5-freq_mask.jsonl
tedlium,test,freq_mask,post_update,163,7,0.0837122702,0.0248223891,0.0549139678,0.1120486930,5,9e-05,6,34,0,raw/tedlium-test-epoch-5-freq_mask.jsonl
tedlium,test,freq_mask,post_update,164,7,0.0858795212,0.0315711700,0.0543613657,0.1354164928,5,9e-05,6,34,0,raw/tedlium-test-epoch-5-freq_mask.jsonl
tedlium,test,freq_mask,post_update,165,7,0.0852287321,0.0221346279,0.0504120514,0.1134351790,5,9e-05,6,34,0,raw/tedlium-test-epoch-5-freq_mask.jsonl
tedlium,test,freq_mask,post_update,166,7,0.0893334597,0.0216810326,0.0517863035,0.1105456501,5,9e-05,6,34,0,raw/tedlium-test-epoch-5-freq_mask.jsonl
tedlium,test,freq_mask,post_update,167,7,0.0885866375,0.0245115855,0.0532018505,0.1163394600,5,9e-05,6,34,0,raw/tedlium-test-epoch-5-freq_mask.jsonl
tedlium,test,freq_mask,post_update,168,7,0.0763828238,0.0248708093,0.0446355119,0.1054884046,5,9e-05,6,34,0,raw/tedlium-test-epoch-5-freq_mask.jsonl
tedlium,test,freq_mask,post_update,169,7,0.0930286486,0.0247823153,0.0582350492,0.1259939075,5,9e-05,6,34,0,raw/tedlium-test-epoch-5-freq_mask.jsonl
tedlium,test,freq_mask,post_update,170,7,0.0833680715,0.0328693224,0.0386534482,0.1440997720,5,9e-05,6,34,0,raw/tedlium-test-epoch-5-freq_mask.jsonl
tedlium,test,freq_mask,post_update,171,7,0.0887864865,0.0169330210,0.0614909045,0.1082992554,5,9e-05,6,34,0,raw/tedlium-test-epoch-5-freq_mask.jsonl
tedlium,test,freq_mask,post_update,172,7,0.0787368555,0.0195481235,0.0477215275,0.1016343161,5,9e-05,6,34,0,raw/tedlium-test-epoch-5-freq_mask.jsonl
tedlium,test,freq_mask,post_update,173,7,0.0850420754,0.0263228675,0.0547606386,0.1175103039,5,9e-05,6,34,0,raw/tedlium-test-epoch-5-freq_mask.jsonl
tedlium,test,freq_mask,post_update,174,7,0.0873975775,0.0314796833,0.0464412495,0.1390349865,5,9e-05,6,34,0,raw/tedlium-test-epoch-5-freq_mask.jsonl
tedlium,test,freq_mask,post_update,175,7,0.0857373178,0.0300943440,0.0484068282,0.1215313077,5,9e-05,6,34,0,raw/tedlium-test-epoch-5-freq_mask.jsonl
tedlium,test,freq_mask,post_update,176,7,0.0980332643,0.0201862208,0.0731602237,0.1278495193,5,9e-05,6,34,0,raw/tedlium-test-epoch-5-freq_mask.jsonl
tedlium,test,freq_mask,post_update,177,7,0.0757610063,0.0354928901,0.0340182520,0.1310856491,5,9e-05,6,34,0,raw/tedlium-test-epoch-5-freq_mask.jsonl
tedlium,test,freq_mask,post_update,178,7,0.0830020489,0.0236464494,0.0495687500,0.1118187681,5,9e-05,6,34,0,raw/tedlium-test-epoch-5-freq_mask.jsonl
tedlium,test,freq_mask,post_update,179,7,0.0908628638,0.0199664690,0.0573849604,0.1138478294,5,9e-05,6,34,0,raw/tedlium-test-epoch-5-freq_mask.jsonl
tedlium,test,freq_mask,post_update,180,7,0.0692615967,0.0224342235,0.0460032336,0.0992298126,5,9e-05,6,34,0,raw/tedlium-test-epoch-5-freq_mask.jsonl
tedlium,test,freq_mask,post_update,181,7,0.0842810380,0.0188403104,0.0546713620,0.1027935296,5,9e-05,6,34,0,raw/tedlium-test-epoch-5-freq_mask.jsonl
tedlium,test,freq_mask,post_update,182,7,0.0824663958,0.0285125288,0.0451956391,0.1173569113,5,9e-05,6,34,0,raw/tedlium-test-epoch-5-freq_mask.jsonl
tedlium,test,freq_mask,post_update,183,7,0.0894273072,0.0282132014,0.0488269404,0.1274510920,5,9e-05,6,34,0,raw/tedlium-test-epoch-5-freq_mask.jsonl
tedlium,test,freq_mask,post_update,184,7,0.0835489354,0.0276299273,0.0548813790,0.1336824894,5,9e-05,6,34,0,raw/tedlium-test-epoch-5-freq_mask.jsonl
tedlium,test,freq_mask,post_update,185,7,0.0768622761,0.0266443087,0.0423371494,0.1172218770,5,9e-05,6,34,0,raw/tedlium-test-epoch-5-freq_mask.jsonl
tedlium,test,freq_mask,post_update,186,7,0.0774196035,0.0243505771,0.0492144972,0.1202649325,5,9e-05,6,34,0,raw/tedlium-test-epoch-5-freq_mask.jsonl
tedlium,test,freq_mask,post_update,187,7,0.0772927185,0.0294147367,0.0445677042,0.1243215352,5,9e-05,6,34,0,raw/tedlium-test-epoch-5-freq_mask.jsonl
tedlium,test,freq_mask,post_update,188,7,0.0724626301,0.0343028434,0.0211505517,0.1238184422,5,9e-05,6,34,0,raw/tedlium-test-epoch-5-freq_mask.jsonl
tedlium,test,freq_mask,post_update,189,7,0.0789349531,0.0326355464,0.0302383676,0.1362936199,5,9e-05,6,34,0,raw/tedlium-test-epoch-5-freq_mask.jsonl
tedlium,test,freq_mask,post_update,190,7,0.0850274776,0.0258510613,0.0429966375,0.1098383963,5,9e-05,6,34,0,raw/tedlium-test-epoch-5-freq_mask.jsonl
tedlium,test,freq_mask,post_update,191,7,0.0838990318,0.0201720858,0.0551301464,0.1067255586,5,9e-05,6,34,0,raw/tedlium-test-epoch-5-freq_mask.jsonl
tedlium,test,freq_mask,post_update,192,7,0.0836342584,0.0241063012,0.0513531193,0.1191920340,5,9e-05,6,34,0,raw/tedlium-test-epoch-5-freq_mask.jsonl
tedlium,test,freq_mask,post_update,193,7,0.0916598077,0.0328181796,0.0496537536,0.1451061219,5,9e-05,6,34,0,raw/tedlium-test-epoch-5-freq_mask.jsonl
tedlium,test,freq_mask,post_update,194,7,0.0875563579,0.0222583295,0.0584110692,0.1225030273,5,9e-05,6,34,0,raw/tedlium-test-epoch-5-freq_mask.jsonl
tedlium,test,freq_mask,post_update,195,7,0.0864423471,0.0262367530,0.0549545437,0.1326588541,5,9e-05,6,34,0,raw/tedlium-test-epoch-5-freq_mask.jsonl
tedlium,test,freq_mask,post_update,196,7,0.0823975307,0.0308477873,0.0501897186,0.1339731514,5,9e-05,6,34,0,raw/tedlium-test-epoch-5-freq_mask.jsonl
tedlium,test,freq_mask,post_update,197,7,0.0780842161,0.0196510370,0.0568225980,0.1091744378,5,9e-05,6,34,0,raw/tedlium-test-epoch-5-freq_mask.jsonl
tedlium,test,freq_mask,post_update,198,7,0.0869057051,0.0194149494,0.0600027218,0.1068665460,5,9e-05,6,34,0,raw/tedlium-test-epoch-5-freq_mask.jsonl
tedlium,test,freq_mask,post_update,199,7,0.0695522135,0.0255321112,0.0443634540,0.1082023606,5,9e-05,6,34,0,raw/tedlium-test-epoch-5-freq_mask.jsonl
tedlium,test,freq_mask,post_update,200,7,0.0845120251,0.0217603843,0.0531288460,0.1078925654,5,9e-05,6,34,0,raw/tedlium-test-epoch-5-freq_mask.jsonl
tedlium,test,freq_mask,post_update,201,7,0.0729313490,0.0326819021,0.0146189053,0.1126597375,5,9e-05,6,34,0,raw/tedlium-test-epoch-5-freq_mask.jsonl
tedlium,test,freq_mask,post_update,202,7,0.0843795293,0.0282052967,0.0483179986,0.1356783807,5,9e-05,6,34,0,raw/tedlium-test-epoch-5-freq_mask.jsonl
tedlium,test,freq_mask,post_update,203,7,0.0860381547,0.0325666510,0.0453841537,0.1363805681,5,9e-05,6,34,0,raw/tedlium-test-epoch-5-freq_mask.jsonl
tedlium,test,freq_mask,post_update,204,7,0.0778547744,0.0184682938,0.0479423925,0.0949064940,5,9e-05,6,34,0,raw/tedlium-test-epoch-5-freq_mask.jsonl
tedlium,test,freq_mask,post_update,205,7,0.0756328425,0.0264580860,0.0391059071,0.1117810532,5,9e-05,6,34,0,raw/tedlium-test-epoch-5-freq_mask.jsonl
tedlium,test,freq_mask,post_update,206,7,0.0737371439,0.0184608745,0.0553151481,0.1012688279,5,9e-05,6,34,0,raw/tedlium-test-epoch-5-freq_mask.jsonl
tedlium,test,freq_mask,post_update,207,7,0.0786968853,0.0231475700,0.0405293703,0.0991686508,5,9e-05,6,34,0,raw/tedlium-test-epoch-5-freq_mask.jsonl
tedlium,test,freq_mask,post_update,208,7,0.0851378111,0.0189983317,0.0511144176,0.1011993289,5,9e-05,6,34,0,raw/tedlium-test-epoch-5-freq_mask.jsonl
tedlium,test,freq_mask,post_update,209,7,0.0777043753,0.0223355723,0.0468906760,0.1015404835,5,9e-05,6,34,0,raw/tedlium-test-epoch-5-freq_mask.jsonl
tedlium,test,freq_mask,post_update,210,7,0.0759469420,0.0214398031,0.0426246747,0.1004478857,5,9e-05,6,34,0,raw/tedlium-test-epoch-5-freq_mask.jsonl
tedlium,test,freq_mask,post_update,211,7,0.0901399138,0.0228249343,0.0636675134,0.1257741749,5,9e-05,6,34,0,raw/tedlium-test-epoch-5-freq_mask.jsonl
tedlium,test,freq_mask,post_update,212,7,0.0804318280,0.0271131393,0.0546280965,0.1239956319,5,9e-05,6,34,0,raw/tedlium-test-epoch-5-freq_mask.jsonl
tedlium,test,freq_mask,post_update,213,7,0.0782040203,0.0331341653,0.0399967954,0.1359901428,5,9e-05,6,34,0,raw/tedlium-test-epoch-5-freq_mask.jsonl
tedlium,test,freq_mask,post_update,214,7,0.0846033682,0.0227579324,0.0533659011,0.1233226806,5,9e-05,6,34,0,raw/tedlium-test-epoch-5-freq_mask.jsonl
tedlium,test,freq_mask,post_update,215,7,0.0809414951,0.0267872754,0.0415094048,0.1078351960,5,9e-05,6,34,0,raw/tedlium-test-epoch-5-freq_mask.jsonl
tedlium,test,freq_mask,post_update,216,7,0.0769797223,0.0224892463,0.0431030840,0.0983597338,5,9e-05,6,34,0,raw/tedlium-test-epoch-5-freq_mask.jsonl
tedlium,test,freq_mask,post_update,217,7,0.0816028746,0.0256574446,0.0396281555,0.1195534691,5,9e-05,6,34,0,raw/tedlium-test-epoch-5-freq_mask.jsonl
tedlium,test,freq_mask,post_update,218,7,0.0818927916,0.0242295265,0.0445104092,0.1226117313,5,9e-05,6,34,0,raw/tedlium-test-epoch-5-freq_mask.jsonl
tedlium,test,freq_mask,post_update,219,7,0.0811557376,0.0277819565,0.0444558710,0.1259852797,5,9e-05,6,34,0,raw/tedlium-test-epoch-5-freq_mask.jsonl
tedlium,test,freq_mask,post_update,220,7,0.0777775683,0.0415652100,0.0308754630,0.1344671398,5,9e-05,6,34,0,raw/tedlium-test-epoch-5-freq_mask.jsonl
tedlium,test,freq_mask,post_update,221,7,0.0727034275,0.0235230933,0.0394371785,0.1032959670,5,9e-05,6,34,0,raw/tedlium-test-epoch-5-freq_mask.jsonl
tedlium,test,freq_mask,post_update,222,7,0.0866087899,0.0305318820,0.0409568250,0.1381314397,5,9e-05,6,34,0,raw/tedlium-test-epoch-5-freq_mask.jsonl
tedlium,test,freq_mask,post_update,223,7,0.0689113566,0.0325770520,0.0166009143,0.1026781723,5,9e-05,6,34,0,raw/tedlium-test-epoch-5-freq_mask.jsonl
tedlium,test,freq_mask,post_update,224,7,0.0755444275,0.0274577162,0.0369171277,0.1066957340,5,9e-05,6,34,0,raw/tedlium-test-epoch-5-freq_mask.jsonl
tedlium,test,freq_mask,post_update,225,7,0.0672019635,0.0204342570,0.0406509899,0.0921860933,5,9e-05,6,34,0,raw/tedlium-test-epoch-5-freq_mask.jsonl
tedlium,test,freq_mask,post_update,226,6,0.0709219662,0.0166397342,0.0488571152,0.0926614478,5,9e-05,6,34,0,raw/tedlium-test-epoch-5-freq_mask.jsonl
tedlium,test,freq_mask,post_update,227,6,0.0668030803,0.0214283458,0.0422487818,0.0976241827,5,9e-05,6,34,0,raw/tedlium-test-epoch-5-freq_mask.jsonl
tedlium,test,freq_mask,post_update,228,6,0.0832163642,0.0146908488,0.0614635199,0.0993661582,5,9e-05,6,34,0,raw/tedlium-test-epoch-5-freq_mask.jsonl
tedlium,test,freq_mask,post_update,229,6,0.0794516591,0.0215920846,0.0534972101,0.1075690091,5,9e-05,6,34,0,raw/tedlium-test-epoch-5-freq_mask.jsonl
tedlium,test,freq_mask,post_update,230,6,0.0781792868,0.0255272334,0.0422975421,0.1061113030,5,9e-05,6,34,0,raw/tedlium-test-epoch-5-freq_mask.jsonl
tedlium,test,freq_mask,post_update,231,6,0.0729576449,0.0250385688,0.0405420437,0.1100454777,5,9e-05,6,34,0,raw/tedlium-test-epoch-5-freq_mask.jsonl
tedlium,test,freq_mask,post_update,232,6,0.0806074484,0.0243004528,0.0556129403,0.1130534858,5,9e-05,6,34,0,raw/tedlium-test-epoch-5-freq_mask.jsonl
tedlium,test,freq_mask,post_update,233,6,0.0746419703,0.0181377457,0.0566475838,0.0984678939,5,9e-05,6,34,0,raw/tedlium-test-epoch-5-freq_mask.jsonl
tedlium,test,freq_mask,post_update,234,6,0.0822885825,0.0215711042,0.0614261888,0.1155413985,5,9e-05,6,34,0,raw/tedlium-test-epoch-5-freq_mask.jsonl
tedlium,test,freq_mask,post_update,235,6,0.0778585393,0.0306267631,0.0402778499,0.1218996719,5,9e-05,6,34,0,raw/tedlium-test-epoch-5-freq_mask.jsonl
tedlium,test,freq_mask,post_update,236,6,0.0746209957,0.0242706462,0.0412425324,0.1111596078,5,9e-05,6,34,0,raw/tedlium-test-epoch-5-freq_mask.jsonl
tedlium,test,freq_mask,post_update,237,6,0.0752707329,0.0301116461,0.0512651131,0.1262497306,5,9e-05,6,34,0,raw/tedlium-test-epoch-5-freq_mask.jsonl
tedlium,test,freq_mask,post_update,238,6,0.0673846379,0.0277589655,0.0336986817,0.1108758599,5,9e-05,6,34,0,raw/tedlium-test-epoch-5-freq_mask.jsonl
tedlium,test,freq_mask,post_update,239,6,0.0744577727,0.0281840702,0.0469485372,0.1200507507,5,9e-05,6,34,0,raw/tedlium-test-epoch-5-freq_mask.jsonl
tedlium,test,freq_mask,post_update,240,6,0.0823225354,0.0351528147,0.0327848494,0.1260305643,5,9e-05,6,34,0,raw/tedlium-test-epoch-5-freq_mask.jsonl
tedlium,test,freq_mask,post_update,241,6,0.0758320478,0.0204004387,0.0458500087,0.1015329435,5,9e-05,6,34,0,raw/tedlium-test-epoch-5-freq_mask.jsonl
tedlium,test,freq_mask,post_update,242,6,0.0796386165,0.0227730109,0.0461799800,0.1144911945,5,9e-05,6,34,0,raw/tedlium-test-epoch-5-freq_mask.jsonl
tedlium,test,freq_mask,post_update,243,6,0.0744459604,0.0199323848,0.0555999577,0.1068109423,5,9e-05,6,34,0,raw/tedlium-test-epoch-5-freq_mask.jsonl
tedlium,test,freq_mask,post_update,244,6,0.0673956933,0.0143245538,0.0508004129,0.0872716531,5,9e-05,6,34,0,raw/tedlium-test-epoch-5-freq_mask.jsonl
tedlium,test,freq_mask,post_update,245,6,0.0766318341,0.0181776996,0.0579749495,0.1038722172,5,9e-05,6,34,0,raw/tedlium-test-epoch-5-freq_mask.jsonl
tedlium,test,freq_mask,post_update,246,5,0.0728364475,0.0159111778,0.0567068718,0.0972700343,5,9e-05,6,34,0,raw/tedlium-test-epoch-5-freq_mask.jsonl
tedlium,test,freq_mask,post_update,247,5,0.0658845894,0.0174459268,0.0454988703,0.0853946581,5,9e-05,6,34,0,raw/tedlium-test-epoch-5-freq_mask.jsonl
tedlium,test,freq_mask,post_update,248,5,0.0855965063,0.0236207380,0.0554226935,0.1109999269,5,9e-05,6,34,0,raw/tedlium-test-epoch-5-freq_mask.jsonl
tedlium,test,freq_mask,post_update,249,5,0.0693142585,0.0208206182,0.0468768775,0.0938715935,5,9e-05,6,34,0,raw/tedlium-test-epoch-5-freq_mask.jsonl
tedlium,test,freq_mask,post_update,250,5,0.0684359677,0.0253904665,0.0433245748,0.0973786414,5,9e-05,6,34,0,raw/tedlium-test-epoch-5-freq_mask.jsonl
tedlium,test,freq_mask,post_update,251,5,0.0676660910,0.0246783494,0.0424811170,0.0983257294,5,9e-05,6,34,0,raw/tedlium-test-epoch-5-freq_mask.jsonl
tedlium,test,freq_mask,post_update,252,5,0.0806072615,0.0329798932,0.0420122705,0.1217137054,5,9e-05,6,34,0,raw/tedlium-test-epoch-5-freq_mask.jsonl
tedlium,test,freq_mask,post_update,253,5,0.0700309992,0.0223145016,0.0476422459,0.0972098187,5,9e-05,6,34,0,raw/tedlium-test-epoch-5-freq_mask.jsonl
tedlium,test,freq_mask,post_update,254,5,0.0743709408,0.0252166962,0.0458224341,0.1016353443,5,9e-05,6,34,0,raw/tedlium-test-epoch-5-freq_mask.jsonl
tedlium,test,freq_mask,post_update,255,5,0.0810101397,0.0363661463,0.0435520820,0.1329086721,5,9e-05,6,34,0,raw/tedlium-test-epoch-5-freq_mask.jsonl
tedlium,test,freq_mask,post_update,256,4,0.0699539036,0.0206829592,0.0414116830,0.0891742557,5,9e-05,6,34,0,raw/tedlium-test-epoch-5-freq_mask.jsonl
tedlium,test,freq_mask,post_update,257,4,0.0805761600,0.0301192939,0.0380603485,0.1089921147,5,9e-05,6,34,0,raw/tedlium-test-epoch-5-freq_mask.jsonl
tedlium,test,freq_mask,post_update,258,4,0.0767230643,0.0261913072,0.0407228805,0.1035500690,5,9e-05,6,34,0,raw/tedlium-test-epoch-5-freq_mask.jsonl
tedlium,test,freq_mask,post_update,259,4,0.0621034121,0.0227726363,0.0413474366,0.0887021571,5,9e-05,6,34,0,raw/tedlium-test-epoch-5-freq_mask.jsonl
tedlium,test,freq_mask,post_update,260,4,0.0864845412,0.0313695814,0.0399829783,0.1081559956,5,9e-05,6,34,0,raw/tedlium-test-epoch-5-freq_mask.jsonl
tedlium,test,freq_mask,post_update,261,4,0.0684959106,0.0276288461,0.0399267450,0.0925388038,5,9e-05,6,34,0,raw/tedlium-test-epoch-5-freq_mask.jsonl
tedlium,test,freq_mask,post_update,262,4,0.0817654897,0.0384024231,0.0355573744,0.1241157055,5,9e-05,6,34,0,raw/tedlium-test-epoch-5-freq_mask.jsonl
tedlium,test,freq_mask,post_update,263,4,0.0712051969,0.0288624843,0.0376053229,0.1080250740,5,9e-05,6,34,0,raw/tedlium-test-epoch-5-freq_mask.jsonl
tedlium,test,freq_mask,post_update,264,4,0.0715866685,0.0269135591,0.0337900147,0.0964365527,5,9e-05,6,34,0,raw/tedlium-test-epoch-5-freq_mask.jsonl
tedlium,test,freq_mask,post_update,265,4,0.0784360450,0.0336839227,0.0325188115,0.1136185378,5,9e-05,6,34,0,raw/tedlium-test-epoch-5-freq_mask.jsonl
tedlium,test,freq_mask,post_update,266,4,0.0780435428,0.0223005532,0.0482841283,0.1021277383,5,9e-05,6,34,0,raw/tedlium-test-epoch-5-freq_mask.jsonl
tedlium,test,freq_mask,post_update,267,4,0.0857190229,0.0301450588,0.0453717783,0.1183113903,5,9e-05,6,34,0,raw/tedlium-test-epoch-5-freq_mask.jsonl
tedlium,test,freq_mask,post_update,268,4,0.0707383249,0.0174821086,0.0447314978,0.0813549161,5,9e-05,6,34,0,raw/tedlium-test-epoch-5-freq_mask.jsonl
tedlium,test,freq_mask,post_update,269,4,0.0737572554,0.0297855232,0.0386889577,0.1114366576,5,9e-05,6,34,0,raw/tedlium-test-epoch-5-freq_mask.jsonl
tedlium,test,freq_mask,post_update,270,4,0.0851528244,0.0368923960,0.0366103314,0.1259335279,5,9e-05,6,34,0,raw/tedlium-test-epoch-5-freq_mask.jsonl
tedlium,test,freq_mask,post_update,271,2,0.0494844560,0.0033741740,0.0470985547,0.0518703572,5,9e-05,6,34,0,raw/tedlium-test-epoch-5-freq_mask.jsonl
tedlium,test,freq_mask,post_update,272,2,0.0692070909,0.0431703795,0.0386810228,0.0997331589,5,9e-05,6,34,0,raw/tedlium-test-epoch-5-freq_mask.jsonl
tedlium,test,freq_mask,post_update,273,2,0.0652166810,0.0271328582,0.0460308529,0.0844025090,5,9e-05,6,34,0,raw/tedlium-test-epoch-5-freq_mask.jsonl
tedlium,test,freq_mask,post_update,274,2,0.0780133978,0.0123283009,0.0692959726,0.0867308229,5,9e-05,6,34,0,raw/tedlium-test-epoch-5-freq_mask.jsonl
tedlium,test,freq_mask,post_update,275,2,0.0580793601,0.0237311018,0.0412989371,0.0748597831,5,9e-05,6,34,0,raw/tedlium-test-epoch-5-freq_mask.jsonl
tedlium,test,freq_mask,post_update,276,2,0.0570049025,0.0152776794,0.0462019518,0.0678078532,5,9e-05,6,34,0,raw/tedlium-test-epoch-5-freq_mask.jsonl
tedlium,test,freq_mask,post_update,277,2,0.0682375170,0.0326250694,0.0451681092,0.0913069248,5,9e-05,6,34,0,raw/tedlium-test-epoch-5-freq_mask.jsonl
tedlium,test,freq_mask,post_update,278,2,0.0504402462,0.0170058240,0.0384153128,0.0624651797,5,9e-05,6,34,0,raw/tedlium-test-epoch-5-freq_mask.jsonl
tedlium,test,freq_mask,post_update,279,2,0.0659506768,0.0310196696,0.0440164581,0.0878848955,5,9e-05,6,34,0,raw/tedlium-test-epoch-5-freq_mask.jsonl
tedlium,test,freq_mask,post_update,280,2,0.0656184964,0.0366876357,0.0396764204,0.0915605724,5,9e-05,6,34,0,raw/tedlium-test-epoch-5-freq_mask.jsonl
tedlium,test,freq_mask,post_update,281,2,0.0710135903,0.0253432187,0.0530932285,0.0889339522,5,9e-05,6,34,0,raw/tedlium-test-epoch-5-freq_mask.jsonl
tedlium,test,freq_mask,post_update,282,2,0.0616297014,0.0025294695,0.0598410964,0.0634183064,5,9e-05,6,34,0,raw/tedlium-test-epoch-5-freq_mask.jsonl
tedlium,test,freq_mask,post_update,283,2,0.0689092912,0.0352703426,0.0439693928,0.0938491896,5,9e-05,6,34,0,raw/tedlium-test-epoch-5-freq_mask.jsonl
tedlium,test,freq_mask,post_update,284,2,0.0713332519,0.0369216614,0.0452256948,0.0974408090,5,9e-05,6,34,0,raw/tedlium-test-epoch-5-freq_mask.jsonl
tedlium,test,freq_mask,post_update,285,2,0.0759674292,0.0503119180,0.0403915308,0.1115433276,5,9e-05,6,34,0,raw/tedlium-test-epoch-5-freq_mask.jsonl
tedlium,test,freq_mask,post_update,286,2,0.0741922446,0.0318429925,0.0516758487,0.0967086405,5,9e-05,6,34,0,raw/tedlium-test-epoch-5-freq_mask.jsonl
tedlium,test,freq_mask,post_update,287,2,0.0648889504,0.0309884756,0.0429767892,0.0868011117,5,9e-05,6,34,0,raw/tedlium-test-epoch-5-freq_mask.jsonl
tedlium,test,freq_mask,post_update,288,2,0.0804811157,0.0240158907,0.0634993166,0.0974629149,5,9e-05,6,34,0,raw/tedlium-test-epoch-5-freq_mask.jsonl
tedlium,test,freq_mask,post_update,289,2,0.0740643144,0.0340998350,0.0499520898,0.0981765389,5,9e-05,6,34,0,raw/tedlium-test-epoch-5-freq_mask.jsonl
tedlium,test,freq_mask,post_update,290,2,0.0682801157,0.0304703170,0.0467343479,0.0898258835,5,9e-05,6,34,0,raw/tedlium-test-epoch-5-freq_mask.jsonl
tedlium,test,freq_mask,post_update,291,1,0.0852840990,,0.0852840990,0.0852840990,5,9e-05,6,34,0,raw/tedlium-test-epoch-5-freq_mask.jsonl
tedlium,test,freq_mask,post_update,292,1,0.0922866166,,0.0922866166,0.0922866166,5,9e-05,6,34,0,raw/tedlium-test-epoch-5-freq_mask.jsonl
tedlium,test,freq_mask,post_update,293,1,0.0791875944,,0.0791875944,0.0791875944,5,9e-05,6,34,0,raw/tedlium-test-epoch-5-freq_mask.jsonl
tedlium,test,freq_mask,post_update,294,1,0.0932110846,,0.0932110846,0.0932110846,5,9e-05,6,34,0,raw/tedlium-test-epoch-5-freq_mask.jsonl
tedlium,test,freq_mask,post_update,295,1,0.0729261115,,0.0729261115,0.0729261115,5,9e-05,6,34,0,raw/tedlium-test-epoch-5-freq_mask.jsonl
tedlium,test,freq_mask,post_update,296,1,0.0769004449,,0.0769004449,0.0769004449,5,9e-05,6,34,0,raw/tedlium-test-epoch-5-freq_mask.jsonl
tedlium,test,freq_mask,post_update,297,1,0.0910819620,,0.0910819620,0.0910819620,5,9e-05,6,34,0,raw/tedlium-test-epoch-5-freq_mask.jsonl
tedlium,test,freq_mask,post_update,298,1,0.0810018927,,0.0810018927,0.0810018927,5,9e-05,6,34,0,raw/tedlium-test-epoch-5-freq_mask.jsonl
tedlium,test,freq_mask,post_update,299,1,0.0850944966,,0.0850944966,0.0850944966,5,9e-05,6,34,0,raw/tedlium-test-epoch-5-freq_mask.jsonl
tedlium,test,freq_mask,post_update,300,1,0.0770827234,,0.0770827234,0.0770827234,5,9e-05,6,34,0,raw/tedlium-test-epoch-5-freq_mask.jsonl
tedlium,test,freq_mask,post_update,301,1,0.0936657563,,0.0936657563,0.0936657563,5,9e-05,6,34,0,raw/tedlium-test-epoch-5-freq_mask.jsonl
tedlium,test,freq_mask,post_update,302,1,0.1004530936,,0.1004530936,0.1004530936,5,9e-05,6,34,0,raw/tedlium-test-epoch-5-freq_mask.jsonl
tedlium,test,freq_mask,post_update,303,1,0.0880733281,,0.0880733281,0.0880733281,5,9e-05,6,34,0,raw/tedlium-test-epoch-5-freq_mask.jsonl
tedlium,test,freq_mask,post_update,304,1,0.0713185892,,0.0713185892,0.0713185892,5,9e-05,6,34,0,raw/tedlium-test-epoch-5-freq_mask.jsonl
tedlium,test,freq_mask,post_update,305,1,0.0813488513,,0.0813488513,0.0813488513,5,9e-05,6,34,0,raw/tedlium-test-epoch-5-freq_mask.jsonl
tedlium,test,freq_mask,post_update,306,1,0.0756364539,,0.0756364539,0.0756364539,5,9e-05,6,34,0,raw/tedlium-test-epoch-5-freq_mask.jsonl
tedlium,test,freq_mask,post_update,307,1,0.0848722160,,0.0848722160,0.0848722160,5,9e-05,6,34,0,raw/tedlium-test-epoch-5-freq_mask.jsonl
tedlium,test,freq_mask,post_update,308,1,0.0863516480,,0.0863516480,0.0863516480,5,9e-05,6,34,0,raw/tedlium-test-epoch-5-freq_mask.jsonl
tedlium,test,freq_mask,post_update,309,1,0.0934413522,,0.0934413522,0.0934413522,5,9e-05,6,34,0,raw/tedlium-test-epoch-5-freq_mask.jsonl
tedlium,test,freq_mask,post_update,310,1,0.0832173452,,0.0832173452,0.0832173452,5,9e-05,6,34,0,raw/tedlium-test-epoch-5-freq_mask.jsonl
tedlium,test,freq_mask,post_update,311,1,0.1013090238,,0.1013090238,0.1013090238,5,9e-05,6,34,0,raw/tedlium-test-epoch-5-freq_mask.jsonl
tedlium,test,freq_mask,post_update,312,1,0.1156486869,,0.1156486869,0.1156486869,5,9e-05,6,34,0,raw/tedlium-test-epoch-5-freq_mask.jsonl
tedlium,test,freq_mask,post_update,313,1,0.0969790965,,0.0969790965,0.0969790965,5,9e-05,6,34,0,raw/tedlium-test-epoch-5-freq_mask.jsonl
tedlium,test,freq_mask,post_update,314,1,0.0960888416,,0.0960888416,0.0960888416,5,9e-05,6,34,0,raw/tedlium-test-epoch-5-freq_mask.jsonl
tedlium,test,freq_mask,post_update,315,1,0.0758900940,,0.0758900940,0.0758900940,5,9e-05,6,34,0,raw/tedlium-test-epoch-5-freq_mask.jsonl
tedlium,test,freq_mask,post_update,316,1,0.0852925032,,0.0852925032,0.0852925032,5,9e-05,6,34,0,raw/tedlium-test-epoch-5-freq_mask.jsonl
tedlium,test,freq_mask,post_update,317,1,0.0753154010,,0.0753154010,0.0753154010,5,9e-05,6,34,0,raw/tedlium-test-epoch-5-freq_mask.jsonl
tedlium,test,freq_mask,post_update,318,1,0.0694961399,,0.0694961399,0.0694961399,5,9e-05,6,34,0,raw/tedlium-test-epoch-5-freq_mask.jsonl
tedlium,test,freq_mask,post_update,319,1,0.0958772153,,0.0958772153,0.0958772153,5,9e-05,6,34,0,raw/tedlium-test-epoch-5-freq_mask.jsonl
tedlium,test,freq_mask,post_update,320,1,0.0989754647,,0.0989754647,0.0989754647,5,9e-05,6,34,0,raw/tedlium-test-epoch-5-freq_mask.jsonl
tedlium,test,freq_mask,post_update,321,1,0.0887399018,,0.0887399018,0.0887399018,5,9e-05,6,34,0,raw/tedlium-test-epoch-5-freq_mask.jsonl
tedlium,test,freq_mask,post_update,322,1,0.0906866342,,0.0906866342,0.0906866342,5,9e-05,6,34,0,raw/tedlium-test-epoch-5-freq_mask.jsonl
tedlium,test,freq_mask,post_update,323,1,0.0699657947,,0.0699657947,0.0699657947,5,9e-05,6,34,0,raw/tedlium-test-epoch-5-freq_mask.jsonl
tedlium,test,freq_mask,post_update,324,1,0.0709873438,,0.0709873438,0.0709873438,5,9e-05,6,34,0,raw/tedlium-test-epoch-5-freq_mask.jsonl
tedlium,test,freq_mask,post_update,325,1,0.0714986920,,0.0714986920,0.0714986920,5,9e-05,6,34,0,raw/tedlium-test-epoch-5-freq_mask.jsonl
tedlium,test,freq_mask,post_update,326,1,0.0815159380,,0.0815159380,0.0815159380,5,9e-05,6,34,0,raw/tedlium-test-epoch-5-freq_mask.jsonl
tedlium,test,freq_mask,post_update,327,1,0.0773852542,,0.0773852542,0.0773852542,5,9e-05,6,34,0,raw/tedlium-test-epoch-5-freq_mask.jsonl
tedlium,test,freq_mask,post_update,328,1,0.0489056632,,0.0489056632,0.0489056632,5,9e-05,6,34,0,raw/tedlium-test-epoch-5-freq_mask.jsonl
tedlium,test,freq_mask,post_update,329,1,0.0635266304,,0.0635266304,0.0635266304,5,9e-05,6,34,0,raw/tedlium-test-epoch-5-freq_mask.jsonl
tedlium,test,freq_mask,post_update,330,1,0.0698538274,,0.0698538274,0.0698538274,5,9e-05,6,34,0,raw/tedlium-test-epoch-5-freq_mask.jsonl
tedlium,test,freq_mask,post_update,331,1,0.0673990920,,0.0673990920,0.0673990920,5,9e-05,6,34,0,raw/tedlium-test-epoch-5-freq_mask.jsonl
tedlium,test,freq_mask,post_update,332,1,0.0981827974,,0.0981827974,0.0981827974,5,9e-05,6,34,0,raw/tedlium-test-epoch-5-freq_mask.jsonl
tedlium,test,freq_mask,post_update,333,1,0.0679337978,,0.0679337978,0.0679337978,5,9e-05,6,34,0,raw/tedlium-test-epoch-5-freq_mask.jsonl
tedlium,test,freq_mask,post_update,334,1,0.0791294128,,0.0791294128,0.0791294128,5,9e-05,6,34,0,raw/tedlium-test-epoch-5-freq_mask.jsonl
tedlium,test,freq_mask,post_update,335,1,0.0712404698,,0.0712404698,0.0712404698,5,9e-05,6,34,0,raw/tedlium-test-epoch-5-freq_mask.jsonl
tedlium,test,freq_mask,post_update,336,1,0.0731468871,,0.0731468871,0.0731468871,5,9e-05,6,34,0,raw/tedlium-test-epoch-5-freq_mask.jsonl
tedlium,test,freq_mask,post_update,337,1,0.0859995037,,0.0859995037,0.0859995037,5,9e-05,6,34,0,raw/tedlium-test-epoch-5-freq_mask.jsonl
tedlium,test,freq_mask,post_update,338,1,0.0879063457,,0.0879063457,0.0879063457,5,9e-05,6,34,0,raw/tedlium-test-epoch-5-freq_mask.jsonl
tedlium,test,freq_mask,post_update,339,1,0.0791326165,,0.0791326165,0.0791326165,5,9e-05,6,34,0,raw/tedlium-test-epoch-5-freq_mask.jsonl
tedlium,test,freq_mask,post_update,340,1,0.0668375045,,0.0668375045,0.0668375045,5,9e-05,6,34,0,raw/tedlium-test-epoch-5-freq_mask.jsonl
tedlium,test,freq_mask,post_update,341,1,0.0680689812,,0.0680689812,0.0680689812,5,9e-05,6,34,0,raw/tedlium-test-epoch-5-freq_mask.jsonl
tedlium,test,freq_mask,post_update,342,1,0.0815849975,,0.0815849975,0.0815849975,5,9e-05,6,34,0,raw/tedlium-test-epoch-5-freq_mask.jsonl
tedlium,test,freq_mask,post_update,343,1,0.0771920383,,0.0771920383,0.0771920383,5,9e-05,6,34,0,raw/tedlium-test-epoch-5-freq_mask.jsonl
tedlium,test,freq_mask,post_update,344,1,0.0824522451,,0.0824522451,0.0824522451,5,9e-05,6,34,0,raw/tedlium-test-epoch-5-freq_mask.jsonl
tedlium,test,freq_mask,post_update,345,1,0.1136045754,,0.1136045754,0.1136045754,5,9e-05,6,34,0,raw/tedlium-test-epoch-5-freq_mask.jsonl
tedlium,test,freq_mask,post_update,346,1,0.0905741155,,0.0905741155,0.0905741155,5,9e-05,6,34,0,raw/tedlium-test-epoch-5-freq_mask.jsonl
tedlium,test,freq_mask,post_update,347,1,0.0695732683,,0.0695732683,0.0695732683,5,9e-05,6,34,0,raw/tedlium-test-epoch-5-freq_mask.jsonl
tedlium,test,freq_mask,post_update,348,1,0.0876678973,,0.0876678973,0.0876678973,5,9e-05,6,34,0,raw/tedlium-test-epoch-5-freq_mask.jsonl
tedlium,test,freq_mask,post_update,349,1,0.0651516020,,0.0651516020,0.0651516020,5,9e-05,6,34,0,raw/tedlium-test-epoch-5-freq_mask.jsonl
tedlium,test,freq_mask,post_update,350,1,0.0834566876,,0.0834566876,0.0834566876,5,9e-05,6,34,0,raw/tedlium-test-epoch-5-freq_mask.jsonl
tedlium,test,freq_mask,post_update,351,1,0.0636227652,,0.0636227652,0.0636227652,5,9e-05,6,34,0,raw/tedlium-test-epoch-5-freq_mask.jsonl
tedlium,test,freq_mask,post_update,352,1,0.0819546878,,0.0819546878,0.0819546878,5,9e-05,6,34,0,raw/tedlium-test-epoch-5-freq_mask.jsonl
tedlium,test,freq_mask,post_update,353,1,0.0938164592,,0.0938164592,0.0938164592,5,9e-05,6,34,0,raw/tedlium-test-epoch-5-freq_mask.jsonl
tedlium,test,freq_mask,post_update,354,1,0.0831076279,,0.0831076279,0.0831076279,5,9e-05,6,34,0,raw/tedlium-test-epoch-5-freq_mask.jsonl
tedlium,test,freq_mask,post_update,355,1,0.0720874444,,0.0720874444,0.0720874444,5,9e-05,6,34,0,raw/tedlium-test-epoch-5-freq_mask.jsonl
tedlium,test,freq_mask,post_update,356,1,0.0787055194,,0.0787055194,0.0787055194,5,9e-05,6,34,0,raw/tedlium-test-epoch-5-freq_mask.jsonl
tedlium,test,freq_mask,post_update,357,1,0.0860350132,,0.0860350132,0.0860350132,5,9e-05,6,34,0,raw/tedlium-test-epoch-5-freq_mask.jsonl
tedlium,test,freq_mask,post_update,358,1,0.0838389620,,0.0838389620,0.0838389620,5,9e-05,6,34,0,raw/tedlium-test-epoch-5-freq_mask.jsonl
tedlium,test,freq_mask,post_update,359,1,0.0684064627,,0.0684064627,0.0684064627,5,9e-05,6,34,0,raw/tedlium-test-epoch-5-freq_mask.jsonl
tedlium,test,freq_mask,post_update,360,1,0.0812725574,,0.0812725574,0.0812725574,5,9e-05,6,34,0,raw/tedlium-test-epoch-5-freq_mask.jsonl
tedlium,test,freq_mask,post_update,361,1,0.0858644396,,0.0858644396,0.0858644396,5,9e-05,6,34,0,raw/tedlium-test-epoch-5-freq_mask.jsonl
tedlium,test,freq_mask,post_update,362,1,0.0869078040,,0.0869078040,0.0869078040,5,9e-05,6,34,0,raw/tedlium-test-epoch-5-freq_mask.jsonl
tedlium,test,freq_mask,post_update,363,1,0.0995976254,,0.0995976254,0.0995976254,5,9e-05,6,34,0,raw/tedlium-test-epoch-5-freq_mask.jsonl
tedlium,test,freq_mask,post_update,364,1,0.0817970186,,0.0817970186,0.0817970186,5,9e-05,6,34,0,raw/tedlium-test-epoch-5-freq_mask.jsonl
tedlium,test,freq_mask,post_update,365,1,0.0831847042,,0.0831847042,0.0831847042,5,9e-05,6,34,0,raw/tedlium-test-epoch-5-freq_mask.jsonl
tedlium,test,freq_mask,post_update,366,1,0.0849852338,,0.0849852338,0.0849852338,5,9e-05,6,34,0,raw/tedlium-test-epoch-5-freq_mask.jsonl
tedlium,test,freq_mask,post_update,367,1,0.0867494717,,0.0867494717,0.0867494717,5,9e-05,6,34,0,raw/tedlium-test-epoch-5-freq_mask.jsonl
tedlium,test,freq_mask,post_update,368,1,0.0871181190,,0.0871181190,0.0871181190,5,9e-05,6,34,0,raw/tedlium-test-epoch-5-freq_mask.jsonl
tedlium,test,freq_mask,post_update,369,1,0.0881161541,,0.0881161541,0.0881161541,5,9e-05,6,34,0,raw/tedlium-test-epoch-5-freq_mask.jsonl
tedlium,test,freq_mask,post_update,370,1,0.0862172693,,0.0862172693,0.0862172693,5,9e-05,6,34,0,raw/tedlium-test-epoch-5-freq_mask.jsonl
tedlium,test,freq_mask,post_update,371,1,0.0758502483,,0.0758502483,0.0758502483,5,9e-05,6,34,0,raw/tedlium-test-epoch-5-freq_mask.jsonl
tedlium,test,freq_mask,post_update,372,1,0.0853937864,,0.0853937864,0.0853937864,5,9e-05,6,34,0,raw/tedlium-test-epoch-5-freq_mask.jsonl
tedlium,test,freq_mask,post_update,373,1,0.0849016830,,0.0849016830,0.0849016830,5,9e-05,6,34,0,raw/tedlium-test-epoch-5-freq_mask.jsonl
tedlium,test,freq_mask,post_update,374,1,0.0890032798,,0.0890032798,0.0890032798,5,9e-05,6,34,0,raw/tedlium-test-epoch-5-freq_mask.jsonl
tedlium,test,freq_mask,post_update,375,1,0.0937113762,,0.0937113762,0.0937113762,5,9e-05,6,34,0,raw/tedlium-test-epoch-5-freq_mask.jsonl
tedlium,test,freq_mask,post_update,376,1,0.0784343630,,0.0784343630,0.0784343630,5,9e-05,6,34,0,raw/tedlium-test-epoch-5-freq_mask.jsonl
tedlium,test,freq_mask,post_update,377,1,0.0710844696,,0.0710844696,0.0710844696,5,9e-05,6,34,0,raw/tedlium-test-epoch-5-freq_mask.jsonl
tedlium,test,freq_mask,post_update,378,1,0.0761527717,,0.0761527717,0.0761527717,5,9e-05,6,34,0,raw/tedlium-test-epoch-5-freq_mask.jsonl
tedlium,test,freq_mask,post_update,379,1,0.0658802986,,0.0658802986,0.0658802986,5,9e-05,6,34,0,raw/tedlium-test-epoch-5-freq_mask.jsonl
tedlium,test,freq_mask,post_update,380,1,0.1045159101,,0.1045159101,0.1045159101,5,9e-05,6,34,0,raw/tedlium-test-epoch-5-freq_mask.jsonl
tedlium,test,freq_mask,post_update,381,1,0.0940887034,,0.0940887034,0.0940887034,5,9e-05,6,34,0,raw/tedlium-test-epoch-5-freq_mask.jsonl
tedlium,test,freq_mask,post_update,382,1,0.0432420671,,0.0432420671,0.0432420671,5,9e-05,6,34,0,raw/tedlium-test-epoch-5-freq_mask.jsonl
tedlium,test,freq_mask,post_update,383,1,0.0781242400,,0.0781242400,0.0781242400,5,9e-05,6,34,0,raw/tedlium-test-epoch-5-freq_mask.jsonl
tedlium,test,freq_mask,post_update,384,1,0.0892312452,,0.0892312452,0.0892312452,5,9e-05,6,34,0,raw/tedlium-test-epoch-5-freq_mask.jsonl
tedlium,test,freq_mask,post_update,385,1,0.0604645573,,0.0604645573,0.0604645573,5,9e-05,6,34,0,raw/tedlium-test-epoch-5-freq_mask.jsonl
tedlium,test,freq_mask,post_update,386,1,0.0892779231,,0.0892779231,0.0892779231,5,9e-05,6,34,0,raw/tedlium-test-epoch-5-freq_mask.jsonl
tedlium,test,freq_mask,post_update,387,1,0.0874211490,,0.0874211490,0.0874211490,5,9e-05,6,34,0,raw/tedlium-test-epoch-5-freq_mask.jsonl
tedlium,test,freq_mask,post_update,388,1,0.0850135610,,0.0850135610,0.0850135610,5,9e-05,6,34,0,raw/tedlium-test-epoch-5-freq_mask.jsonl
tedlium,test,freq_mask,post_update,389,1,0.0733461678,,0.0733461678,0.0733461678,5,9e-05,6,34,0,raw/tedlium-test-epoch-5-freq_mask.jsonl
tedlium,test,freq_mask,post_update,390,1,0.0738320127,,0.0738320127,0.0738320127,5,9e-05,6,34,0,raw/tedlium-test-epoch-5-freq_mask.jsonl
tedlium,test,freq_mask,post_update,391,1,0.0909318179,,0.0909318179,0.0909318179,5,9e-05,6,34,0,raw/tedlium-test-epoch-5-freq_mask.jsonl
tedlium,test,freq_mask,post_update,392,1,0.0801746845,,0.0801746845,0.0801746845,5,9e-05,6,34,0,raw/tedlium-test-epoch-5-freq_mask.jsonl
tedlium,test,freq_mask,post_update,393,1,0.0840496123,,0.0840496123,0.0840496123,5,9e-05,6,34,0,raw/tedlium-test-epoch-5-freq_mask.jsonl
tedlium,test,freq_mask,post_update,394,1,0.0810976624,,0.0810976624,0.0810976624,5,9e-05,6,34,0,raw/tedlium-test-epoch-5-freq_mask.jsonl
tedlium,test,freq_mask,post_update,395,1,0.0721610636,,0.0721610636,0.0721610636,5,9e-05,6,34,0,raw/tedlium-test-epoch-5-freq_mask.jsonl
tedlium,test,freq_mask,post_update,396,1,0.0506904423,,0.0506904423,0.0506904423,5,9e-05,6,34,0,raw/tedlium-test-epoch-5-freq_mask.jsonl
tedlium,test,freq_mask,post_update,397,1,0.0694319308,,0.0694319308,0.0694319308,5,9e-05,6,34,0,raw/tedlium-test-epoch-5-freq_mask.jsonl
tedlium,test,freq_mask,post_update,398,1,0.0735367388,,0.0735367388,0.0735367388,5,9e-05,6,34,0,raw/tedlium-test-epoch-5-freq_mask.jsonl
tedlium,test,freq_mask,post_update,399,1,0.0761195421,,0.0761195421,0.0761195421,5,9e-05,6,34,0,raw/tedlium-test-epoch-5-freq_mask.jsonl
tedlium,test,freq_mask,post_update,400,1,0.0710108727,,0.0710108727,0.0710108727,5,9e-05,6,34,0,raw/tedlium-test-epoch-5-freq_mask.jsonl
tedlium,test,freq_mask,pre_update,0,11,0.1314528314,0.0392366309,0.0456155986,0.1820923090,5,9e-05,6,34,0,raw/tedlium-test-epoch-5-freq_mask.jsonl
tedlium,test,freq_mask,pre_update,1,11,0.1445431262,0.0318869954,0.0952447504,0.1989158839,5,9e-05,6,34,0,raw/tedlium-test-epoch-5-freq_mask.jsonl
tedlium,test,freq_mask,pre_update,2,11,0.1826829558,0.1702285050,0.0653788224,0.6834354401,5,9e-05,6,34,0,raw/tedlium-test-epoch-5-freq_mask.jsonl
tedlium,test,freq_mask,pre_update,3,11,0.1745607907,0.1342067849,0.0854215622,0.5713219047,5,9e-05,6,34,0,raw/tedlium-test-epoch-5-freq_mask.jsonl
tedlium,test,freq_mask,pre_update,4,11,0.1593135846,0.0728578423,0.0893833116,0.3666615486,5,9e-05,6,34,0,raw/tedlium-test-epoch-5-freq_mask.jsonl
tedlium,test,freq_mask,pre_update,5,11,0.1426811868,0.0276014559,0.1078222990,0.2069087327,5,9e-05,6,34,0,raw/tedlium-test-epoch-5-freq_mask.jsonl
tedlium,test,freq_mask,pre_update,6,11,0.1266813048,0.0311688286,0.0656959042,0.1757255793,5,9e-05,6,34,0,raw/tedlium-test-epoch-5-freq_mask.jsonl
tedlium,test,freq_mask,pre_update,7,11,0.1366348504,0.0400487717,0.0410061255,0.1885631382,5,9e-05,6,34,0,raw/tedlium-test-epoch-5-freq_mask.jsonl
tedlium,test,freq_mask,pre_update,8,11,0.1620325764,0.0441788761,0.0697387904,0.2377956957,5,9e-05,6,34,0,raw/tedlium-test-epoch-5-freq_mask.jsonl
tedlium,test,freq_mask,pre_update,9,11,0.1391146799,0.0225479162,0.0993925929,0.1739825308,5,9e-05,6,34,0,raw/tedlium-test-epoch-5-freq_mask.jsonl
tedlium,test,freq_mask,pre_update,10,11,0.1492562978,0.0261851598,0.1051953733,0.1923377216,5,9e-05,6,34,0,raw/tedlium-test-epoch-5-freq_mask.jsonl
tedlium,test,freq_mask,pre_update,11,11,0.1466056528,0.0403364311,0.0596798658,0.2100528777,5,9e-05,6,34,0,raw/tedlium-test-epoch-5-freq_mask.jsonl
tedlium,test,freq_mask,pre_update,12,11,0.1453730003,0.0372774252,0.0628022701,0.1963995248,5,9e-05,6,34,0,raw/tedlium-test-epoch-5-freq_mask.jsonl
tedlium,test,freq_mask,pre_update,13,11,0.1265880352,0.0427807615,0.0173433740,0.1670742184,5,9e-05,6,34,0,raw/tedlium-test-epoch-5-freq_mask.jsonl
tedlium,test,freq_mask,pre_update,14,11,0.1499171311,0.0395411569,0.0632665306,0.1917740405,5,9e-05,6,34,0,raw/tedlium-test-epoch-5-freq_mask.jsonl
tedlium,test,freq_mask,pre_update,15,11,0.1486539702,0.0354836523,0.0610235147,0.2080878317,5,9e-05,6,34,0,raw/tedlium-test-epoch-5-freq_mask.jsonl
tedlium,test,freq_mask,pre_update,16,11,0.1520046599,0.0299358594,0.0986067727,0.1907852590,5,9e-05,6,34,0,raw/tedlium-test-epoch-5-freq_mask.jsonl
tedlium,test,freq_mask,pre_update,17,11,0.1312591654,0.0498499191,0.0165457837,0.1925787479,5,9e-05,6,34,0,raw/tedlium-test-epoch-5-freq_mask.jsonl
tedlium,test,freq_mask,pre_update,18,11,0.1521963863,0.0220123790,0.1118997410,0.1996254325,5,9e-05,6,34,0,raw/tedlium-test-epoch-5-freq_mask.jsonl
tedlium,test,freq_mask,pre_update,19,11,0.1399056532,0.0295868722,0.0645234436,0.1674077213,5,9e-05,6,34,0,raw/tedlium-test-epoch-5-freq_mask.jsonl
tedlium,test,freq_mask,pre_update,20,11,0.1257221492,0.0447366252,0.0149534456,0.1770270020,5,9e-05,6,34,0,raw/tedlium-test-epoch-5-freq_mask.jsonl
tedlium,test,freq_mask,pre_update,21,11,0.1396103461,0.0295367707,0.0905777365,0.1693318188,5,9e-05,6,34,0,raw/tedlium-test-epoch-5-freq_mask.jsonl
tedlium,test,freq_mask,pre_update,22,11,0.2842005857,0.4883177780,0.0812936425,1.7538059950,5,9e-05,6,34,0,raw/tedlium-test-epoch-5-freq_mask.jsonl
tedlium,test,freq_mask,pre_update,23,11,0.1343242472,0.0282204004,0.0672801360,0.1618845165,5,9e-05,6,34,0,raw/tedlium-test-epoch-5-freq_mask.jsonl
tedlium,test,freq_mask,pre_update,24,11,0.1303864711,0.0440144125,0.0329332352,0.2082094550,5,9e-05,6,34,0,raw/tedlium-test-epoch-5-freq_mask.jsonl
tedlium,test,freq_mask,pre_update,25,11,0.1363788112,0.0271622578,0.0842271000,0.1642865837,5,9e-05,6,34,0,raw/tedlium-test-epoch-5-freq_mask.jsonl
tedlium,test,freq_mask,pre_update,26,11,0.1257990866,0.0475822135,0.0171589218,0.1788579375,5,9e-05,6,34,0,raw/tedlium-test-epoch-5-freq_mask.jsonl
tedlium,test,freq_mask,pre_update,27,11,0.1307317289,0.0274993899,0.0638424829,0.1669604927,5,9e-05,6,34,0,raw/tedlium-test-epoch-5-freq_mask.jsonl
tedlium,test,freq_mask,pre_update,28,11,0.1334493714,0.0450734739,0.0239335056,0.1761558056,5,9e-05,6,34,0,raw/tedlium-test-epoch-5-freq_mask.jsonl
tedlium,test,freq_mask,pre_update,29,11,0.1258203018,0.0425953315,0.0268811323,0.1652618498,5,9e-05,6,34,0,raw/tedlium-test-epoch-5-freq_mask.jsonl
tedlium,test,freq_mask,pre_update,30,11,0.1745185656,0.1851087711,0.0206145346,0.7195221782,5,9e-05,6,34,0,raw/tedlium-test-epoch-5-freq_mask.jsonl
tedlium,test,freq_mask,pre_update,31,11,0.1304469725,0.0362605262,0.0585530922,0.1920313537,5,9e-05,6,34,0,raw/tedlium-test-epoch-5-freq_mask.jsonl
tedlium,test,freq_mask,pre_update,32,11,0.1194403354,0.0479970068,0.0113494759,0.1754079163,5,9e-05,6,34,0,raw/tedlium-test-epoch-5-freq_mask.jsonl
tedlium,test,freq_mask,pre_update,33,11,0.1302706416,0.0476646977,0.0095645189,0.1894469112,5,9e-05,6,34,0,raw/tedlium-test-epoch-5-freq_mask.jsonl
tedlium,test,freq_mask,pre_update,34,11,0.1398306706,0.0264959667,0.1037921011,0.1867814660,5,9e-05,6,34,0,raw/tedlium-test-epoch-5-freq_mask.jsonl
tedlium,test,freq_mask,pre_update,35,11,0.1359061592,0.0295771470,0.0630598217,0.1833282858,5,9e-05,6,34,0,raw/tedlium-test-epoch-5-freq_mask.jsonl
tedlium,test,freq_mask,pre_update,36,11,0.1249032921,0.0307970131,0.0820225999,0.1651915014,5,9e-05,6,34,0,raw/tedlium-test-epoch-5-freq_mask.jsonl
tedlium,test,freq_mask,pre_update,37,11,0.1313366084,0.0341076660,0.0756573379,0.1820096672,5,9e-05,6,34,0,raw/tedlium-test-epoch-5-freq_mask.jsonl
tedlium,test,freq_mask,pre_update,38,11,0.1295162256,0.0352405075,0.0560135916,0.1745278984,5,9e-05,6,34,0,raw/tedlium-test-epoch-5-freq_mask.jsonl
tedlium,test,freq_mask,pre_update,39,11,0.1143910802,0.0442690045,0.0042670500,0.1731286943,5,9e-05,6,34,0,raw/tedlium-test-epoch-5-freq_mask.jsonl
tedlium,test,freq_mask,pre_update,40,11,0.1246540458,0.0314333256,0.0619758070,0.1796586066,5,9e-05,6,34,0,raw/tedlium-test-epoch-5-freq_mask.jsonl
tedlium,test,freq_mask,pre_update,41,11,0.1213208870,0.0328531696,0.0593909100,0.1618653238,5,9e-05,6,34,0,raw/tedlium-test-epoch-5-freq_mask.jsonl
tedlium,test,freq_mask,pre_update,42,11,0.1772259528,0.1759329089,0.0810239464,0.7032542825,5,9e-05,6,34,0,raw/tedlium-test-epoch-5-freq_mask.jsonl
tedlium,test,freq_mask,pre_update,43,11,0.1447470126,0.1332354839,0.0028678873,0.5225248337,5,9e-05,6,34,0,raw/tedlium-test-epoch-5-freq_mask.jsonl
tedlium,test,freq_mask,pre_update,44,11,0.1093821922,0.0308098595,0.0574053116,0.1546232551,5,9e-05,6,34,0,raw/tedlium-test-epoch-5-freq_mask.jsonl
tedlium,test,freq_mask,pre_update,45,11,0.1133033552,0.0255225670,0.0615773723,0.1426707506,5,9e-05,6,34,0,raw/tedlium-test-epoch-5-freq_mask.jsonl
tedlium,test,freq_mask,pre_update,46,11,0.1174168560,0.0283759234,0.0490500033,0.1534397900,5,9e-05,6,34,0,raw/tedlium-test-epoch-5-freq_mask.jsonl
tedlium,test,freq_mask,pre_update,47,11,0.1203430986,0.0313586507,0.0730899125,0.1563503742,5,9e-05,6,34,0,raw/tedlium-test-epoch-5-freq_mask.jsonl
tedlium,test,freq_mask,pre_update,48,11,0.1155577444,0.0220219607,0.0797778666,0.1463039368,5,9e-05,6,34,0,raw/tedlium-test-epoch-5-freq_mask.jsonl
tedlium,test,freq_mask,pre_update,49,11,0.1046077367,0.0482361959,0.0015972796,0.1707579195,5,9e-05,6,34,0,raw/tedlium-test-epoch-5-freq_mask.jsonl
tedlium,test,freq_mask,pre_update,50,11,0.1286915263,0.0298732152,0.0813566074,0.1665026546,5,9e-05,6,34,0,raw/tedlium-test-epoch-5-freq_mask.jsonl
tedlium,test,freq_mask,pre_update,51,11,0.1151957975,0.0409433809,0.0109810634,0.1640153229,5,9e-05,6,34,0,raw/tedlium-test-epoch-5-freq_mask.jsonl
tedlium,test,freq_mask,pre_update,52,11,0.1068092778,0.0472984240,0.0014392482,0.1575355530,5,9e-05,6,34,0,raw/tedlium-test-epoch-5-freq_mask.jsonl
tedlium,test,freq_mask,pre_update,53,11,0.1127766615,0.0354533312,0.0620274469,0.1675995886,5,9e-05,6,34,0,raw/tedlium-test-epoch-5-freq_mask.jsonl
tedlium,test,freq_mask,pre_update,54,11,0.1226870600,0.0263064804,0.0825480968,0.1579793096,5,9e-05,6,34,0,raw/tedlium-test-epoch-5-freq_mask.jsonl
tedlium,test,freq_mask,pre_update,55,11,0.1102090763,0.0448702372,0.0013325149,0.1534969211,5,9e-05,6,34,0,raw/tedlium-test-epoch-5-freq_mask.jsonl
tedlium,test,freq_mask,pre_update,56,11,0.1040676866,0.0316302860,0.0439701602,0.1523649096,5,9e-05,6,34,0,raw/tedlium-test-epoch-5-freq_mask.jsonl
tedlium,test,freq_mask,pre_update,57,11,0.1018535149,0.0390263252,0.0014842597,0.1325632930,5,9e-05,6,34,0,raw/tedlium-test-epoch-5-freq_mask.jsonl
tedlium,test,freq_mask,pre_update,58,11,0.1029838926,0.0257454856,0.0732109547,0.1520468891,5,9e-05,6,34,0,raw/tedlium-test-epoch-5-freq_mask.jsonl
tedlium,test,freq_mask,pre_update,59,11,0.1005901404,0.0414966978,0.0021037469,0.1511548907,5,9e-05,6,34,0,raw/tedlium-test-epoch-5-freq_mask.jsonl
tedlium,test,freq_mask,pre_update,60,11,0.1191396747,0.0285069043,0.0849860460,0.1629276574,5,9e-05,6,34,0,raw/tedlium-test-epoch-5-freq_mask.jsonl
tedlium,test,freq_mask,pre_update,61,11,0.1222797131,0.0400847826,0.0476940423,0.2068415880,5,9e-05,6,34,0,raw/tedlium-test-epoch-5-freq_mask.jsonl
tedlium,test,freq_mask,pre_update,62,11,0.0878208831,0.0371852146,0.0036969732,0.1360793412,5,9e-05,6,34,0,raw/tedlium-test-epoch-5-freq_mask.jsonl
tedlium,test,freq_mask,pre_update,63,11,0.1073913703,0.0295473617,0.0661902726,0.1602903903,5,9e-05,6,34,0,raw/tedlium-test-epoch-5-freq_mask.jsonl
tedlium,test,freq_mask,pre_update,64,11,0.1124090756,0.0238780004,0.0655559152,0.1495422125,5,9e-05,6,34,0,raw/tedlium-test-epoch-5-freq_mask.jsonl
tedlium,test,freq_mask,pre_update,65,11,0.1046913193,0.0405081303,0.0201454181,0.1574492007,5,9e-05,6,34,0,raw/tedlium-test-epoch-5-freq_mask.jsonl
tedlium,test,freq_mask,pre_update,66,11,0.0883969473,0.0339076460,0.0063520875,0.1251401305,5,9e-05,6,34,0,raw/tedlium-test-epoch-5-freq_mask.jsonl
tedlium,test,freq_mask,pre_update,67,11,0.1004909452,0.0429662829,0.0093873059,0.1520053148,5,9e-05,6,34,0,raw/tedlium-test-epoch-5-freq_mask.jsonl
tedlium,test,freq_mask,pre_update,68,11,0.1006708128,0.0395746086,0.0369477682,0.1479269415,5,9e-05,6,34,0,raw/tedlium-test-epoch-5-freq_mask.jsonl
tedlium,test,freq_mask,pre_update,69,11,0.1055145216,0.0333504390,0.0443168730,0.1440647840,5,9e-05,6,34,0,raw/tedlium-test-epoch-5-freq_mask.jsonl
tedlium,test,freq_mask,pre_update,70,10,0.1065293897,0.0346593044,0.0529472567,0.1503593624,5,9e-05,6,34,0,raw/tedlium-test-epoch-5-freq_mask.jsonl
tedlium,test,freq_mask,pre_update,71,10,0.1079215661,0.0240179491,0.0764486864,0.1361488998,5,9e-05,6,34,0,raw/tedlium-test-epoch-5-freq_mask.jsonl
tedlium,test,freq_mask,pre_update,72,10,0.1034322117,0.0318015599,0.0400351845,0.1343511939,5,9e-05,6,34,0,raw/tedlium-test-epoch-5-freq_mask.jsonl
tedlium,test,freq_mask,pre_update,73,10,0.1000572760,0.0285665802,0.0578465201,0.1624835432,5,9e-05,6,34,0,raw/tedlium-test-epoch-5-freq_mask.jsonl
tedlium,test,freq_mask,pre_update,74,10,0.0959412223,0.0343358293,0.0193499085,0.1354875863,5,9e-05,6,34,0,raw/tedlium-test-epoch-5-freq_mask.jsonl
tedlium,test,freq_mask,pre_update,75,9,0.0890863840,0.0284410848,0.0424659662,0.1197777018,5,9e-05,6,34,0,raw/tedlium-test-epoch-5-freq_mask.jsonl
tedlium,test,freq_mask,pre_update,76,9,0.1006106407,0.0286646102,0.0560981594,0.1372414231,5,9e-05,6,34,0,raw/tedlium-test-epoch-5-freq_mask.jsonl
tedlium,test,freq_mask,pre_update,77,9,0.1063942889,0.0311372637,0.0507641993,0.1577384770,5,9e-05,6,34,0,raw/tedlium-test-epoch-5-freq_mask.jsonl
tedlium,test,freq_mask,pre_update,78,9,0.1100676987,0.0252586621,0.0700123757,0.1504624188,5,9e-05,6,34,0,raw/tedlium-test-epoch-5-freq_mask.jsonl
tedlium,test,freq_mask,pre_update,79,9,0.0989274784,0.0386075091,0.0120599084,0.1352167726,5,9e-05,6,34,0,raw/tedlium-test-epoch-5-freq_mask.jsonl
tedlium,test,freq_mask,pre_update,80,9,0.1048681670,0.0306375475,0.0516120046,0.1612072885,5,9e-05,6,34,0,raw/tedlium-test-epoch-5-freq_mask.jsonl
tedlium,test,freq_mask,pre_update,81,9,0.1105355331,0.0314105899,0.0646090657,0.1625593752,5,9e-05,6,34,0,raw/tedlium-test-epoch-5-freq_mask.jsonl
tedlium,test,freq_mask,pre_update,82,9,0.0971335264,0.0294319409,0.0504075289,0.1316960603,5,9e-05,6,34,0,raw/tedlium-test-epoch-5-freq_mask.jsonl
tedlium,test,freq_mask,pre_update,83,9,0.1055606641,0.0326638559,0.0425991677,0.1441928148,5,9e-05,6,34,0,raw/tedlium-test-epoch-5-freq_mask.jsonl
tedlium,test,freq_mask,pre_update,84,9,0.0950276286,0.0366236050,0.0103130834,0.1339341402,5,9e-05,6,34,0,raw/tedlium-test-epoch-5-freq_mask.jsonl
tedlium,test,freq_mask,pre_update,85,9,0.1018468862,0.0317274953,0.0560680777,0.1543584168,5,9e-05,6,34,0,raw/tedlium-test-epoch-5-freq_mask.jsonl
tedlium,test,freq_mask,pre_update,86,9,0.1163849400,0.0271690277,0.0679862574,0.1628919542,5,9e-05,6,34,0,raw/tedlium-test-epoch-5-freq_mask.jsonl
tedlium,test,freq_mask,pre_update,87,9,0.0961429055,0.0306259566,0.0518709421,0.1311836094,5,9e-05,6,34,0,raw/tedlium-test-epoch-5-freq_mask.jsonl
tedlium,test,freq_mask,pre_update,88,9,0.1013155555,0.0326278249,0.0469991341,0.1291341931,5,9e-05,6,34,0,raw/tedlium-test-epoch-5-freq_mask.jsonl
tedlium,test,freq_mask,pre_update,89,9,0.0995742207,0.0329371972,0.0633880049,0.1486515403,5,9e-05,6,34,0,raw/tedlium-test-epoch-5-freq_mask.jsonl
tedlium,test,freq_mask,pre_update,90,9,0.0977712447,0.0367014896,0.0300786346,0.1365550458,5,9e-05,6,34,0,raw/tedlium-test-epoch-5-freq_mask.jsonl
tedlium,test,freq_mask,pre_update,91,9,0.0830803951,0.0485751109,0.0110674007,0.1605454385,5,9e-05,6,34,0,raw/tedlium-test-epoch-5-freq_mask.jsonl
tedlium,test,freq_mask,pre_update,92,9,0.1011254514,0.0277214960,0.0487871096,0.1459842324,5,9e-05,6,34,0,raw/tedlium-test-epoch-5-freq_mask.jsonl
tedlium,test,freq_mask,pre_update,93,9,0.1058123956,0.0300100321,0.0679944232,0.1518082619,5,9e-05,6,34,0,raw/tedlium-test-epoch-5-freq_mask.jsonl
tedlium,test,freq_mask,pre_update,94,9,0.1029736565,0.0362969182,0.0497964099,0.1587532163,5,9e-05,6,34,0,raw/tedlium-test-epoch-5-freq_mask.jsonl
tedlium,test,freq_mask,pre_update,95,9,0.0963190024,0.0279767343,0.0513083190,0.1302347630,5,9e-05,6,34,0,raw/tedlium-test-epoch-5-freq_mask.jsonl
tedlium,test,freq_mask,pre_update,96,9,0.0925888749,0.0444247559,0.0105666509,0.1454317123,5,9e-05,6,34,0,raw/tedlium-test-epoch-5-freq_mask.jsonl
tedlium,test,freq_mask,pre_update,97,9,0.0977859249,0.0325721266,0.0635680854,0.1582728475,5,9e-05,6,34,0,raw/tedlium-test-epoch-5-freq_mask.jsonl
tedlium,test,freq_mask,pre_update,98,9,0.0948200872,0.0305886313,0.0670629293,0.1466516554,5,9e-05,6,34,0,raw/tedlium-test-epoch-5-freq_mask.jsonl
tedlium,test,freq_mask,pre_update,99,9,0.0985741897,0.0300990308,0.0465804413,0.1423284411,5,9e-05,6,34,0,raw/tedlium-test-epoch-5-freq_mask.jsonl
tedlium,test,freq_mask,pre_update,100,8,0.0862827268,0.0423095095,0.0084384046,0.1315140128,5,9e-05,6,34,0,raw/tedlium-test-epoch-5-freq_mask.jsonl
tedlium,test,freq_mask,pre_update,101,8,0.1024271715,0.0187523494,0.0816022903,0.1322008073,5,9e-05,6,34,0,raw/tedlium-test-epoch-5-freq_mask.jsonl
tedlium,test,freq_mask,pre_update,102,8,0.0973631339,0.0363833910,0.0386557057,0.1485280991,5,9e-05,6,34,0,raw/tedlium-test-epoch-5-freq_mask.jsonl
tedlium,test,freq_mask,pre_update,103,8,0.0897107866,0.0390026209,0.0122522758,0.1266475618,5,9e-05,6,34,0,raw/tedlium-test-epoch-5-freq_mask.jsonl
tedlium,test,freq_mask,pre_update,104,8,0.0968665737,0.0357287901,0.0465212427,0.1560055315,5,9e-05,6,34,0,raw/tedlium-test-epoch-5-freq_mask.jsonl
tedlium,test,freq_mask,pre_update,105,8,0.0945270881,0.0328192802,0.0499536321,0.1385344863,5,9e-05,6,34,0,raw/tedlium-test-epoch-5-freq_mask.jsonl
tedlium,test,freq_mask,pre_update,106,8,0.1085967841,0.0239639250,0.0840712115,0.1562057137,5,9e-05,6,34,0,raw/tedlium-test-epoch-5-freq_mask.jsonl
tedlium,test,freq_mask,pre_update,107,8,0.0991687276,0.0423565666,0.0419128835,0.1580084562,5,9e-05,6,34,0,raw/tedlium-test-epoch-5-freq_mask.jsonl
tedlium,test,freq_mask,pre_update,108,8,0.0905625825,0.0373284069,0.0261400454,0.1447537094,5,9e-05,6,34,0,raw/tedlium-test-epoch-5-freq_mask.jsonl
tedlium,test,freq_mask,pre_update,109,8,0.0990514942,0.0261382706,0.0637352094,0.1431588978,5,9e-05,6,34,0,raw/tedlium-test-epoch-5-freq_mask.jsonl
tedlium,test,freq_mask,pre_update,110,8,0.0949902418,0.0413712183,0.0416408181,0.1571648717,5,9e-05,6,34,0,raw/tedlium-test-epoch-5-freq_mask.jsonl
tedlium,test,freq_mask,pre_update,111,8,0.0875804045,0.0334960097,0.0228759814,0.1199798882,5,9e-05,6,34,0,raw/tedlium-test-epoch-5-freq_mask.jsonl
tedlium,test,freq_mask,pre_update,112,8,0.0897940649,0.0257596748,0.0501253605,0.1267340928,5,9e-05,6,34,0,raw/tedlium-test-epoch-5-freq_mask.jsonl
tedlium,test,freq_mask,pre_update,113,8,0.0879422692,0.0366914140,0.0432091765,0.1287790090,5,9e-05,6,34,0,raw/tedlium-test-epoch-5-freq_mask.jsonl
tedlium,test,freq_mask,pre_update,114,8,0.0821156506,0.0322893067,0.0355421752,0.1213961095,5,9e-05,6,34,0,raw/tedlium-test-epoch-5-freq_mask.jsonl
tedlium,test,freq_mask,pre_update,115,8,0.0914867157,0.0434363973,0.0286978967,0.1479208320,5,9e-05,6,34,0,raw/tedlium-test-epoch-5-freq_mask.jsonl
tedlium,test,freq_mask,pre_update,116,8,0.0930270171,0.0261266450,0.0542672127,0.1313446760,5,9e-05,6,34,0,raw/tedlium-test-epoch-5-freq_mask.jsonl
tedlium,test,freq_mask,pre_update,117,8,0.0943381544,0.0306372580,0.0458229110,0.1457761228,5,9e-05,6,34,0,raw/tedlium-test-epoch-5-freq_mask.jsonl
tedlium,test,freq_mask,pre_update,118,8,0.0850057150,0.0383291225,0.0385552794,0.1426636875,5,9e-05,6,34,0,raw/tedlium-test-epoch-5-freq_mask.jsonl
tedlium,test,freq_mask,pre_update,119,8,0.0941259805,0.0242102855,0.0631743371,0.1227635741,5,9e-05,6,34,0,raw/tedlium-test-epoch-5-freq_mask.jsonl
tedlium,test,freq_mask,pre_update,120,8,0.0911284098,0.0284736518,0.0420647338,0.1300955117,5,9e-05,6,34,0,raw/tedlium-test-epoch-5-freq_mask.jsonl
tedlium,test,freq_mask,pre_update,121,8,0.0911310520,0.0294790761,0.0418038070,0.1329313815,5,9e-05,6,34,0,raw/tedlium-test-epoch-5-freq_mask.jsonl
tedlium,test,freq_mask,pre_update,122,8,0.0872593503,0.0377723094,0.0458928533,0.1409121454,5,9e-05,6,34,0,raw/tedlium-test-epoch-5-freq_mask.jsonl
tedlium,test,freq_mask,pre_update,123,8,0.0954810809,0.0283346507,0.0586636141,0.1342240870,5,9e-05,6,34,0,raw/tedlium-test-epoch-5-freq_mask.jsonl
tedlium,test,freq_mask,pre_update,124,8,0.0831964668,0.0383720365,0.0084583573,0.1307059526,5,9e-05,6,34,0,raw/tedlium-test-epoch-5-freq_mask.jsonl
tedlium,test,freq_mask,pre_update,125,8,0.0838249298,0.0296868475,0.0359521061,0.1241838187,5,9e-05,6,34,0,raw/tedlium-test-epoch-5-freq_mask.jsonl
tedlium,test,freq_mask,pre_update,126,8,0.0944577008,0.0239275418,0.0630969703,0.1248788983,5,9e-05,6,34,0,raw/tedlium-test-epoch-5-freq_mask.jsonl
tedlium,test,freq_mask,pre_update,127,8,0.0880382210,0.0283894622,0.0458685756,0.1216782480,5,9e-05,6,34,0,raw/tedlium-test-epoch-5-freq_mask.jsonl
tedlium,test,freq_mask,pre_update,128,8,0.0915176291,0.0240634413,0.0585903525,0.1249211878,5,9e-05,6,34,0,raw/tedlium-test-epoch-5-freq_mask.jsonl
tedlium,test,freq_mask,pre_update,129,8,0.0859747105,0.0292752936,0.0487685092,0.1340359151,5,9e-05,6,34,0,raw/tedlium-test-epoch-5-freq_mask.jsonl
tedlium,test,freq_mask,pre_update,130,8,0.0814736743,0.0398646767,0.0057002613,0.1166892052,5,9e-05,6,34,0,raw/tedlium-test-epoch-5-freq_mask.jsonl
tedlium,test,freq_mask,pre_update,131,8,0.0875207629,0.0421951617,0.0055299969,0.1370592713,5,9e-05,6,34,0,raw/tedlium-test-epoch-5-freq_mask.jsonl
tedlium,test,freq_mask,pre_update,132,8,0.0839585559,0.0261864831,0.0444130152,0.1184084564,5,9e-05,6,34,0,raw/tedlium-test-epoch-5-freq_mask.jsonl
tedlium,test,freq_mask,pre_update,133,8,0.0719581030,0.0333356523,0.0051092524,0.1120901629,5,9e-05,6,34,0,raw/tedlium-test-epoch-5-freq_mask.jsonl
tedlium,test,freq_mask,pre_update,134,8,0.0862145079,0.0274017502,0.0479733944,0.1220075935,5,9e-05,6,34,0,raw/tedlium-test-epoch-5-freq_mask.jsonl
tedlium,test,freq_mask,pre_update,135,8,0.0857522907,0.0294206594,0.0489203036,0.1319941431,5,9e-05,6,34,0,raw/tedlium-test-epoch-5-freq_mask.jsonl
tedlium,test,freq_mask,pre_update,136,8,0.0690732654,0.0418742672,0.0046400987,0.1490052938,5,9e-05,6,34,0,raw/tedlium-test-epoch-5-freq_mask.jsonl
tedlium,test,freq_mask,pre_update,137,8,0.0831960940,0.0420610300,0.0263870377,0.1530088782,5,9e-05,6,34,0,raw/tedlium-test-epoch-5-freq_mask.jsonl
tedlium,test,freq_mask,pre_update,138,8,0.0804074202,0.0367389976,0.0050267284,0.1169190109,5,9e-05,6,34,0,raw/tedlium-test-epoch-5-freq_mask.jsonl
tedlium,test,freq_mask,pre_update,139,8,0.0840965556,0.0398998543,0.0057112388,0.1431444585,5,9e-05,6,34,0,raw/tedlium-test-epoch-5-freq_mask.jsonl
tedlium,test,freq_mask,pre_update,140,8,0.0816289540,0.0398820814,0.0067463070,0.1204964817,5,9e-05,6,34,0,raw/tedlium-test-epoch-5-freq_mask.jsonl
tedlium,test,freq_mask,pre_update,141,8,0.0859456677,0.0384560415,0.0197684281,0.1509156823,5,9e-05,6,34,0,raw/tedlium-test-epoch-5-freq_mask.jsonl
tedlium,test,freq_mask,pre_update,142,8,0.0845798135,0.0463837248,0.0132671390,0.1511261314,5,9e-05,6,34,0,raw/tedlium-test-epoch-5-freq_mask.jsonl
tedlium,test,freq_mask,pre_update,143,8,0.0838613822,0.0321993647,0.0492551550,0.1385919750,5,9e-05,6,34,0,raw/tedlium-test-epoch-5-freq_mask.jsonl
tedlium,test,freq_mask,pre_update,144,8,0.0835741572,0.0387467321,0.0153747424,0.1219548881,5,9e-05,6,34,0,raw/tedlium-test-epoch-5-freq_mask.jsonl
tedlium,test,freq_mask,pre_update,145,7,0.0918963754,0.0308536436,0.0638670027,0.1487939060,5,9e-05,6,34,0,raw/tedlium-test-epoch-5-freq_mask.jsonl
tedlium,test,freq_mask,pre_update,146,7,0.0904446713,0.0323390350,0.0641776398,0.1541993618,5,9e-05,6,34,0,raw/tedlium-test-epoch-5-freq_mask.jsonl
tedlium,test,freq_mask,pre_update,147,7,0.0805678277,0.0258249288,0.0504318811,0.1154837534,5,9e-05,6,34,0,raw/tedlium-test-epoch-5-freq_mask.jsonl
tedlium,test,freq_mask,pre_update,148,7,0.0890843842,0.0307171569,0.0489488207,0.1366875470,5,9e-05,6,34,0,raw/tedlium-test-epoch-5-freq_mask.jsonl
tedlium,test,freq_mask,pre_update,149,7,0.0798487716,0.0257894246,0.0438565388,0.1120717674,5,9e-05,6,34,0,raw/tedlium-test-epoch-5-freq_mask.jsonl
tedlium,test,freq_mask,pre_update,150,7,0.0870035945,0.0243059399,0.0522042811,0.1129352972,5,9e-05,6,34,0,raw/tedlium-test-epoch-5-freq_mask.jsonl
tedlium,test,freq_mask,pre_update,151,7,0.0872737366,0.0299240989,0.0453985929,0.1305089891,5,9e-05,6,34,0,raw/tedlium-test-epoch-5-freq_mask.jsonl
tedlium,test,freq_mask,pre_update,152,7,0.0733793857,0.0275327076,0.0445821360,0.1099201962,5,9e-05,6,34,0,raw/tedlium-test-epoch-5-freq_mask.jsonl
tedlium,test,freq_mask,pre_update,153,7,0.0878356525,0.0311022052,0.0407236665,0.1348758340,5,9e-05,6,34,0,raw/tedlium-test-epoch-5-freq_mask.jsonl
tedlium,test,freq_mask,pre_update,154,7,0.0722653821,0.0379568221,0.0105573218,0.1195794493,5,9e-05,6,34,0,raw/tedlium-test-epoch-5-freq_mask.jsonl
tedlium,test,freq_mask,pre_update,155,7,0.0940071701,0.0312387640,0.0435735509,0.1282283068,5,9e-05,6,34,0,raw/tedlium-test-epoch-5-freq_mask.jsonl
tedlium,test,freq_mask,pre_update,156,7,0.0846883319,0.0345692292,0.0545610003,0.1436866820,5,9e-05,6,34,0,raw/tedlium-test-epoch-5-freq_mask.jsonl
tedlium,test,freq_mask,pre_update,157,7,0.0890872649,0.0299387547,0.0593815371,0.1359717250,5,9e-05,6,34,0,raw/tedlium-test-epoch-5-freq_mask.jsonl
tedlium,test,freq_mask,pre_update,158,7,0.0865057691,0.0240033627,0.0594825856,0.1211823523,5,9e-05,6,34,0,raw/tedlium-test-epoch-5-freq_mask.jsonl
tedlium,test,freq_mask,pre_update,159,7,0.0888609700,0.0298904733,0.0479015820,0.1365661919,5,9e-05,6,34,0,raw/tedlium-test-epoch-5-freq_mask.jsonl
tedlium,test,freq_mask,pre_update,160,7,0.0873861606,0.0326122832,0.0476143137,0.1401021034,5,9e-05,6,34,0,raw/tedlium-test-epoch-5-freq_mask.jsonl
tedlium,test,freq_mask,pre_update,161,7,0.0875372025,0.0249651322,0.0574366003,0.1177500784,5,9e-05,6,34,0,raw/tedlium-test-epoch-5-freq_mask.jsonl
tedlium,test,freq_mask,pre_update,162,7,0.0840183965,0.0249850255,0.0549851693,0.1121317595,5,9e-05,6,34,0,raw/tedlium-test-epoch-5-freq_mask.jsonl
tedlium,test,freq_mask,pre_update,163,7,0.0862911567,0.0318420033,0.0549480990,0.1362115592,5,9e-05,6,34,0,raw/tedlium-test-epoch-5-freq_mask.jsonl
tedlium,test,freq_mask,pre_update,164,7,0.0855589642,0.0220855015,0.0510152429,0.1137859523,5,9e-05,6,34,0,raw/tedlium-test-epoch-5-freq_mask.jsonl
tedlium,test,freq_mask,pre_update,165,7,0.0896189591,0.0216470952,0.0521712042,0.1108345687,5,9e-05,6,34,0,raw/tedlium-test-epoch-5-freq_mask.jsonl
tedlium,test,freq_mask,pre_update,166,7,0.0890348341,0.0245667592,0.0536441207,0.1171671897,5,9e-05,6,34,0,raw/tedlium-test-epoch-5-freq_mask.jsonl
tedlium,test,freq_mask,pre_update,167,7,0.0768018067,0.0247991513,0.0447074473,0.1063304991,5,9e-05,6,34,0,raw/tedlium-test-epoch-5-freq_mask.jsonl
tedlium,test,freq_mask,pre_update,168,7,0.0931875019,0.0247460394,0.0581372641,0.1263976693,5,9e-05,6,34,0,raw/tedlium-test-epoch-5-freq_mask.jsonl
tedlium,test,freq_mask,pre_update,169,7,0.0832152015,0.0330271718,0.0386857018,0.1443313658,5,9e-05,6,34,0,raw/tedlium-test-epoch-5-freq_mask.jsonl
tedlium,test,freq_mask,pre_update,170,7,0.0888853520,0.0168487524,0.0619129166,0.1083182991,5,9e-05,6,34,0,raw/tedlium-test-epoch-5-freq_mask.jsonl
tedlium,test,freq_mask,pre_update,171,7,0.0787744032,0.0195817462,0.0472108126,0.1018892229,5,9e-05,6,34,0,raw/tedlium-test-epoch-5-freq_mask.jsonl
tedlium,test,freq_mask,pre_update,172,7,0.0851154977,0.0263820896,0.0545042232,0.1174553186,5,9e-05,6,34,0,raw/tedlium-test-epoch-5-freq_mask.jsonl
tedlium,test,freq_mask,pre_update,173,7,0.0873510422,0.0314834768,0.0465433300,0.1392514259,5,9e-05,6,34,0,raw/tedlium-test-epoch-5-freq_mask.jsonl
tedlium,test,freq_mask,pre_update,174,7,0.0857359166,0.0301200498,0.0484273583,0.1218115538,5,9e-05,6,34,0,raw/tedlium-test-epoch-5-freq_mask.jsonl
tedlium,test,freq_mask,pre_update,175,7,0.0979521530,0.0202376242,0.0728930086,0.1280633062,5,9e-05,6,34,0,raw/tedlium-test-epoch-5-freq_mask.jsonl
tedlium,test,freq_mask,pre_update,176,7,0.0758176292,0.0357256286,0.0337706394,0.1315383613,5,9e-05,6,34,0,raw/tedlium-test-epoch-5-freq_mask.jsonl
tedlium,test,freq_mask,pre_update,177,7,0.0831049159,0.0240077943,0.0493632108,0.1122843027,5,9e-05,6,34,0,raw/tedlium-test-epoch-5-freq_mask.jsonl
tedlium,test,freq_mask,pre_update,178,7,0.0912889977,0.0196014805,0.0580439121,0.1142531186,5,9e-05,6,34,0,raw/tedlium-test-epoch-5-freq_mask.jsonl
tedlium,test,freq_mask,pre_update,179,7,0.0696766653,0.0227134398,0.0461402200,0.0998024642,5,9e-05,6,34,0,raw/tedlium-test-epoch-5-freq_mask.jsonl
tedlium,test,freq_mask,pre_update,180,7,0.0849172090,0.0189467721,0.0548571795,0.1035382003,5,9e-05,6,34,0,raw/tedlium-test-epoch-5-freq_mask.jsonl
tedlium,test,freq_mask,pre_update,181,7,0.0829249977,0.0287128239,0.0452884026,0.1187733635,5,9e-05,6,34,0,raw/tedlium-test-epoch-5-freq_mask.jsonl
tedlium,test,freq_mask,pre_update,182,7,0.0898968641,0.0287509647,0.0484977067,0.1289307177,5,9e-05,6,34,0,raw/tedlium-test-epoch-5-freq_mask.jsonl
tedlium,test,freq_mask,pre_update,183,7,0.0839512199,0.0277199497,0.0550678745,0.1341266930,5,9e-05,6,34,0,raw/tedlium-test-epoch-5-freq_mask.jsonl
tedlium,test,freq_mask,pre_update,184,7,0.0774886986,0.0271815264,0.0423938856,0.1193929687,5,9e-05,6,34,0,raw/tedlium-test-epoch-5-freq_mask.jsonl
tedlium,test,freq_mask,pre_update,185,7,0.0778927675,0.0242693882,0.0495015644,0.1199082136,5,9e-05,6,34,0,raw/tedlium-test-epoch-5-freq_mask.jsonl
tedlium,test,freq_mask,pre_update,186,7,0.0777350648,0.0294783697,0.0447318107,0.1243314296,5,9e-05,6,34,0,raw/tedlium-test-epoch-5-freq_mask.jsonl
tedlium,test,freq_mask,pre_update,187,7,0.0725526762,0.0343713606,0.0208996125,0.1235122979,5,9e-05,6,34,0,raw/tedlium-test-epoch-5-freq_mask.jsonl
tedlium,test,freq_mask,pre_update,188,7,0.0788470414,0.0321680040,0.0305101853,0.1347408891,5,9e-05,6,34,0,raw/tedlium-test-epoch-5-freq_mask.jsonl
tedlium,test,freq_mask,pre_update,189,7,0.0851811266,0.0259044995,0.0428557992,0.1107807308,5,9e-05,6,34,0,raw/tedlium-test-epoch-5-freq_mask.jsonl
tedlium,test,freq_mask,pre_update,190,7,0.0841370480,0.0200905668,0.0550717190,0.1057283729,5,9e-05,6,34,0,raw/tedlium-test-epoch-5-freq_mask.jsonl
tedlium,test,freq_mask,pre_update,191,7,0.0840525281,0.0243387939,0.0521859638,0.1207621098,5,9e-05,6,34,0,raw/tedlium-test-epoch-5-freq_mask.jsonl
tedlium,test,freq_mask,pre_update,192,7,0.0918620761,0.0327010026,0.0498702750,0.1445255727,5,9e-05,6,34,0,raw/tedlium-test-epoch-5-freq_mask.jsonl
tedlium,test,freq_mask,pre_update,193,7,0.0875876205,0.0219595304,0.0587056503,0.1215505451,5,9e-05,6,34,0,raw/tedlium-test-epoch-5-freq_mask.jsonl
tedlium,test,freq_mask,pre_update,194,7,0.0867191159,0.0261588345,0.0548772216,0.1323586106,5,9e-05,6,34,0,raw/tedlium-test-epoch-5-freq_mask.jsonl
tedlium,test,freq_mask,pre_update,195,7,0.0822680843,0.0307472925,0.0501364097,0.1335891336,5,9e-05,6,34,0,raw/tedlium-test-epoch-5-freq_mask.jsonl
tedlium,test,freq_mask,pre_update,196,7,0.0778799318,0.0195540500,0.0569840670,0.1091653556,5,9e-05,6,34,0,raw/tedlium-test-epoch-5-freq_mask.jsonl
tedlium,test,freq_mask,pre_update,197,7,0.0868972290,0.0194746616,0.0599272363,0.1074177623,5,9e-05,6,34,0,raw/tedlium-test-epoch-5-freq_mask.jsonl
tedlium,test,freq_mask,pre_update,198,7,0.0695460939,0.0256463849,0.0450064391,0.1088009551,5,9e-05,6,34,0,raw/tedlium-test-epoch-5-freq_mask.jsonl
tedlium,test,freq_mask,pre_update,199,7,0.0843222902,0.0215297429,0.0533692241,0.1071290225,5,9e-05,6,34,0,raw/tedlium-test-epoch-5-freq_mask.jsonl
tedlium,test,freq_mask,pre_update,200,7,0.0728848992,0.0323515655,0.0158290826,0.1131516248,5,9e-05,6,34,0,raw/tedlium-test-epoch-5-freq_mask.jsonl
tedlium,test,freq_mask,pre_update,201,7,0.0842258877,0.0284224524,0.0485055894,0.1361245215,5,9e-05,6,34,0,raw/tedlium-test-epoch-5-freq_mask.jsonl
tedlium,test,freq_mask,pre_update,202,7,0.0858747129,0.0325613642,0.0449084342,0.1367044151,5,9e-05,6,34,0,raw/tedlium-test-epoch-5-freq_mask.jsonl
tedlium,test,freq_mask,pre_update,203,7,0.0779854331,0.0181805945,0.0485429913,0.0942725316,5,9e-05,6,34,0,raw/tedlium-test-epoch-5-freq_mask.jsonl
tedlium,test,freq_mask,pre_update,204,7,0.0757140842,0.0262999320,0.0392101929,0.1113041341,5,9e-05,6,34,0,raw/tedlium-test-epoch-5-freq_mask.jsonl
tedlium,test,freq_mask,pre_update,205,7,0.0739923120,0.0183390373,0.0564057305,0.1015377194,5,9e-05,6,34,0,raw/tedlium-test-epoch-5-freq_mask.jsonl
tedlium,test,freq_mask,pre_update,206,7,0.0789484328,0.0228270694,0.0416571237,0.0994045734,5,9e-05,6,34,0,raw/tedlium-test-epoch-5-freq_mask.jsonl
tedlium,test,freq_mask,pre_update,207,7,0.0852767729,0.0189851424,0.0516222343,0.1011437997,5,9e-05,6,34,0,raw/tedlium-test-epoch-5-freq_mask.jsonl
tedlium,test,freq_mask,pre_update,208,7,0.0780111626,0.0227222931,0.0467036739,0.1019770280,5,9e-05,6,34,0,raw/tedlium-test-epoch-5-freq_mask.jsonl
tedlium,test,freq_mask,pre_update,209,7,0.0761478756,0.0218485158,0.0418518446,0.1006853133,5,9e-05,6,34,0,raw/tedlium-test-epoch-5-freq_mask.jsonl
tedlium,test,freq_mask,pre_update,210,7,0.0901664229,0.0229889295,0.0641051084,0.1262827814,5,9e-05,6,34,0,raw/tedlium-test-epoch-5-freq_mask.jsonl
tedlium,test,freq_mask,pre_update,211,7,0.0803492128,0.0271612545,0.0546827875,0.1244203076,5,9e-05,6,34,0,raw/tedlium-test-epoch-5-freq_mask.jsonl
tedlium,test,freq_mask,pre_update,212,7,0.0780514303,0.0332035630,0.0397745222,0.1356929243,5,9e-05,6,34,0,raw/tedlium-test-epoch-5-freq_mask.jsonl
tedlium,test,freq_mask,pre_update,213,7,0.0846160661,0.0227644871,0.0538673401,0.1235428676,5,9e-05,6,34,0,raw/tedlium-test-epoch-5-freq_mask.jsonl
tedlium,test,freq_mask,pre_update,214,7,0.0809857324,0.0266332905,0.0420894027,0.1075302139,5,9e-05,6,34,0,raw/tedlium-test-epoch-5-freq_mask.jsonl
tedlium,test,freq_mask,pre_update,215,7,0.0770212465,0.0221864468,0.0437739156,0.0975676030,5,9e-05,6,34,0,raw/tedlium-test-epoch-5-freq_mask.jsonl
tedlium,test,freq_mask,pre_update,216,7,0.0819883719,0.0257992105,0.0398451313,0.1201248765,5,9e-05,6,34,0,raw/tedlium-test-epoch-5-freq_mask.jsonl
tedlium,test,freq_mask,pre_update,217,7,0.0820136326,0.0243287103,0.0448471308,0.1228335351,5,9e-05,6,34,0,raw/tedlium-test-epoch-5-freq_mask.jsonl
tedlium,test,freq_mask,pre_update,218,7,0.0816524620,0.0279348979,0.0449761264,0.1262262762,5,9e-05,6,34,0,raw/tedlium-test-epoch-5-freq_mask.jsonl
tedlium,test,freq_mask,pre_update,219,7,0.0782376123,0.0419621569,0.0310804956,0.1359965205,5,9e-05,6,34,0,raw/tedlium-test-epoch-5-freq_mask.jsonl
tedlium,test,freq_mask,pre_update,220,7,0.0729272264,0.0236191931,0.0396399610,0.1038936973,5,9e-05,6,34,0,raw/tedlium-test-epoch-5-freq_mask.jsonl
tedlium,test,freq_mask,pre_update,221,7,0.0868426838,0.0305896203,0.0409942269,0.1381968707,5,9e-05,6,34,0,raw/tedlium-test-epoch-5-freq_mask.jsonl
tedlium,test,freq_mask,pre_update,222,7,0.0691340632,0.0322456710,0.0180082489,0.1032188311,5,9e-05,6,34,0,raw/tedlium-test-epoch-5-freq_mask.jsonl
tedlium,test,freq_mask,pre_update,223,7,0.0758246253,0.0276489889,0.0369244404,0.1073269174,5,9e-05,6,34,0,raw/tedlium-test-epoch-5-freq_mask.jsonl
tedlium,test,freq_mask,pre_update,224,7,0.0674547835,0.0207906712,0.0408399105,0.0938238353,5,9e-05,6,34,0,raw/tedlium-test-epoch-5-freq_mask.jsonl
tedlium,test,freq_mask,pre_update,225,6,0.0712192121,0.0166453179,0.0491608493,0.0929813311,5,9e-05,6,34,0,raw/tedlium-test-epoch-5-freq_mask.jsonl
tedlium,test,freq_mask,pre_update,226,6,0.0671419868,0.0217183076,0.0423221551,0.0985722095,5,9e-05,6,34,0,raw/tedlium-test-epoch-5-freq_mask.jsonl
tedlium,test,freq_mask,pre_update,227,6,0.0830477743,0.0145662225,0.0621593483,0.0996985137,5,9e-05,6,34,0,raw/tedlium-test-epoch-5-freq_mask.jsonl
tedlium,test,freq_mask,pre_update,228,6,0.0794055959,0.0216041444,0.0531280190,0.1074559912,5,9e-05,6,34,0,raw/tedlium-test-epoch-5-freq_mask.jsonl
tedlium,test,freq_mask,pre_update,229,6,0.0779235481,0.0253062230,0.0414900705,0.1045855284,5,9e-05,6,34,0,raw/tedlium-test-epoch-5-freq_mask.jsonl
tedlium,test,freq_mask,pre_update,230,6,0.0732525581,0.0256035512,0.0401286632,0.1114669144,5,9e-05,6,34,0,raw/tedlium-test-epoch-5-freq_mask.jsonl
tedlium,test,freq_mask,pre_update,231,6,0.0806580658,0.0241170662,0.0550110266,0.1129294857,5,9e-05,6,34,0,raw/tedlium-test-epoch-5-freq_mask.jsonl
tedlium,test,freq_mask,pre_update,232,6,0.0743847160,0.0183192421,0.0563186184,0.0994028598,5,9e-05,6,34,0,raw/tedlium-test-epoch-5-freq_mask.jsonl
tedlium,test,freq_mask,pre_update,233,6,0.0825678321,0.0218679681,0.0606968254,0.1164042950,5,9e-05,6,34,0,raw/tedlium-test-epoch-5-freq_mask.jsonl
tedlium,test,freq_mask,pre_update,234,6,0.0783657084,0.0307515620,0.0405142084,0.1225542873,5,9e-05,6,34,0,raw/tedlium-test-epoch-5-freq_mask.jsonl
tedlium,test,freq_mask,pre_update,235,6,0.0748177165,0.0243939971,0.0411074199,0.1116520241,5,9e-05,6,34,0,raw/tedlium-test-epoch-5-freq_mask.jsonl
tedlium,test,freq_mask,pre_update,236,6,0.0754537197,0.0301044906,0.0515331551,0.1268633306,5,9e-05,6,34,0,raw/tedlium-test-epoch-5-freq_mask.jsonl
tedlium,test,freq_mask,pre_update,237,6,0.0682081667,0.0280036227,0.0343597233,0.1123209149,5,9e-05,6,34,0,raw/tedlium-test-epoch-5-freq_mask.jsonl
tedlium,test,freq_mask,pre_update,238,6,0.0747712223,0.0284495077,0.0465719625,0.1210160851,5,9e-05,6,34,0,raw/tedlium-test-epoch-5-freq_mask.jsonl
tedlium,test,freq_mask,pre_update,239,6,0.0826228037,0.0352603001,0.0328496918,0.1264269948,5,9e-05,6,34,0,raw/tedlium-test-epoch-5-freq_mask.jsonl
tedlium,test,freq_mask,pre_update,240,6,0.0758501862,0.0204525367,0.0454854071,0.1016164646,5,9e-05,6,34,0,raw/tedlium-test-epoch-5-freq_mask.jsonl
tedlium,test,freq_mask,pre_update,241,6,0.0798283418,0.0224331481,0.0465639383,0.1138908416,5,9e-05,6,34,0,raw/tedlium-test-epoch-5-freq_mask.jsonl
tedlium,test,freq_mask,pre_update,242,6,0.0743629138,0.0199809066,0.0556029752,0.1069779247,5,9e-05,6,34,0,raw/tedlium-test-epoch-5-freq_mask.jsonl
tedlium,test,freq_mask,pre_update,243,6,0.0674248269,0.0143110157,0.0508585498,0.0875510871,5,9e-05,6,34,0,raw/tedlium-test-epoch-5-freq_mask.jsonl
tedlium,test,freq_mask,pre_update,244,6,0.0762601855,0.0178727434,0.0583860800,0.1024624035,5,9e-05,6,34,0,raw/tedlium-test-epoch-5-freq_mask.jsonl
tedlium,test,freq_mask,pre_update,245,5,0.0729741864,0.0162047326,0.0573111549,0.0981432274,5,9e-05,6,34,0,raw/tedlium-test-epoch-5-freq_mask.jsonl
tedlium,test,freq_mask,pre_update,246,5,0.0659437798,0.0172963555,0.0451006964,0.0847093463,5,9e-05,6,34,0,raw/tedlium-test-epoch-5-freq_mask.jsonl
tedlium,test,freq_mask,pre_update,247,5,0.0856019281,0.0235372546,0.0558150895,0.1111739278,5,9e-05,6,34,0,raw/tedlium-test-epoch-5-freq_mask.jsonl
tedlium,test,freq_mask,pre_update,248,5,0.0692072928,0.0205358756,0.0470571257,0.0933187082,5,9e-05,6,34,0,raw/tedlium-test-epoch-5-freq_mask.jsonl
tedlium,test,freq_mask,pre_update,249,5,0.0682135224,0.0253482629,0.0430469513,0.0980153829,5,9e-05,6,34,0,raw/tedlium-test-epoch-5-freq_mask.jsonl
tedlium,test,freq_mask,pre_update,250,5,0.0677977405,0.0244377515,0.0428118259,0.0980431437,5,9e-05,6,34,0,raw/tedlium-test-epoch-5-freq_mask.jsonl
tedlium,test,freq_mask,pre_update,251,5,0.0807273060,0.0325002924,0.0430400334,0.1218373477,5,9e-05,6,34,0,raw/tedlium-test-epoch-5-freq_mask.jsonl
tedlium,test,freq_mask,pre_update,252,5,0.0701874673,0.0221392190,0.0473686084,0.0975133553,5,9e-05,6,34,0,raw/tedlium-test-epoch-5-freq_mask.jsonl
tedlium,test,freq_mask,pre_update,253,5,0.0748760812,0.0251462187,0.0463666245,0.1017956510,5,9e-05,6,34,0,raw/tedlium-test-epoch-5-freq_mask.jsonl
tedlium,test,freq_mask,pre_update,254,5,0.0812989116,0.0363433107,0.0435485654,0.1336262226,5,9e-05,6,34,0,raw/tedlium-test-epoch-5-freq_mask.jsonl
tedlium,test,freq_mask,pre_update,255,4,0.0701808222,0.0205492520,0.0417807996,0.0893554688,5,9e-05,6,34,0,raw/tedlium-test-epoch-5-freq_mask.jsonl
tedlium,test,freq_mask,pre_update,256,4,0.0813835394,0.0301713898,0.0387325734,0.1095733792,5,9e-05,6,34,0,raw/tedlium-test-epoch-5-freq_mask.jsonl
tedlium,test,freq_mask,pre_update,257,4,0.0777767459,0.0266139706,0.0413323604,0.1052696928,5,9e-05,6,34,0,raw/tedlium-test-epoch-5-freq_mask.jsonl
tedlium,test,freq_mask,pre_update,258,4,0.0624521077,0.0230842480,0.0418363586,0.0896160901,5,9e-05,6,34,0,raw/tedlium-test-epoch-5-freq_mask.jsonl
tedlium,test,freq_mask,pre_update,259,4,0.0868047578,0.0310460263,0.0405848436,0.1071653515,5,9e-05,6,34,0,raw/tedlium-test-epoch-5-freq_mask.jsonl
tedlium,test,freq_mask,pre_update,260,4,0.0688246358,0.0274212786,0.0406685658,0.0936654434,5,9e-05,6,34,0,raw/tedlium-test-epoch-5-freq_mask.jsonl
tedlium,test,freq_mask,pre_update,261,4,0.0820595501,0.0387991709,0.0357830934,0.1255278587,5,9e-05,6,34,0,raw/tedlium-test-epoch-5-freq_mask.jsonl
tedlium,test,freq_mask,pre_update,262,4,0.0713586640,0.0290324594,0.0382031798,0.1089434326,5,9e-05,6,34,0,raw/tedlium-test-epoch-5-freq_mask.jsonl
tedlium,test,freq_mask,pre_update,263,4,0.0719007347,0.0273080544,0.0338252932,0.0976706967,5,9e-05,6,34,0,raw/tedlium-test-epoch-5-freq_mask.jsonl
tedlium,test,freq_mask,pre_update,264,4,0.0786847938,0.0340122464,0.0327745378,0.1149655208,5,9e-05,6,34,0,raw/tedlium-test-epoch-5-freq_mask.jsonl
tedlium,test,freq_mask,pre_update,265,4,0.0781152528,0.0220276376,0.0483948961,0.1014275104,5,9e-05,6,34,0,raw/tedlium-test-epoch-5-freq_mask.jsonl
tedlium,test,freq_mask,pre_update,266,4,0.0855436195,0.0302574357,0.0454256758,0.1188595444,5,9e-05,6,34,0,raw/tedlium-test-epoch-5-freq_mask.jsonl
tedlium,test,freq_mask,pre_update,267,4,0.0704543339,0.0173879171,0.0446683951,0.0815201625,5,9e-05,6,34,0,raw/tedlium-test-epoch-5-freq_mask.jsonl
tedlium,test,freq_mask,pre_update,268,4,0.0732463710,0.0293580716,0.0386292338,0.1103503555,5,9e-05,6,34,0,raw/tedlium-test-epoch-5-freq_mask.jsonl
tedlium,test,freq_mask,pre_update,269,4,0.0851948764,0.0367405551,0.0367880687,0.1257246584,5,9e-05,6,34,0,raw/tedlium-test-epoch-5-freq_mask.jsonl
tedlium,test,freq_mask,pre_update,270,2,0.0498633422,0.0037759414,0.0471933484,0.0525333360,5,9e-05,6,34,0,raw/tedlium-test-epoch-5-freq_mask.jsonl
tedlium,test,freq_mask,pre_update,271,2,0.0688096713,0.0432895049,0.0381993689,0.0994199738,5,9e-05,6,34,0,raw/tedlium-test-epoch-5-freq_mask.jsonl
tedlium,test,freq_mask,pre_update,272,2,0.0649127979,0.0262684211,0.0463382192,0.0834873766,5,9e-05,6,34,0,raw/tedlium-test-epoch-5-freq_mask.jsonl
tedlium,test,freq_mask,pre_update,273,2,0.0776505768,0.0116904400,0.0693841875,0.0859169662,5,9e-05,6,34,0,raw/tedlium-test-epoch-5-freq_mask.jsonl
tedlium,test,freq_mask,pre_update,274,2,0.0578969903,0.0235914930,0.0412152857,0.0745786950,5,9e-05,6,34,0,raw/tedlium-test-epoch-5-freq_mask.jsonl
tedlium,test,freq_mask,pre_update,275,2,0.0564313754,0.0154583471,0.0455006734,0.0673620775,5,9e-05,6,34,0,raw/tedlium-test-epoch-5-freq_mask.jsonl
tedlium,test,freq_mask,pre_update,276,2,0.0679101273,0.0330821678,0.0445175022,0.0913027525,5,9e-05,6,34,0,raw/tedlium-test-epoch-5-freq_mask.jsonl
tedlium,test,freq_mask,pre_update,277,2,0.0498362184,0.0164179361,0.0382269844,0.0614454523,5,9e-05,6,34,0,raw/tedlium-test-epoch-5-freq_mask.jsonl
tedlium,test,freq_mask,pre_update,278,2,0.0653483868,0.0305671283,0.0437341630,0.0869626105,5,9e-05,6,34,0,raw/tedlium-test-epoch-5-freq_mask.jsonl
tedlium,test,freq_mask,pre_update,279,2,0.0650361963,0.0365728277,0.0391753018,0.0908970907,5,9e-05,6,34,0,raw/tedlium-test-epoch-5-freq_mask.jsonl
tedlium,test,freq_mask,pre_update,280,2,0.0706947800,0.0254251944,0.0527164526,0.0886731073,5,9e-05,6,34,0,raw/tedlium-test-epoch-5-freq_mask.jsonl
tedlium,test,freq_mask,pre_update,281,2,0.0614792872,0.0024117454,0.0597739257,0.0631846488,5,9e-05,6,34,0,raw/tedlium-test-epoch-5-freq_mask.jsonl
tedlium,test,freq_mask,pre_update,282,2,0.0687959287,0.0354112843,0.0437563695,0.0938354880,5,9e-05,6,34,0,raw/tedlium-test-epoch-5-freq_mask.jsonl
tedlium,test,freq_mask,pre_update,283,2,0.0714037903,0.0364547112,0.0456264168,0.0971811637,5,9e-05,6,34,0,raw/tedlium-test-epoch-5-freq_mask.jsonl
tedlium,test,freq_mask,pre_update,284,2,0.0761287287,0.0502952884,0.0405645892,0.1116928682,5,9e-05,6,34,0,raw/tedlium-test-epoch-5-freq_mask.jsonl
tedlium,test,freq_mask,pre_update,285,2,0.0745687764,0.0318332750,0.0520592518,0.0970783010,5,9e-05,6,34,0,raw/tedlium-test-epoch-5-freq_mask.jsonl
tedlium,test,freq_mask,pre_update,286,2,0.0650976226,0.0315379178,0.0427969471,0.0873982981,5,9e-05,6,34,0,raw/tedlium-test-epoch-5-freq_mask.jsonl
tedlium,test,freq_mask,pre_update,287,2,0.0808965266,0.0248003752,0.0633600131,0.0984330401,5,9e-05,6,34,0,raw/tedlium-test-epoch-5-freq_mask.jsonl
tedlium,test,freq_mask,pre_update,288,2,0.0744381882,0.0353068944,0.0494724438,0.0994039327,5,9e-05,6,34,0,raw/tedlium-test-epoch-5-freq_mask.jsonl
tedlium,test,freq_mask,pre_update,289,2,0.0682757981,0.0313355233,0.0461182371,0.0904333591,5,9e-05,6,34,0,raw/tedlium-test-epoch-5-freq_mask.jsonl
tedlium,test,freq_mask,pre_update,290,1,0.0863073096,,0.0863073096,0.0863073096,5,9e-05,6,34,0,raw/tedlium-test-epoch-5-freq_mask.jsonl
tedlium,test,freq_mask,pre_update,291,1,0.0925287902,,0.0925287902,0.0925287902,5,9e-05,6,34,0,raw/tedlium-test-epoch-5-freq_mask.jsonl
tedlium,test,freq_mask,pre_update,292,1,0.0792600363,,0.0792600363,0.0792600363,5,9e-05,6,34,0,raw/tedlium-test-epoch-5-freq_mask.jsonl
tedlium,test,freq_mask,pre_update,293,1,0.0933589712,,0.0933589712,0.0933589712,5,9e-05,6,34,0,raw/tedlium-test-epoch-5-freq_mask.jsonl
tedlium,test,freq_mask,pre_update,294,1,0.0733139664,,0.0733139664,0.0733139664,5,9e-05,6,34,0,raw/tedlium-test-epoch-5-freq_mask.jsonl
tedlium,test,freq_mask,pre_update,295,1,0.0770477057,,0.0770477057,0.0770477057,5,9e-05,6,34,0,raw/tedlium-test-epoch-5-freq_mask.jsonl
tedlium,test,freq_mask,pre_update,296,1,0.0907277465,,0.0907277465,0.0907277465,5,9e-05,6,34,0,raw/tedlium-test-epoch-5-freq_mask.jsonl
tedlium,test,freq_mask,pre_update,297,1,0.0810758099,,0.0810758099,0.0810758099,5,9e-05,6,34,0,raw/tedlium-test-epoch-5-freq_mask.jsonl
tedlium,test,freq_mask,pre_update,298,1,0.0845802724,,0.0845802724,0.0845802724,5,9e-05,6,34,0,raw/tedlium-test-epoch-5-freq_mask.jsonl
tedlium,test,freq_mask,pre_update,299,1,0.0768310875,,0.0768310875,0.0768310875,5,9e-05,6,34,0,raw/tedlium-test-epoch-5-freq_mask.jsonl
tedlium,test,freq_mask,pre_update,300,1,0.0944086462,,0.0944086462,0.0944086462,5,9e-05,6,34,0,raw/tedlium-test-epoch-5-freq_mask.jsonl
tedlium,test,freq_mask,pre_update,301,1,0.1009012014,,0.1009012014,0.1009012014,5,9e-05,6,34,0,raw/tedlium-test-epoch-5-freq_mask.jsonl
tedlium,test,freq_mask,pre_update,302,1,0.0883378088,,0.0883378088,0.0883378088,5,9e-05,6,34,0,raw/tedlium-test-epoch-5-freq_mask.jsonl
tedlium,test,freq_mask,pre_update,303,1,0.0713522136,,0.0713522136,0.0713522136,5,9e-05,6,34,0,raw/tedlium-test-epoch-5-freq_mask.jsonl
tedlium,test,freq_mask,pre_update,304,1,0.0811640918,,0.0811640918,0.0811640918,5,9e-05,6,34,0,raw/tedlium-test-epoch-5-freq_mask.jsonl
tedlium,test,freq_mask,pre_update,305,1,0.0754134730,,0.0754134730,0.0754134730,5,9e-05,6,34,0,raw/tedlium-test-epoch-5-freq_mask.jsonl
tedlium,test,freq_mask,pre_update,306,1,0.0847823992,,0.0847823992,0.0847823992,5,9e-05,6,34,0,raw/tedlium-test-epoch-5-freq_mask.jsonl
tedlium,test,freq_mask,pre_update,307,1,0.0862633958,,0.0862633958,0.0862633958,5,9e-05,6,34,0,raw/tedlium-test-epoch-5-freq_mask.jsonl
tedlium,test,freq_mask,pre_update,308,1,0.0932722986,,0.0932722986,0.0932722986,5,9e-05,6,34,0,raw/tedlium-test-epoch-5-freq_mask.jsonl
tedlium,test,freq_mask,pre_update,309,1,0.0830649436,,0.0830649436,0.0830649436,5,9e-05,6,34,0,raw/tedlium-test-epoch-5-freq_mask.jsonl
tedlium,test,freq_mask,pre_update,310,1,0.1014841497,,0.1014841497,0.1014841497,5,9e-05,6,34,0,raw/tedlium-test-epoch-5-freq_mask.jsonl
tedlium,test,freq_mask,pre_update,311,1,0.1154440492,,0.1154440492,0.1154440492,5,9e-05,6,34,0,raw/tedlium-test-epoch-5-freq_mask.jsonl
tedlium,test,freq_mask,pre_update,312,1,0.0970233381,,0.0970233381,0.0970233381,5,9e-05,6,34,0,raw/tedlium-test-epoch-5-freq_mask.jsonl
tedlium,test,freq_mask,pre_update,313,1,0.0962011889,,0.0962011889,0.0962011889,5,9e-05,6,34,0,raw/tedlium-test-epoch-5-freq_mask.jsonl
tedlium,test,freq_mask,pre_update,314,1,0.0761608183,,0.0761608183,0.0761608183,5,9e-05,6,34,0,raw/tedlium-test-epoch-5-freq_mask.jsonl
tedlium,test,freq_mask,pre_update,315,1,0.0856728107,,0.0856728107,0.0856728107,5,9e-05,6,34,0,raw/tedlium-test-epoch-5-freq_mask.jsonl
tedlium,test,freq_mask,pre_update,316,1,0.0754081607,,0.0754081607,0.0754081607,5,9e-05,6,34,0,raw/tedlium-test-epoch-5-freq_mask.jsonl
tedlium,test,freq_mask,pre_update,317,1,0.0698123723,,0.0698123723,0.0698123723,5,9e-05,6,34,0,raw/tedlium-test-epoch-5-freq_mask.jsonl
tedlium,test,freq_mask,pre_update,318,1,0.0960667431,,0.0960667431,0.0960667431,5,9e-05,6,34,0,raw/tedlium-test-epoch-5-freq_mask.jsonl
tedlium,test,freq_mask,pre_update,319,1,0.1000043154,,0.1000043154,0.1000043154,5,9e-05,6,34,0,raw/tedlium-test-epoch-5-freq_mask.jsonl
tedlium,test,freq_mask,pre_update,320,1,0.0898259804,,0.0898259804,0.0898259804,5,9e-05,6,34,0,raw/tedlium-test-epoch-5-freq_mask.jsonl
tedlium,test,freq_mask,pre_update,321,1,0.0919936448,,0.0919936448,0.0919936448,5,9e-05,6,34,0,raw/tedlium-test-epoch-5-freq_mask.jsonl
tedlium,test,freq_mask,pre_update,322,1,0.0709443986,,0.0709443986,0.0709443986,5,9e-05,6,34,0,raw/tedlium-test-epoch-5-freq_mask.jsonl
tedlium,test,freq_mask,pre_update,323,1,0.0718227625,,0.0718227625,0.0718227625,5,9e-05,6,34,0,raw/tedlium-test-epoch-5-freq_mask.jsonl
tedlium,test,freq_mask,pre_update,324,1,0.0722185820,,0.0722185820,0.0722185820,5,9e-05,6,34,0,raw/tedlium-test-epoch-5-freq_mask.jsonl
tedlium,test,freq_mask,pre_update,325,1,0.0824113786,,0.0824113786,0.0824113786,5,9e-05,6,34,0,raw/tedlium-test-epoch-5-freq_mask.jsonl
tedlium,test,freq_mask,pre_update,326,1,0.0777489319,,0.0777489319,0.0777489319,5,9e-05,6,34,0,raw/tedlium-test-epoch-5-freq_mask.jsonl
tedlium,test,freq_mask,pre_update,327,1,0.0503897741,,0.0503897741,0.0503897741,5,9e-05,6,34,0,raw/tedlium-test-epoch-5-freq_mask.jsonl
tedlium,test,freq_mask,pre_update,328,1,0.0641532987,,0.0641532987,0.0641532987,5,9e-05,6,34,0,raw/tedlium-test-epoch-5-freq_mask.jsonl
tedlium,test,freq_mask,pre_update,329,1,0.0704035684,,0.0704035684,0.0704035684,5,9e-05,6,34,0,raw/tedlium-test-epoch-5-freq_mask.jsonl
tedlium,test,freq_mask,pre_update,330,1,0.0676137730,,0.0676137730,0.0676137730,5,9e-05,6,34,0,raw/tedlium-test-epoch-5-freq_mask.jsonl
tedlium,test,freq_mask,pre_update,331,1,0.0986441150,,0.0986441150,0.0986441150,5,9e-05,6,34,0,raw/tedlium-test-epoch-5-freq_mask.jsonl
tedlium,test,freq_mask,pre_update,332,1,0.0667914525,,0.0667914525,0.0667914525,5,9e-05,6,34,0,raw/tedlium-test-epoch-5-freq_mask.jsonl
tedlium,test,freq_mask,pre_update,333,1,0.0787846893,,0.0787846893,0.0787846893,5,9e-05,6,34,0,raw/tedlium-test-epoch-5-freq_mask.jsonl
tedlium,test,freq_mask,pre_update,334,1,0.0708320886,,0.0708320886,0.0708320886,5,9e-05,6,34,0,raw/tedlium-test-epoch-5-freq_mask.jsonl
tedlium,test,freq_mask,pre_update,335,1,0.0727546811,,0.0727546811,0.0727546811,5,9e-05,6,34,0,raw/tedlium-test-epoch-5-freq_mask.jsonl
tedlium,test,freq_mask,pre_update,336,1,0.0858719200,,0.0858719200,0.0858719200,5,9e-05,6,34,0,raw/tedlium-test-epoch-5-freq_mask.jsonl
tedlium,test,freq_mask,pre_update,337,1,0.0873140842,,0.0873140842,0.0873140842,5,9e-05,6,34,0,raw/tedlium-test-epoch-5-freq_mask.jsonl
tedlium,test,freq_mask,pre_update,338,1,0.0784909278,,0.0784909278,0.0784909278,5,9e-05,6,34,0,raw/tedlium-test-epoch-5-freq_mask.jsonl
tedlium,test,freq_mask,pre_update,339,1,0.0667652860,,0.0667652860,0.0667652860,5,9e-05,6,34,0,raw/tedlium-test-epoch-5-freq_mask.jsonl
tedlium,test,freq_mask,pre_update,340,1,0.0679229498,,0.0679229498,0.0679229498,5,9e-05,6,34,0,raw/tedlium-test-epoch-5-freq_mask.jsonl
tedlium,test,freq_mask,pre_update,341,1,0.0807625055,,0.0807625055,0.0807625055,5,9e-05,6,34,0,raw/tedlium-test-epoch-5-freq_mask.jsonl
tedlium,test,freq_mask,pre_update,342,1,0.0768255442,,0.0768255442,0.0768255442,5,9e-05,6,34,0,raw/tedlium-test-epoch-5-freq_mask.jsonl
tedlium,test,freq_mask,pre_update,343,1,0.0823597685,,0.0823597685,0.0823597685,5,9e-05,6,34,0,raw/tedlium-test-epoch-5-freq_mask.jsonl
tedlium,test,freq_mask,pre_update,344,1,0.1136469692,,0.1136469692,0.1136469692,5,9e-05,6,34,0,raw/tedlium-test-epoch-5-freq_mask.jsonl
tedlium,test,freq_mask,pre_update,345,1,0.0905315354,,0.0905315354,0.0905315354,5,9e-05,6,34,0,raw/tedlium-test-epoch-5-freq_mask.jsonl
tedlium,test,freq_mask,pre_update,346,1,0.0699806362,,0.0699806362,0.0699806362,5,9e-05,6,34,0,raw/tedlium-test-epoch-5-freq_mask.jsonl
tedlium,test,freq_mask,pre_update,347,1,0.0880313143,,0.0880313143,0.0880313143,5,9e-05,6,34,0,raw/tedlium-test-epoch-5-freq_mask.jsonl
tedlium,test,freq_mask,pre_update,348,1,0.0653328151,,0.0653328151,0.0653328151,5,9e-05,6,34,0,raw/tedlium-test-epoch-5-freq_mask.jsonl
tedlium,test,freq_mask,pre_update,349,1,0.0840425491,,0.0840425491,0.0840425491,5,9e-05,6,34,0,raw/tedlium-test-epoch-5-freq_mask.jsonl
tedlium,test,freq_mask,pre_update,350,1,0.0631683916,,0.0631683916,0.0631683916,5,9e-05,6,34,0,raw/tedlium-test-epoch-5-freq_mask.jsonl
tedlium,test,freq_mask,pre_update,351,1,0.0821778029,,0.0821778029,0.0821778029,5,9e-05,6,34,0,raw/tedlium-test-epoch-5-freq_mask.jsonl
tedlium,test,freq_mask,pre_update,352,1,0.0937623307,,0.0937623307,0.0937623307,5,9e-05,6,34,0,raw/tedlium-test-epoch-5-freq_mask.jsonl
tedlium,test,freq_mask,pre_update,353,1,0.0828347355,,0.0828347355,0.0828347355,5,9e-05,6,34,0,raw/tedlium-test-epoch-5-freq_mask.jsonl
tedlium,test,freq_mask,pre_update,354,1,0.0715873912,,0.0715873912,0.0715873912,5,9e-05,6,34,0,raw/tedlium-test-epoch-5-freq_mask.jsonl
tedlium,test,freq_mask,pre_update,355,1,0.0783468038,,0.0783468038,0.0783468038,5,9e-05,6,34,0,raw/tedlium-test-epoch-5-freq_mask.jsonl
tedlium,test,freq_mask,pre_update,356,1,0.0860517770,,0.0860517770,0.0860517770,5,9e-05,6,34,0,raw/tedlium-test-epoch-5-freq_mask.jsonl
tedlium,test,freq_mask,pre_update,357,1,0.0832404196,,0.0832404196,0.0832404196,5,9e-05,6,34,0,raw/tedlium-test-epoch-5-freq_mask.jsonl
tedlium,test,freq_mask,pre_update,358,1,0.0685062855,,0.0685062855,0.0685062855,5,9e-05,6,34,0,raw/tedlium-test-epoch-5-freq_mask.jsonl
tedlium,test,freq_mask,pre_update,359,1,0.0813962370,,0.0813962370,0.0813962370,5,9e-05,6,34,0,raw/tedlium-test-epoch-5-freq_mask.jsonl
tedlium,test,freq_mask,pre_update,360,1,0.0864885524,,0.0864885524,0.0864885524,5,9e-05,6,34,0,raw/tedlium-test-epoch-5-freq_mask.jsonl
tedlium,test,freq_mask,pre_update,361,1,0.0867378861,,0.0867378861,0.0867378861,5,9e-05,6,34,0,raw/tedlium-test-epoch-5-freq_mask.jsonl
tedlium,test,freq_mask,pre_update,362,1,0.0999181718,,0.0999181718,0.0999181718,5,9e-05,6,34,0,raw/tedlium-test-epoch-5-freq_mask.jsonl
tedlium,test,freq_mask,pre_update,363,1,0.0820089802,,0.0820089802,0.0820089802,5,9e-05,6,34,0,raw/tedlium-test-epoch-5-freq_mask.jsonl
tedlium,test,freq_mask,pre_update,364,1,0.0832979828,,0.0832979828,0.0832979828,5,9e-05,6,34,0,raw/tedlium-test-epoch-5-freq_mask.jsonl
tedlium,test,freq_mask,pre_update,365,1,0.0855164528,,0.0855164528,0.0855164528,5,9e-05,6,34,0,raw/tedlium-test-epoch-5-freq_mask.jsonl
tedlium,test,freq_mask,pre_update,366,1,0.0870817900,,0.0870817900,0.0870817900,5,9e-05,6,34,0,raw/tedlium-test-epoch-5-freq_mask.jsonl
tedlium,test,freq_mask,pre_update,367,1,0.0880144313,,0.0880144313,0.0880144313,5,9e-05,6,34,0,raw/tedlium-test-epoch-5-freq_mask.jsonl
tedlium,test,freq_mask,pre_update,368,1,0.0887684152,,0.0887684152,0.0887684152,5,9e-05,6,34,0,raw/tedlium-test-epoch-5-freq_mask.jsonl
tedlium,test,freq_mask,pre_update,369,1,0.0859664232,,0.0859664232,0.0859664232,5,9e-05,6,34,0,raw/tedlium-test-epoch-5-freq_mask.jsonl
tedlium,test,freq_mask,pre_update,370,1,0.0754905492,,0.0754905492,0.0754905492,5,9e-05,6,34,0,raw/tedlium-test-epoch-5-freq_mask.jsonl
tedlium,test,freq_mask,pre_update,371,1,0.0859163553,,0.0859163553,0.0859163553,5,9e-05,6,34,0,raw/tedlium-test-epoch-5-freq_mask.jsonl
tedlium,test,freq_mask,pre_update,372,1,0.0852186009,,0.0852186009,0.0852186009,5,9e-05,6,34,0,raw/tedlium-test-epoch-5-freq_mask.jsonl
tedlium,test,freq_mask,pre_update,373,1,0.0896475613,,0.0896475613,0.0896475613,5,9e-05,6,34,0,raw/tedlium-test-epoch-5-freq_mask.jsonl
tedlium,test,freq_mask,pre_update,374,1,0.0940804631,,0.0940804631,0.0940804631,5,9e-05,6,34,0,raw/tedlium-test-epoch-5-freq_mask.jsonl
tedlium,test,freq_mask,pre_update,375,1,0.0793034881,,0.0793034881,0.0793034881,5,9e-05,6,34,0,raw/tedlium-test-epoch-5-freq_mask.jsonl
tedlium,test,freq_mask,pre_update,376,1,0.0713051856,,0.0713051856,0.0713051856,5,9e-05,6,34,0,raw/tedlium-test-epoch-5-freq_mask.jsonl
tedlium,test,freq_mask,pre_update,377,1,0.0767134726,,0.0767134726,0.0767134726,5,9e-05,6,34,0,raw/tedlium-test-epoch-5-freq_mask.jsonl
tedlium,test,freq_mask,pre_update,378,1,0.0659245253,,0.0659245253,0.0659245253,5,9e-05,6,34,0,raw/tedlium-test-epoch-5-freq_mask.jsonl
tedlium,test,freq_mask,pre_update,379,1,0.1037662178,,0.1037662178,0.1037662178,5,9e-05,6,34,0,raw/tedlium-test-epoch-5-freq_mask.jsonl
tedlium,test,freq_mask,pre_update,380,1,0.0936060622,,0.0936060622,0.0936060622,5,9e-05,6,34,0,raw/tedlium-test-epoch-5-freq_mask.jsonl
tedlium,test,freq_mask,pre_update,381,1,0.0428148992,,0.0428148992,0.0428148992,5,9e-05,6,34,0,raw/tedlium-test-epoch-5-freq_mask.jsonl
tedlium,test,freq_mask,pre_update,382,1,0.0778013319,,0.0778013319,0.0778013319,5,9e-05,6,34,0,raw/tedlium-test-epoch-5-freq_mask.jsonl
tedlium,test,freq_mask,pre_update,383,1,0.0886385441,,0.0886385441,0.0886385441,5,9e-05,6,34,0,raw/tedlium-test-epoch-5-freq_mask.jsonl
tedlium,test,freq_mask,pre_update,384,1,0.0599811599,,0.0599811599,0.0599811599,5,9e-05,6,34,0,raw/tedlium-test-epoch-5-freq_mask.jsonl
tedlium,test,freq_mask,pre_update,385,1,0.0889134631,,0.0889134631,0.0889134631,5,9e-05,6,34,0,raw/tedlium-test-epoch-5-freq_mask.jsonl
tedlium,test,freq_mask,pre_update,386,1,0.0877428204,,0.0877428204,0.0877428204,5,9e-05,6,34,0,raw/tedlium-test-epoch-5-freq_mask.jsonl
tedlium,test,freq_mask,pre_update,387,1,0.0850213319,,0.0850213319,0.0850213319,5,9e-05,6,34,0,raw/tedlium-test-epoch-5-freq_mask.jsonl
tedlium,test,freq_mask,pre_update,388,1,0.0742209703,,0.0742209703,0.0742209703,5,9e-05,6,34,0,raw/tedlium-test-epoch-5-freq_mask.jsonl
tedlium,test,freq_mask,pre_update,389,1,0.0736273825,,0.0736273825,0.0736273825,5,9e-05,6,34,0,raw/tedlium-test-epoch-5-freq_mask.jsonl
tedlium,test,freq_mask,pre_update,390,1,0.0915121511,,0.0915121511,0.0915121511,5,9e-05,6,34,0,raw/tedlium-test-epoch-5-freq_mask.jsonl
tedlium,test,freq_mask,pre_update,391,1,0.0814282298,,0.0814282298,0.0814282298,5,9e-05,6,34,0,raw/tedlium-test-epoch-5-freq_mask.jsonl
tedlium,test,freq_mask,pre_update,392,1,0.0853274316,,0.0853274316,0.0853274316,5,9e-05,6,34,0,raw/tedlium-test-epoch-5-freq_mask.jsonl
tedlium,test,freq_mask,pre_update,393,1,0.0828697532,,0.0828697532,0.0828697532,5,9e-05,6,34,0,raw/tedlium-test-epoch-5-freq_mask.jsonl
tedlium,test,freq_mask,pre_update,394,1,0.0737063885,,0.0737063885,0.0737063885,5,9e-05,6,34,0,raw/tedlium-test-epoch-5-freq_mask.jsonl
tedlium,test,freq_mask,pre_update,395,1,0.0515223667,,0.0515223667,0.0515223667,5,9e-05,6,34,0,raw/tedlium-test-epoch-5-freq_mask.jsonl
tedlium,test,freq_mask,pre_update,396,1,0.0707642883,,0.0707642883,0.0707642883,5,9e-05,6,34,0,raw/tedlium-test-epoch-5-freq_mask.jsonl
tedlium,test,freq_mask,pre_update,397,1,0.0736750364,,0.0736750364,0.0736750364,5,9e-05,6,34,0,raw/tedlium-test-epoch-5-freq_mask.jsonl
tedlium,test,freq_mask,pre_update,398,1,0.0771145150,,0.0771145150,0.0771145150,5,9e-05,6,34,0,raw/tedlium-test-epoch-5-freq_mask.jsonl
tedlium,test,freq_mask,pre_update,399,1,0.0713615716,,0.0713615716,0.0713615716,5,9e-05,6,34,0,raw/tedlium-test-epoch-5-freq_mask.jsonl
tedlium,test,no_aug,post_update,1,11,0.1766393293,0.1226784974,0.0982823968,0.5381333828,5,9e-05,0,0,0,raw/tedlium-test-epoch-5-no_aug.jsonl
tedlium,test,no_aug,post_update,2,11,0.1469202191,0.0738961116,0.0696803331,0.3584996462,5,9e-05,0,0,0,raw/tedlium-test-epoch-5-no_aug.jsonl
tedlium,test,no_aug,post_update,3,11,0.1290064529,0.0297722766,0.0913542137,0.1825231612,5,9e-05,0,0,0,raw/tedlium-test-epoch-5-no_aug.jsonl
tedlium,test,no_aug,post_update,4,11,0.1336301884,0.0319020645,0.0650524497,0.1770655215,5,9e-05,0,0,0,raw/tedlium-test-epoch-5-no_aug.jsonl
tedlium,test,no_aug,post_update,5,11,0.1187672493,0.0206085340,0.0869182795,0.1572616547,5,9e-05,0,0,0,raw/tedlium-test-epoch-5-no_aug.jsonl
tedlium,test,no_aug,post_update,6,11,0.1247304962,0.0220652822,0.0950836241,0.1559385806,5,9e-05,0,0,0,raw/tedlium-test-epoch-5-no_aug.jsonl
tedlium,test,no_aug,post_update,7,11,0.1214480414,0.0242678482,0.0855572373,0.1577520818,5,9e-05,0,0,0,raw/tedlium-test-epoch-5-no_aug.jsonl
tedlium,test,no_aug,post_update,8,11,0.1048910123,0.0254662499,0.0544418097,0.1380616128,5,9e-05,0,0,0,raw/tedlium-test-epoch-5-no_aug.jsonl
tedlium,test,no_aug,post_update,9,11,0.1123317419,0.0252791498,0.0723365843,0.1478184760,5,9e-05,0,0,0,raw/tedlium-test-epoch-5-no_aug.jsonl
tedlium,test,no_aug,post_update,10,11,0.1087545194,0.0248726200,0.0582646839,0.1523511708,5,9e-05,0,0,0,raw/tedlium-test-epoch-5-no_aug.jsonl
tedlium,test,no_aug,post_update,11,11,0.0974148762,0.0204898063,0.0538223460,0.1228506491,5,9e-05,0,0,0,raw/tedlium-test-epoch-5-no_aug.jsonl
tedlium,test,no_aug,post_update,12,11,0.0926627491,0.0313517224,0.0207531098,0.1301122159,5,9e-05,0,0,0,raw/tedlium-test-epoch-5-no_aug.jsonl
tedlium,test,no_aug,post_update,13,11,0.0912653245,0.0301080550,0.0152871870,0.1175296158,5,9e-05,0,0,0,raw/tedlium-test-epoch-5-no_aug.jsonl
tedlium,test,no_aug,post_update,14,11,0.1056993814,0.0294029711,0.0476242751,0.1499206126,5,9e-05,0,0,0,raw/tedlium-test-epoch-5-no_aug.jsonl
tedlium,test,no_aug,post_update,15,11,0.0813856071,0.0283942385,0.0124019794,0.1119269431,5,9e-05,0,0,0,raw/tedlium-test-epoch-5-no_aug.jsonl
tedlium,test,no_aug,post_update,16,11,0.0736943068,0.0296651407,0.0078833420,0.1237479150,5,9e-05,0,0,0,raw/tedlium-test-epoch-5-no_aug.jsonl
tedlium,test,no_aug,post_update,17,11,0.0809113715,0.0241418520,0.0412899479,0.1144502684,5,9e-05,0,0,0,raw/tedlium-test-epoch-5-no_aug.jsonl
tedlium,test,no_aug,post_update,18,11,0.0715120247,0.0336636562,0.0056289751,0.1159257963,5,9e-05,0,0,0,raw/tedlium-test-epoch-5-no_aug.jsonl
tedlium,test,no_aug,post_update,19,11,0.0782065832,0.0257652256,0.0408671573,0.1143378317,5,9e-05,0,0,0,raw/tedlium-test-epoch-5-no_aug.jsonl
tedlium,test,no_aug,post_update,20,11,0.0763967295,0.0194348927,0.0498912707,0.1123727039,5,9e-05,0,0,0,raw/tedlium-test-epoch-5-no_aug.jsonl
tedlium,test,no_aug,post_update,21,11,0.0724276467,0.0241845349,0.0317368060,0.1077223793,5,9e-05,0,0,0,raw/tedlium-test-epoch-5-no_aug.jsonl
tedlium,test,no_aug,post_update,22,11,0.0679730072,0.0280249423,0.0032733642,0.1051530391,5,9e-05,0,0,0,raw/tedlium-test-epoch-5-no_aug.jsonl
tedlium,test,no_aug,post_update,23,11,0.0603819547,0.0287827642,0.0028806329,0.1011857763,5,9e-05,0,0,0,raw/tedlium-test-epoch-5-no_aug.jsonl
tedlium,test,no_aug,post_update,24,11,0.0665121929,0.0156632394,0.0434569120,0.0887037888,5,9e-05,0,0,0,raw/tedlium-test-epoch-5-no_aug.jsonl
tedlium,test,no_aug,post_update,25,11,0.0630644335,0.0234240416,0.0306996759,0.1120239049,5,9e-05,0,0,0,raw/tedlium-test-epoch-5-no_aug.jsonl
tedlium,test,no_aug,post_update,26,11,0.0617861128,0.0229893574,0.0242665894,0.1032416523,5,9e-05,0,0,0,raw/tedlium-test-epoch-5-no_aug.jsonl
tedlium,test,no_aug,post_update,27,11,0.0549770310,0.0223983157,0.0018832431,0.0828631520,5,9e-05,0,0,0,raw/tedlium-test-epoch-5-no_aug.jsonl
tedlium,test,no_aug,post_update,28,11,0.0611373396,0.0150685500,0.0359153263,0.0813738778,5,9e-05,0,0,0,raw/tedlium-test-epoch-5-no_aug.jsonl
tedlium,test,no_aug,post_update,29,11,0.0490736860,0.0246430407,0.0015707498,0.0893742740,5,9e-05,0,0,0,raw/tedlium-test-epoch-5-no_aug.jsonl
tedlium,test,no_aug,post_update,30,11,0.0528545207,0.0145359550,0.0213556364,0.0656452328,5,9e-05,0,0,0,raw/tedlium-test-epoch-5-no_aug.jsonl
tedlium,test,no_aug,post_update,31,11,0.0595321730,0.0104514792,0.0477958992,0.0806258619,5,9e-05,0,0,0,raw/tedlium-test-epoch-5-no_aug.jsonl
tedlium,test,no_aug,post_update,32,11,0.0485302729,0.0238487081,0.0012387529,0.0845259279,5,9e-05,0,0,0,raw/tedlium-test-epoch-5-no_aug.jsonl
tedlium,test,no_aug,post_update,33,11,0.0526748102,0.0243734639,0.0011495530,0.0841056406,5,9e-05,0,0,0,raw/tedlium-test-epoch-5-no_aug.jsonl
tedlium,test,no_aug,post_update,34,11,0.0541276624,0.0169715621,0.0284477025,0.0874738842,5,9e-05,0,0,0,raw/tedlium-test-epoch-5-no_aug.jsonl
tedlium,test,no_aug,post_update,35,11,0.0439697988,0.0180014210,0.0093964450,0.0719191805,5,9e-05,0,0,0,raw/tedlium-test-epoch-5-no_aug.jsonl
tedlium,test,no_aug,post_update,36,11,0.0451215261,0.0235987287,0.0009489274,0.0902454257,5,9e-05,0,0,0,raw/tedlium-test-epoch-5-no_aug.jsonl
tedlium,test,no_aug,post_update,37,11,0.0490933813,0.0214880579,0.0008940256,0.0845048279,5,9e-05,0,0,0,raw/tedlium-test-epoch-5-no_aug.jsonl
tedlium,test,no_aug,post_update,38,11,0.0429748014,0.0211174997,0.0008426626,0.0810805410,5,9e-05,0,0,0,raw/tedlium-test-epoch-5-no_aug.jsonl
tedlium,test,no_aug,post_update,39,11,0.0479651159,0.0191516518,0.0018535602,0.0713445544,5,9e-05,0,0,0,raw/tedlium-test-epoch-5-no_aug.jsonl
tedlium,test,no_aug,post_update,40,11,0.0467806394,0.0112827530,0.0339210480,0.0731350258,5,9e-05,0,0,0,raw/tedlium-test-epoch-5-no_aug.jsonl
tedlium,test,no_aug,post_update,41,11,0.0453930724,0.0233185128,0.0007098634,0.0883929580,5,9e-05,0,0,0,raw/tedlium-test-epoch-5-no_aug.jsonl
tedlium,test,no_aug,post_update,42,11,0.0402410183,0.0167689266,0.0006734503,0.0644952059,5,9e-05,0,0,0,raw/tedlium-test-epoch-5-no_aug.jsonl
tedlium,test,no_aug,post_update,43,11,0.0410960329,0.0185439379,0.0006397295,0.0724428222,5,9e-05,0,0,0,raw/tedlium-test-epoch-5-no_aug.jsonl
tedlium,test,no_aug,post_update,44,11,0.0377294254,0.0161841301,0.0008847661,0.0632964820,5,9e-05,0,0,0,raw/tedlium-test-epoch-5-no_aug.jsonl
tedlium,test,no_aug,post_update,45,11,0.0463597886,0.0113471049,0.0242936425,0.0645368844,5,9e-05,0,0,0,raw/tedlium-test-epoch-5-no_aug.jsonl
tedlium,test,no_aug,post_update,46,11,0.0353403525,0.0197411128,0.0005523724,0.0665796995,5,9e-05,0,0,0,raw/tedlium-test-epoch-5-no_aug.jsonl
tedlium,test,no_aug,post_update,47,11,0.0368659628,0.0100186314,0.0209915712,0.0532004870,5,9e-05,0,0,0,raw/tedlium-test-epoch-5-no_aug.jsonl
tedlium,test,no_aug,post_update,48,11,0.0415757947,0.0111422457,0.0202625338,0.0539157912,5,9e-05,0,0,0,raw/tedlium-test-epoch-5-no_aug.jsonl
tedlium,test,no_aug,post_update,49,11,0.0357278162,0.0122403261,0.0137558673,0.0557860956,5,9e-05,0,0,0,raw/tedlium-test-epoch-5-no_aug.jsonl
tedlium,test,no_aug,post_update,50,11,0.0431653556,0.0159939052,0.0222093835,0.0780547336,5,9e-05,0,0,0,raw/tedlium-test-epoch-5-no_aug.jsonl
tedlium,test,no_aug,post_update,51,11,0.0413447280,0.0068263885,0.0287431218,0.0507109314,5,9e-05,0,0,0,raw/tedlium-test-epoch-5-no_aug.jsonl
tedlium,test,no_aug,post_update,52,11,0.0400842340,0.0106610716,0.0246424563,0.0569198653,5,9e-05,0,0,0,raw/tedlium-test-epoch-5-no_aug.jsonl
tedlium,test,no_aug,post_update,53,11,0.0416590292,0.0146101027,0.0213341136,0.0791052878,5,9e-05,0,0,0,raw/tedlium-test-epoch-5-no_aug.jsonl
tedlium,test,no_aug,post_update,54,11,0.0413699550,0.0111725724,0.0251585953,0.0610838383,5,9e-05,0,0,0,raw/tedlium-test-epoch-5-no_aug.jsonl
tedlium,test,no_aug,post_update,55,11,0.0394371858,0.0096410051,0.0242785327,0.0555526838,5,9e-05,0,0,0,raw/tedlium-test-epoch-5-no_aug.jsonl
tedlium,test,no_aug,post_update,56,11,0.0407991044,0.0188431352,0.0231449120,0.0771619678,5,9e-05,0,0,0,raw/tedlium-test-epoch-5-no_aug.jsonl
tedlium,test,no_aug,post_update,57,11,0.0412555642,0.0211260452,0.0024495141,0.0754696503,5,9e-05,0,0,0,raw/tedlium-test-epoch-5-no_aug.jsonl
tedlium,test,no_aug,post_update,58,11,0.0381092463,0.0174508158,0.0003782300,0.0708144754,5,9e-05,0,0,0,raw/tedlium-test-epoch-5-no_aug.jsonl
tedlium,test,no_aug,post_update,59,11,0.0375273648,0.0079958231,0.0281317458,0.0530935973,5,9e-05,0,0,0,raw/tedlium-test-epoch-5-no_aug.jsonl
tedlium,test,no_aug,post_update,60,11,0.0363532323,0.0157619738,0.0003622371,0.0613431446,5,9e-05,0,0,0,raw/tedlium-test-epoch-5-no_aug.jsonl
tedlium,test,no_aug,post_update,61,11,0.0373524813,0.0104929654,0.0227053929,0.0553626120,5,9e-05,0,0,0,raw/tedlium-test-epoch-5-no_aug.jsonl
tedlium,test,no_aug,post_update,62,11,0.0300725811,0.0150545999,0.0003476439,0.0567973405,5,9e-05,0,0,0,raw/tedlium-test-epoch-5-no_aug.jsonl
tedlium,test,no_aug,post_update,63,11,0.0317869373,0.0073088592,0.0211355351,0.0454718396,5,9e-05,0,0,0,raw/tedlium-test-epoch-5-no_aug.jsonl
tedlium,test,no_aug,post_update,64,11,0.0382355807,0.0123363011,0.0224404167,0.0628227890,5,9e-05,0,0,0,raw/tedlium-test-epoch-5-no_aug.jsonl
tedlium,test,no_aug,post_update,65,11,0.0370440503,0.0068783458,0.0275806785,0.0507513508,5,9e-05,0,0,0,raw/tedlium-test-epoch-5-no_aug.jsonl
tedlium,test,no_aug,post_update,66,11,0.0330549254,0.0140301015,0.0003229405,0.0500030667,5,9e-05,0,0,0,raw/tedlium-test-epoch-5-no_aug.jsonl
tedlium,test,no_aug,post_update,67,11,0.0342628010,0.0125238982,0.0003168568,0.0450674519,5,9e-05,0,0,0,raw/tedlium-test-epoch-5-no_aug.jsonl
tedlium,test,no_aug,post_update,68,11,0.0373247395,0.0104915943,0.0219483711,0.0565691814,5,9e-05,0,0,0,raw/tedlium-test-epoch-5-no_aug.jsonl
tedlium,test,no_aug,post_update,69,11,0.0393355704,0.0134476560,0.0228147991,0.0743500665,5,9e-05,0,0,0,raw/tedlium-test-epoch-5-no_aug.jsonl
tedlium,test,no_aug,post_update,70,11,0.0360123546,0.0106598159,0.0161814950,0.0578484908,5,9e-05,0,0,0,raw/tedlium-test-epoch-5-no_aug.jsonl
tedlium,test,no_aug,post_update,71,10,0.0346900249,0.0056335644,0.0261818022,0.0442567654,5,9e-05,0,0,0,raw/tedlium-test-epoch-5-no_aug.jsonl
tedlium,test,no_aug,post_update,72,10,0.0392589405,0.0123383876,0.0256926045,0.0653332174,5,9e-05,0,0,0,raw/tedlium-test-epoch-5-no_aug.jsonl
tedlium,test,no_aug,post_update,73,10,0.0337354779,0.0114025233,0.0120092910,0.0499381423,5,9e-05,0,0,0,raw/tedlium-test-epoch-5-no_aug.jsonl
tedlium,test,no_aug,post_update,74,10,0.0306644293,0.0140599012,0.0004409225,0.0521846376,5,9e-05,0,0,0,raw/tedlium-test-epoch-5-no_aug.jsonl
tedlium,test,no_aug,post_update,75,10,0.0339231795,0.0164824070,0.0002798160,0.0644213185,5,9e-05,0,0,0,raw/tedlium-test-epoch-5-no_aug.jsonl
tedlium,test,no_aug,post_update,76,9,0.0327643435,0.0095736158,0.0108121522,0.0448253453,5,9e-05,0,0,0,raw/tedlium-test-epoch-5-no_aug.jsonl
tedlium,test,no_aug,post_update,77,9,0.0357861247,0.0160392536,0.0002701671,0.0561850853,5,9e-05,0,0,0,raw/tedlium-test-epoch-5-no_aug.jsonl
tedlium,test,no_aug,post_update,78,9,0.0289233032,0.0129701216,0.0002652305,0.0458966866,5,9e-05,0,0,0,raw/tedlium-test-epoch-5-no_aug.jsonl
tedlium,test,no_aug,post_update,79,9,0.0361169438,0.0134332362,0.0168005917,0.0565464497,5,9e-05,0,0,0,raw/tedlium-test-epoch-5-no_aug.jsonl
tedlium,test,no_aug,post_update,80,9,0.0327604695,0.0187518418,0.0002563974,0.0680143908,5,9e-05,0,0,0,raw/tedlium-test-epoch-5-no_aug.jsonl
tedlium,test,no_aug,post_update,81,9,0.0332652736,0.0085994015,0.0215497315,0.0479439273,5,9e-05,0,0,0,raw/tedlium-test-epoch-5-no_aug.jsonl
tedlium,test,no_aug,post_update,82,9,0.0330686553,0.0117329175,0.0166900884,0.0585964620,5,9e-05,0,0,0,raw/tedlium-test-epoch-5-no_aug.jsonl
tedlium,test,no_aug,post_update,83,9,0.0311665135,0.0146112104,0.0002439560,0.0459343418,5,9e-05,0,0,0,raw/tedlium-test-epoch-5-no_aug.jsonl
tedlium,test,no_aug,post_update,84,9,0.0338196808,0.0081980209,0.0248834509,0.0513836816,5,9e-05,0,0,0,raw/tedlium-test-epoch-5-no_aug.jsonl
tedlium,test,no_aug,post_update,85,9,0.0286866188,0.0131078525,0.0006188825,0.0426854752,5,9e-05,0,0,0,raw/tedlium-test-epoch-5-no_aug.jsonl
tedlium,test,no_aug,post_update,86,9,0.0331234716,0.0148723780,0.0086590042,0.0610689968,5,9e-05,0,0,0,raw/tedlium-test-epoch-5-no_aug.jsonl
tedlium,test,no_aug,post_update,87,9,0.0283641733,0.0132322377,0.0002270810,0.0467665344,5,9e-05,0,0,0,raw/tedlium-test-epoch-5-no_aug.jsonl
tedlium,test,no_aug,post_update,88,9,0.0308022665,0.0124773129,0.0002227801,0.0411332659,5,9e-05,0,0,0,raw/tedlium-test-epoch-5-no_aug.jsonl
tedlium,test,no_aug,post_update,89,9,0.0325463412,0.0066853120,0.0251438618,0.0420412496,5,9e-05,0,0,0,raw/tedlium-test-epoch-5-no_aug.jsonl
tedlium,test,no_aug,post_update,90,9,0.0309707646,0.0122788951,0.0002150717,0.0402083583,5,9e-05,0,0,0,raw/tedlium-test-epoch-5-no_aug.jsonl
tedlium,test,no_aug,post_update,91,9,0.0354399712,0.0083190462,0.0238900706,0.0531522594,5,9e-05,0,0,0,raw/tedlium-test-epoch-5-no_aug.jsonl
tedlium,test,no_aug,post_update,92,9,0.0297705140,0.0051245545,0.0230241977,0.0382104069,5,9e-05,0,0,0,raw/tedlium-test-epoch-5-no_aug.jsonl
tedlium,test,no_aug,post_update,93,9,0.0322059151,0.0098805026,0.0135335028,0.0474561155,5,9e-05,0,0,0,raw/tedlium-test-epoch-5-no_aug.jsonl
tedlium,test,no_aug,post_update,94,9,0.0340999297,0.0117429984,0.0153642297,0.0521761551,5,9e-05,0,0,0,raw/tedlium-test-epoch-5-no_aug.jsonl
tedlium,test,no_aug,post_update,95,9,0.0281394796,0.0125539122,0.0001985533,0.0416626334,5,9e-05,0,0,0,raw/tedlium-test-epoch-5-no_aug.jsonl
tedlium,test,no_aug,post_update,96,9,0.0299572978,0.0158110920,0.0001952143,0.0589610040,5,9e-05,0,0,0,raw/tedlium-test-epoch-5-no_aug.jsonl
tedlium,test,no_aug,post_update,97,9,0.0346538857,0.0199075538,0.0004847757,0.0675213337,5,9e-05,0,0,0,raw/tedlium-test-epoch-5-no_aug.jsonl
tedlium,test,no_aug,post_update,98,9,0.0269340442,0.0157949894,0.0001887042,0.0456092879,5,9e-05,0,0,0,raw/tedlium-test-epoch-5-no_aug.jsonl
tedlium,test,no_aug,post_update,99,9,0.0312874265,0.0063021609,0.0243815500,0.0441210978,5,9e-05,0,0,0,raw/tedlium-test-epoch-5-no_aug.jsonl
tedlium,test,no_aug,post_update,100,9,0.0285230416,0.0138709544,0.0001825046,0.0489350744,5,9e-05,0,0,0,raw/tedlium-test-epoch-5-no_aug.jsonl
tedlium,test,no_aug,post_update,101,8,0.0255335223,0.0128916066,0.0001795350,0.0413161591,5,9e-05,0,0,0,raw/tedlium-test-epoch-5-no_aug.jsonl
tedlium,test,no_aug,post_update,102,8,0.0310505466,0.0056915390,0.0233161245,0.0387248993,5,9e-05,0,0,0,raw/tedlium-test-epoch-5-no_aug.jsonl
tedlium,test,no_aug,post_update,103,8,0.0270964339,0.0085647160,0.0073886779,0.0355000794,5,9e-05,0,0,0,raw/tedlium-test-epoch-5-no_aug.jsonl
tedlium,test,no_aug,post_update,104,8,0.0280278296,0.0128925167,0.0001706122,0.0410576165,5,9e-05,0,0,0,raw/tedlium-test-epoch-5-no_aug.jsonl
tedlium,test,no_aug,post_update,105,8,0.0315007698,0.0057542948,0.0252215415,0.0432112664,5,9e-05,0,0,0,raw/tedlium-test-epoch-5-no_aug.jsonl
tedlium,test,no_aug,post_update,106,8,0.0286198775,0.0142889218,0.0002469714,0.0492183641,5,9e-05,0,0,0,raw/tedlium-test-epoch-5-no_aug.jsonl
tedlium,test,no_aug,post_update,107,8,0.0287707674,0.0074739218,0.0182815120,0.0401098356,5,9e-05,0,0,0,raw/tedlium-test-epoch-5-no_aug.jsonl
tedlium,test,no_aug,post_update,108,8,0.0315356818,0.0078808145,0.0204378441,0.0417145118,5,9e-05,0,0,0,raw/tedlium-test-epoch-5-no_aug.jsonl
tedlium,test,no_aug,post_update,109,8,0.0315647202,0.0094674176,0.0179703496,0.0485166684,5,9e-05,0,0,0,raw/tedlium-test-epoch-5-no_aug.jsonl
tedlium,test,no_aug,post_update,110,8,0.0262237888,0.0128830728,0.0001558627,0.0395189300,5,9e-05,0,0,0,raw/tedlium-test-epoch-5-no_aug.jsonl
tedlium,test,no_aug,post_update,111,8,0.0249084863,0.0113522314,0.0001534954,0.0357073471,5,9e-05,0,0,0,raw/tedlium-test-epoch-5-no_aug.jsonl
tedlium,test,no_aug,post_update,112,8,0.0251469504,0.0115992391,0.0011477334,0.0374928266,5,9e-05,0,0,0,raw/tedlium-test-epoch-5-no_aug.jsonl
tedlium,test,no_aug,post_update,113,8,0.0297610455,0.0087490536,0.0203127265,0.0435527191,5,9e-05,0,0,0,raw/tedlium-test-epoch-5-no_aug.jsonl
tedlium,test,no_aug,post_update,114,8,0.0291623231,0.0072708002,0.0176811330,0.0367442220,5,9e-05,0,0,0,raw/tedlium-test-epoch-5-no_aug.jsonl
tedlium,test,no_aug,post_update,115,8,0.0292209510,0.0061473832,0.0208875462,0.0383598208,5,9e-05,0,0,0,raw/tedlium-test-epoch-5-no_aug.jsonl
tedlium,test,no_aug,post_update,116,8,0.0233821336,0.0127125144,0.0079285707,0.0476777628,5,9e-05,0,0,0,raw/tedlium-test-epoch-5-no_aug.jsonl
tedlium,test,no_aug,post_update,117,8,0.0255927429,0.0116410970,0.0001420525,0.0380838439,5,9e-05,0,0,0,raw/tedlium-test-epoch-5-no_aug.jsonl
tedlium,test,no_aug,post_update,118,8,0.0309682393,0.0066643066,0.0224343799,0.0393048897,5,9e-05,0,0,0,raw/tedlium-test-epoch-5-no_aug.jsonl
tedlium,test,no_aug,post_update,119,8,0.0281112407,0.0167678934,0.0001387545,0.0585210323,5,9e-05,0,0,0,raw/tedlium-test-epoch-5-no_aug.jsonl
tedlium,test,no_aug,post_update,120,8,0.0255312724,0.0141736288,0.0001370643,0.0509769544,5,9e-05,0,0,0,raw/tedlium-test-epoch-5-no_aug.jsonl
tedlium,test,no_aug,post_update,121,8,0.0254026237,0.0112442819,0.0001348406,0.0373021811,5,9e-05,0,0,0,raw/tedlium-test-epoch-5-no_aug.jsonl
tedlium,test,no_aug,post_update,122,8,0.0291613899,0.0049904640,0.0233519264,0.0360063240,5,9e-05,0,0,0,raw/tedlium-test-epoch-5-no_aug.jsonl
tedlium,test,no_aug,post_update,123,8,0.0305368833,0.0101334288,0.0216159448,0.0521792471,5,9e-05,0,0,0,raw/tedlium-test-epoch-5-no_aug.jsonl
tedlium,test,no_aug,post_update,124,8,0.0261171102,0.0147838727,0.0001305829,0.0446056388,5,9e-05,0,0,0,raw/tedlium-test-epoch-5-no_aug.jsonl
tedlium,test,no_aug,post_update,125,8,0.0255630924,0.0126955666,0.0001291090,0.0445053801,5,9e-05,0,0,0,raw/tedlium-test-epoch-5-no_aug.jsonl
tedlium,test,no_aug,post_update,126,8,0.0294893444,0.0168936495,0.0001886446,0.0547589399,5,9e-05,0,0,0,raw/tedlium-test-epoch-5-no_aug.jsonl
tedlium,test,no_aug,post_update,127,8,0.0290852382,0.0178920046,0.0001258625,0.0611401573,5,9e-05,0,0,0,raw/tedlium-test-epoch-5-no_aug.jsonl
tedlium,test,no_aug,post_update,128,8,0.0226129535,0.0117589969,0.0027419268,0.0385509692,5,9e-05,0,0,0,raw/tedlium-test-epoch-5-no_aug.jsonl
tedlium,test,no_aug,post_update,129,8,0.0291505903,0.0063176273,0.0213297345,0.0371464565,5,9e-05,0,0,0,raw/tedlium-test-epoch-5-no_aug.jsonl
tedlium,test,no_aug,post_update,130,8,0.0254704453,0.0084063326,0.0099357432,0.0338345617,5,9e-05,0,0,0,raw/tedlium-test-epoch-5-no_aug.jsonl
tedlium,test,no_aug,post_update,131,8,0.0300587004,0.0045196214,0.0228015110,0.0352990702,5,9e-05,0,0,0,raw/tedlium-test-epoch-5-no_aug.jsonl
tedlium,test,no_aug,post_update,132,8,0.0259371778,0.0151215514,0.0002819884,0.0490303226,5,9e-05,0,0,0,raw/tedlium-test-epoch-5-no_aug.jsonl
tedlium,test,no_aug,post_update,133,8,0.0265697392,0.0065809644,0.0192525703,0.0391880423,5,9e-05,0,0,0,raw/tedlium-test-epoch-5-no_aug.jsonl
tedlium,test,no_aug,post_update,134,8,0.0260606031,0.0074058151,0.0164807476,0.0355042368,5,9e-05,0,0,0,raw/tedlium-test-epoch-5-no_aug.jsonl
tedlium,test,no_aug,post_update,135,8,0.0299295252,0.0129553246,0.0131620951,0.0568849444,5,9e-05,0,0,0,raw/tedlium-test-epoch-5-no_aug.jsonl
tedlium,test,no_aug,post_update,136,8,0.0258853796,0.0106915883,0.0116223991,0.0421796367,5,9e-05,0,0,0,raw/tedlium-test-epoch-5-no_aug.jsonl
tedlium,test,no_aug,post_update,137,8,0.0237348794,0.0110551079,0.0001121328,0.0357567444,5,9e-05,0,0,0,raw/tedlium-test-epoch-5-no_aug.jsonl
tedlium,test,no_aug,post_update,138,8,0.0248087093,0.0139851142,0.0001108891,0.0505643189,5,9e-05,0,0,0,raw/tedlium-test-epoch-5-no_aug.jsonl
tedlium,test,no_aug,post_update,139,8,0.0255579648,0.0055534665,0.0156523511,0.0341779776,5,9e-05,0,0,0,raw/tedlium-test-epoch-5-no_aug.jsonl
tedlium,test,no_aug,post_update,140,8,0.0254393218,0.0105194384,0.0059563629,0.0409793966,5,9e-05,0,0,0,raw/tedlium-test-epoch-5-no_aug.jsonl
tedlium,test,no_aug,post_update,141,8,0.0261472079,0.0057977439,0.0149474535,0.0335290059,5,9e-05,0,0,0,raw/tedlium-test-epoch-5-no_aug.jsonl
tedlium,test,no_aug,post_update,142,8,0.0274314652,0.0127055123,0.0001060120,0.0411831588,5,9e-05,0,0,0,raw/tedlium-test-epoch-5-no_aug.jsonl
tedlium,test,no_aug,post_update,143,8,0.0262418990,0.0074033926,0.0140103120,0.0368677005,5,9e-05,0,0,0,raw/tedlium-test-epoch-5-no_aug.jsonl
tedlium,test,no_aug,post_update,144,8,0.0298915014,0.0064574281,0.0216898024,0.0406449139,5,9e-05,0,0,0,raw/tedlium-test-epoch-5-no_aug.jsonl
tedlium,test,no_aug,post_update,145,8,0.0319755974,0.0078978869,0.0208379179,0.0432582535,5,9e-05,0,0,0,raw/tedlium-test-epoch-5-no_aug.jsonl
tedlium,test,no_aug,post_update,146,7,0.0269129816,0.0073797727,0.0174123421,0.0401055664,5,9e-05,0,0,0,raw/tedlium-test-epoch-5-no_aug.jsonl
tedlium,test,no_aug,post_update,147,7,0.0283742265,0.0062206150,0.0206518993,0.0363311172,5,9e-05,0,0,0,raw/tedlium-test-epoch-5-no_aug.jsonl
tedlium,test,no_aug,post_update,148,7,0.0250472461,0.0085131975,0.0170048065,0.0404359587,5,9e-05,0,0,0,raw/tedlium-test-epoch-5-no_aug.jsonl
tedlium,test,no_aug,post_update,149,7,0.0259395071,0.0070011576,0.0145252794,0.0360966660,5,9e-05,0,0,0,raw/tedlium-test-epoch-5-no_aug.jsonl
tedlium,test,no_aug,post_update,150,7,0.0284055354,0.0051018762,0.0225316193,0.0355313905,5,9e-05,0,0,0,raw/tedlium-test-epoch-5-no_aug.jsonl
tedlium,test,no_aug,post_update,151,7,0.0313490355,0.0131394657,0.0204265788,0.0588229820,5,9e-05,0,0,0,raw/tedlium-test-epoch-5-no_aug.jsonl
tedlium,test,no_aug,post_update,152,7,0.0287275788,0.0062859978,0.0194959957,0.0373029038,5,9e-05,0,0,0,raw/tedlium-test-epoch-5-no_aug.jsonl
tedlium,test,no_aug,post_update,153,7,0.0232110268,0.0115294747,0.0006901170,0.0370303020,5,9e-05,0,0,0,raw/tedlium-test-epoch-5-no_aug.jsonl
tedlium,test,no_aug,post_update,154,7,0.0269749380,0.0041382377,0.0223517269,0.0352718160,5,9e-05,0,0,0,raw/tedlium-test-epoch-5-no_aug.jsonl
tedlium,test,no_aug,post_update,155,7,0.0301152534,0.0124981835,0.0163433123,0.0509815663,5,9e-05,0,0,0,raw/tedlium-test-epoch-5-no_aug.jsonl
tedlium,test,no_aug,post_update,156,7,0.0249581497,0.0063140425,0.0160363074,0.0328675807,5,9e-05,0,0,0,raw/tedlium-test-epoch-5-no_aug.jsonl
tedlium,test,no_aug,post_update,157,7,0.0241164785,0.0118995108,0.0022264002,0.0424861275,5,9e-05,0,0,0,raw/tedlium-test-epoch-5-no_aug.jsonl
tedlium,test,no_aug,post_update,158,7,0.0268981098,0.0052152040,0.0188360680,0.0333116427,5,9e-05,0,0,0,raw/tedlium-test-epoch-5-no_aug.jsonl
tedlium,test,no_aug,post_update,159,7,0.0293208701,0.0067074852,0.0206003971,0.0397837497,5,9e-05,0,0,0,raw/tedlium-test-epoch-5-no_aug.jsonl
tedlium,test,no_aug,post_update,160,7,0.0256507091,0.0079188778,0.0172095262,0.0411193743,5,9e-05,0,0,0,raw/tedlium-test-epoch-5-no_aug.jsonl
tedlium,test,no_aug,post_update,161,7,0.0308493613,0.0093407388,0.0203007758,0.0464821160,5,9e-05,0,0,0,raw/tedlium-test-epoch-5-no_aug.jsonl
tedlium,test,no_aug,post_update,162,7,0.0289457681,0.0113303191,0.0130587323,0.0496981815,5,9e-05,0,0,0,raw/tedlium-test-epoch-5-no_aug.jsonl
tedlium,test,no_aug,post_update,163,7,0.0218953961,0.0066042554,0.0099575520,0.0281047411,5,9e-05,0,0,0,raw/tedlium-test-epoch-5-no_aug.jsonl
tedlium,test,no_aug,post_update,164,7,0.0292959030,0.0080099225,0.0233764928,0.0457953215,5,9e-05,0,0,0,raw/tedlium-test-epoch-5-no_aug.jsonl
tedlium,test,no_aug,post_update,165,7,0.0305703799,0.0099372379,0.0197725073,0.0471992493,5,9e-05,0,0,0,raw/tedlium-test-epoch-5-no_aug.jsonl
tedlium,test,no_aug,post_update,166,7,0.0275736004,0.0062954614,0.0181874018,0.0343064442,5,9e-05,0,0,0,raw/tedlium-test-epoch-5-no_aug.jsonl
tedlium,test,no_aug,post_update,167,7,0.0259693800,0.0063700793,0.0182094648,0.0365656912,5,9e-05,0,0,0,raw/tedlium-test-epoch-5-no_aug.jsonl
tedlium,test,no_aug,post_update,168,7,0.0303602695,0.0126607215,0.0201288387,0.0566010922,5,9e-05,0,0,0,raw/tedlium-test-epoch-5-no_aug.jsonl
tedlium,test,no_aug,post_update,169,7,0.0264057961,0.0038263265,0.0218813121,0.0328672603,5,9e-05,0,0,0,raw/tedlium-test-epoch-5-no_aug.jsonl
tedlium,test,no_aug,post_update,170,7,0.0272633040,0.0075576755,0.0163814370,0.0347891077,5,9e-05,0,0,0,raw/tedlium-test-epoch-5-no_aug.jsonl
tedlium,test,no_aug,post_update,171,7,0.0272962422,0.0039884560,0.0210061073,0.0324358493,5,9e-05,0,0,0,raw/tedlium-test-epoch-5-no_aug.jsonl
tedlium,test,no_aug,post_update,172,7,0.0281597243,0.0051153575,0.0222108774,0.0342281535,5,9e-05,0,0,0,raw/tedlium-test-epoch-5-no_aug.jsonl
tedlium,test,no_aug,post_update,173,7,0.0274163493,0.0067577096,0.0188951250,0.0384830981,5,9e-05,0,0,0,raw/tedlium-test-epoch-5-no_aug.jsonl
tedlium,test,no_aug,post_update,174,7,0.0230611334,0.0043867135,0.0182139538,0.0293945726,5,9e-05,0,0,0,raw/tedlium-test-epoch-5-no_aug.jsonl
tedlium,test,no_aug,post_update,175,7,0.0249722486,0.0052573596,0.0205683168,0.0362371206,5,9e-05,0,0,0,raw/tedlium-test-epoch-5-no_aug.jsonl
tedlium,test,no_aug,post_update,176,7,0.0258494081,0.0075780905,0.0157570057,0.0384495370,5,9e-05,0,0,0,raw/tedlium-test-epoch-5-no_aug.jsonl
tedlium,test,no_aug,post_update,177,7,0.0290020992,0.0072631555,0.0223885775,0.0410644412,5,9e-05,0,0,0,raw/tedlium-test-epoch-5-no_aug.jsonl
tedlium,test,no_aug,post_update,178,7,0.0305846783,0.0100343233,0.0176463611,0.0478685945,5,9e-05,0,0,0,raw/tedlium-test-epoch-5-no_aug.jsonl
tedlium,test,no_aug,post_update,179,7,0.0281128205,0.0115510302,0.0140180308,0.0509248748,5,9e-05,0,0,0,raw/tedlium-test-epoch-5-no_aug.jsonl
tedlium,test,no_aug,post_update,180,7,0.0252006842,0.0036309102,0.0207773671,0.0296153035,5,9e-05,0,0,0,raw/tedlium-test-epoch-5-no_aug.jsonl
tedlium,test,no_aug,post_update,181,7,0.0262452305,0.0067139279,0.0179747306,0.0352050960,5,9e-05,0,0,0,raw/tedlium-test-epoch-5-no_aug.jsonl
tedlium,test,no_aug,post_update,182,7,0.0264900697,0.0056985325,0.0188985243,0.0355620198,5,9e-05,0,0,0,raw/tedlium-test-epoch-5-no_aug.jsonl
tedlium,test,no_aug,post_update,183,7,0.0324400490,0.0107174461,0.0197209176,0.0476464108,5,9e-05,0,0,0,raw/tedlium-test-epoch-5-no_aug.jsonl
tedlium,test,no_aug,post_update,184,7,0.0245962449,0.0049137635,0.0176539049,0.0326891914,5,9e-05,0,0,0,raw/tedlium-test-epoch-5-no_aug.jsonl
tedlium,test,no_aug,post_update,185,7,0.0250547393,0.0062826187,0.0159455407,0.0343114659,5,9e-05,0,0,0,raw/tedlium-test-epoch-5-no_aug.jsonl
tedlium,test,no_aug,post_update,186,7,0.0218948586,0.0067559670,0.0083414670,0.0293288194,5,9e-05,0,0,0,raw/tedlium-test-epoch-5-no_aug.jsonl
tedlium,test,no_aug,post_update,187,7,0.0220333986,0.0060104477,0.0153130312,0.0310001262,5,9e-05,0,0,0,raw/tedlium-test-epoch-5-no_aug.jsonl
tedlium,test,no_aug,post_update,188,7,0.0243052582,0.0053143941,0.0173861943,0.0318686552,5,9e-05,0,0,0,raw/tedlium-test-epoch-5-no_aug.jsonl
tedlium,test,no_aug,post_update,189,7,0.0265130036,0.0082550088,0.0181599744,0.0437409878,5,9e-05,0,0,0,raw/tedlium-test-epoch-5-no_aug.jsonl
tedlium,test,no_aug,post_update,190,7,0.0240459682,0.0067210859,0.0142529029,0.0313023366,5,9e-05,0,0,0,raw/tedlium-test-epoch-5-no_aug.jsonl
tedlium,test,no_aug,post_update,191,7,0.0285433188,0.0054249147,0.0232478455,0.0367546603,5,9e-05,0,0,0,raw/tedlium-test-epoch-5-no_aug.jsonl
tedlium,test,no_aug,post_update,192,7,0.0264276708,0.0080894807,0.0157904737,0.0386479311,5,9e-05,0,0,0,raw/tedlium-test-epoch-5-no_aug.jsonl
tedlium,test,no_aug,post_update,193,7,0.0219605713,0.0056539218,0.0140320556,0.0330285616,5,9e-05,0,0,0,raw/tedlium-test-epoch-5-no_aug.jsonl
tedlium,test,no_aug,post_update,194,7,0.0283905217,0.0081388174,0.0218528360,0.0412520245,5,9e-05,0,0,0,raw/tedlium-test-epoch-5-no_aug.jsonl
tedlium,test,no_aug,post_update,195,7,0.0282214023,0.0108437684,0.0166879147,0.0492972285,5,9e-05,0,0,0,raw/tedlium-test-epoch-5-no_aug.jsonl
tedlium,test,no_aug,post_update,196,7,0.0246949920,0.0065689347,0.0154016577,0.0335717723,5,9e-05,0,0,0,raw/tedlium-test-epoch-5-no_aug.jsonl
tedlium,test,no_aug,post_update,197,7,0.0230643313,0.0061101336,0.0146477427,0.0328299664,5,9e-05,0,0,0,raw/tedlium-test-epoch-5-no_aug.jsonl
tedlium,test,no_aug,post_update,198,7,0.0275262796,0.0114614065,0.0155476164,0.0495173708,5,9e-05,0,0,0,raw/tedlium-test-epoch-5-no_aug.jsonl
tedlium,test,no_aug,post_update,199,7,0.0261241245,0.0083437321,0.0172181353,0.0423462465,5,9e-05,0,0,0,raw/tedlium-test-epoch-5-no_aug.jsonl
tedlium,test,no_aug,post_update,200,7,0.0240909291,0.0076140348,0.0121411616,0.0348845869,5,9e-05,0,0,0,raw/tedlium-test-epoch-5-no_aug.jsonl
tedlium,test,no_aug,post_update,201,7,0.0259483425,0.0088478913,0.0137358550,0.0372324437,5,9e-05,0,0,0,raw/tedlium-test-epoch-5-no_aug.jsonl
tedlium,test,no_aug,post_update,202,7,0.0269493051,0.0067427868,0.0189535841,0.0364893973,5,9e-05,0,0,0,raw/tedlium-test-epoch-5-no_aug.jsonl
tedlium,test,no_aug,post_update,203,7,0.0244479964,0.0058869926,0.0179352090,0.0336039625,5,9e-05,0,0,0,raw/tedlium-test-epoch-5-no_aug.jsonl
tedlium,test,no_aug,post_update,204,7,0.0263876290,0.0101671877,0.0164265148,0.0437287576,5,9e-05,0,0,0,raw/tedlium-test-epoch-5-no_aug.jsonl
tedlium,test,no_aug,post_update,205,7,0.0235838970,0.0058386969,0.0154900998,0.0337609500,5,9e-05,0,0,0,raw/tedlium-test-epoch-5-no_aug.jsonl
tedlium,test,no_aug,post_update,206,7,0.0231127790,0.0054050652,0.0149502847,0.0284015872,5,9e-05,0,0,0,raw/tedlium-test-epoch-5-no_aug.jsonl
tedlium,test,no_aug,post_update,207,7,0.0266524608,0.0095163566,0.0134870382,0.0419889018,5,9e-05,0,0,0,raw/tedlium-test-epoch-5-no_aug.jsonl
tedlium,test,no_aug,post_update,208,7,0.0202418920,0.0071729178,0.0078698583,0.0277171619,5,9e-05,0,0,0,raw/tedlium-test-epoch-5-no_aug.jsonl
tedlium,test,no_aug,post_update,209,7,0.0261311614,0.0050600550,0.0198625959,0.0325267315,5,9e-05,0,0,0,raw/tedlium-test-epoch-5-no_aug.jsonl
tedlium,test,no_aug,post_update,210,7,0.0246570186,0.0067951283,0.0149729187,0.0337656811,5,9e-05,0,0,0,raw/tedlium-test-epoch-5-no_aug.jsonl
tedlium,test,no_aug,post_update,211,7,0.0270423793,0.0063755050,0.0187322050,0.0342539474,5,9e-05,0,0,0,raw/tedlium-test-epoch-5-no_aug.jsonl
tedlium,test,no_aug,post_update,212,7,0.0241950639,0.0060578117,0.0146678947,0.0319180787,5,9e-05,0,0,0,raw/tedlium-test-epoch-5-no_aug.jsonl
tedlium,test,no_aug,post_update,213,7,0.0241613694,0.0050855476,0.0184854213,0.0317140818,5,9e-05,0,0,0,raw/tedlium-test-epoch-5-no_aug.jsonl
tedlium,test,no_aug,post_update,214,7,0.0234175527,0.0061676110,0.0154127870,0.0316570587,5,9e-05,0,0,0,raw/tedlium-test-epoch-5-no_aug.jsonl
tedlium,test,no_aug,post_update,215,7,0.0257156132,0.0029146680,0.0207908675,0.0304043218,5,9e-05,0,0,0,raw/tedlium-test-epoch-5-no_aug.jsonl
tedlium,test,no_aug,post_update,216,7,0.0235666855,0.0076003033,0.0116672562,0.0317245759,5,9e-05,0,0,0,raw/tedlium-test-epoch-5-no_aug.jsonl
tedlium,test,no_aug,post_update,217,7,0.0248961701,0.0065455096,0.0172519349,0.0334032699,5,9e-05,0,0,0,raw/tedlium-test-epoch-5-no_aug.jsonl
tedlium,test,no_aug,post_update,218,7,0.0261509911,0.0069209031,0.0201435145,0.0389738157,5,9e-05,0,0,0,raw/tedlium-test-epoch-5-no_aug.jsonl
tedlium,test,no_aug,post_update,219,7,0.0228825518,0.0044996720,0.0174563304,0.0305964351,5,9e-05,0,0,0,raw/tedlium-test-epoch-5-no_aug.jsonl
tedlium,test,no_aug,post_update,220,7,0.0225652551,0.0061446703,0.0115015199,0.0301134698,5,9e-05,0,0,0,raw/tedlium-test-epoch-5-no_aug.jsonl
tedlium,test,no_aug,post_update,221,7,0.0219683495,0.0037823331,0.0156281479,0.0275944881,5,9e-05,0,0,0,raw/tedlium-test-epoch-5-no_aug.jsonl
tedlium,test,no_aug,post_update,222,7,0.0211196187,0.0118994307,0.0085099833,0.0445413813,5,9e-05,0,0,0,raw/tedlium-test-epoch-5-no_aug.jsonl
tedlium,test,no_aug,post_update,223,7,0.0246254403,0.0056324727,0.0164756663,0.0321374312,5,9e-05,0,0,0,raw/tedlium-test-epoch-5-no_aug.jsonl
tedlium,test,no_aug,post_update,224,7,0.0255655378,0.0065025166,0.0162959266,0.0351772755,5,9e-05,0,0,0,raw/tedlium-test-epoch-5-no_aug.jsonl
tedlium,test,no_aug,post_update,225,7,0.0231631989,0.0046680891,0.0173330344,0.0298690982,5,9e-05,0,0,0,raw/tedlium-test-epoch-5-no_aug.jsonl
tedlium,test,no_aug,post_update,226,6,0.0229965498,0.0075004337,0.0135288518,0.0325206220,5,9e-05,0,0,0,raw/tedlium-test-epoch-5-no_aug.jsonl
tedlium,test,no_aug,post_update,227,6,0.0232850391,0.0060970905,0.0158139095,0.0295221470,5,9e-05,0,0,0,raw/tedlium-test-epoch-5-no_aug.jsonl
tedlium,test,no_aug,post_update,228,6,0.0227651807,0.0052191388,0.0178143717,0.0297194887,5,9e-05,0,0,0,raw/tedlium-test-epoch-5-no_aug.jsonl
tedlium,test,no_aug,post_update,229,6,0.0281962389,0.0121584854,0.0189061612,0.0506605655,5,9e-05,0,0,0,raw/tedlium-test-epoch-5-no_aug.jsonl
tedlium,test,no_aug,post_update,230,6,0.0178120596,0.0089115124,0.0017274059,0.0262013860,5,9e-05,0,0,0,raw/tedlium-test-epoch-5-no_aug.jsonl
tedlium,test,no_aug,post_update,231,6,0.0246004472,0.0044278868,0.0173633397,0.0294834394,5,9e-05,0,0,0,raw/tedlium-test-epoch-5-no_aug.jsonl
tedlium,test,no_aug,post_update,232,6,0.0187897244,0.0095156046,0.0004147066,0.0264238417,5,9e-05,0,0,0,raw/tedlium-test-epoch-5-no_aug.jsonl
tedlium,test,no_aug,post_update,233,6,0.0233114255,0.0067094245,0.0143939266,0.0342857838,5,9e-05,0,0,0,raw/tedlium-test-epoch-5-no_aug.jsonl
tedlium,test,no_aug,post_update,234,6,0.0227917414,0.0084500754,0.0143204983,0.0384365916,5,9e-05,0,0,0,raw/tedlium-test-epoch-5-no_aug.jsonl
tedlium,test,no_aug,post_update,235,6,0.0224208841,0.0055983636,0.0158330165,0.0300312005,5,9e-05,0,0,0,raw/tedlium-test-epoch-5-no_aug.jsonl
tedlium,test,no_aug,post_update,236,6,0.0234401400,0.0074507881,0.0144480746,0.0317903496,5,9e-05,0,0,0,raw/tedlium-test-epoch-5-no_aug.jsonl
tedlium,test,no_aug,post_update,237,6,0.0228636128,0.0063448423,0.0178318489,0.0346525349,5,9e-05,0,0,0,raw/tedlium-test-epoch-5-no_aug.jsonl
tedlium,test,no_aug,post_update,238,6,0.0240702558,0.0088315193,0.0153280385,0.0409290642,5,9e-05,0,0,0,raw/tedlium-test-epoch-5-no_aug.jsonl
tedlium,test,no_aug,post_update,239,6,0.0230089088,0.0056679106,0.0161144845,0.0293276142,5,9e-05,0,0,0,raw/tedlium-test-epoch-5-no_aug.jsonl
tedlium,test,no_aug,post_update,240,6,0.0226279489,0.0124181570,0.0113102812,0.0434201509,5,9e-05,0,0,0,raw/tedlium-test-epoch-5-no_aug.jsonl
tedlium,test,no_aug,post_update,241,6,0.0262499349,0.0071832196,0.0163365826,0.0364178196,5,9e-05,0,0,0,raw/tedlium-test-epoch-5-no_aug.jsonl
tedlium,test,no_aug,post_update,242,6,0.0239487514,0.0048298516,0.0184401553,0.0314018242,5,9e-05,0,0,0,raw/tedlium-test-epoch-5-no_aug.jsonl
tedlium,test,no_aug,post_update,243,6,0.0250797948,0.0072508373,0.0161560252,0.0330785252,5,9e-05,0,0,0,raw/tedlium-test-epoch-5-no_aug.jsonl
tedlium,test,no_aug,post_update,244,6,0.0189055611,0.0086906574,0.0137872687,0.0364883207,5,9e-05,0,0,0,raw/tedlium-test-epoch-5-no_aug.jsonl
tedlium,test,no_aug,post_update,245,6,0.0229916045,0.0077402163,0.0108167306,0.0315243825,5,9e-05,0,0,0,raw/tedlium-test-epoch-5-no_aug.jsonl
tedlium,test,no_aug,post_update,246,5,0.0241209362,0.0056681275,0.0188649502,0.0316435769,5,9e-05,0,0,0,raw/tedlium-test-epoch-5-no_aug.jsonl
tedlium,test,no_aug,post_update,247,5,0.0241479270,0.0091601887,0.0150548257,0.0382495448,5,9e-05,0,0,0,raw/tedlium-test-epoch-5-no_aug.jsonl
tedlium,test,no_aug,post_update,248,5,0.0204712983,0.0032103922,0.0167307090,0.0253265649,5,9e-05,0,0,0,raw/tedlium-test-epoch-5-no_aug.jsonl
tedlium,test,no_aug,post_update,249,5,0.0209951401,0.0037696371,0.0176242627,0.0274504796,5,9e-05,0,0,0,raw/tedlium-test-epoch-5-no_aug.jsonl
tedlium,test,no_aug,post_update,250,5,0.0223601516,0.0028096332,0.0203379355,0.0273173079,5,9e-05,0,0,0,raw/tedlium-test-epoch-5-no_aug.jsonl
tedlium,test,no_aug,post_update,251,5,0.0200955093,0.0053273437,0.0131255649,0.0277018547,5,9e-05,0,0,0,raw/tedlium-test-epoch-5-no_aug.jsonl
tedlium,test,no_aug,post_update,252,5,0.0230896469,0.0071278504,0.0184621066,0.0351938754,5,9e-05,0,0,0,raw/tedlium-test-epoch-5-no_aug.jsonl
tedlium,test,no_aug,post_update,253,5,0.0273646347,0.0134543005,0.0162184499,0.0445315428,5,9e-05,0,0,0,raw/tedlium-test-epoch-5-no_aug.jsonl
tedlium,test,no_aug,post_update,254,5,0.0212794743,0.0052126358,0.0143177696,0.0282820966,5,9e-05,0,0,0,raw/tedlium-test-epoch-5-no_aug.jsonl
tedlium,test,no_aug,post_update,255,5,0.0219213203,0.0021918937,0.0191763192,0.0247647762,5,9e-05,0,0,0,raw/tedlium-test-epoch-5-no_aug.jsonl
tedlium,test,no_aug,post_update,256,4,0.0277933097,0.0135006393,0.0134075657,0.0438476503,5,9e-05,0,0,0,raw/tedlium-test-epoch-5-no_aug.jsonl
tedlium,test,no_aug,post_update,257,4,0.0260179350,0.0101865294,0.0159980264,0.0393388942,5,9e-05,0,0,0,raw/tedlium-test-epoch-5-no_aug.jsonl
tedlium,test,no_aug,post_update,258,4,0.0214293082,0.0013709351,0.0199745186,0.0226522889,5,9e-05,0,0,0,raw/tedlium-test-epoch-5-no_aug.jsonl
tedlium,test,no_aug,post_update,259,4,0.0216120523,0.0047819891,0.0164448768,0.0276436415,5,9e-05,0,0,0,raw/tedlium-test-epoch-5-no_aug.jsonl
tedlium,test,no_aug,post_update,260,4,0.0212929766,0.0073109154,0.0134765562,0.0297417007,5,9e-05,0,0,0,raw/tedlium-test-epoch-5-no_aug.jsonl
tedlium,test,no_aug,post_update,261,4,0.0243677893,0.0047894819,0.0186023377,0.0292896554,5,9e-05,0,0,0,raw/tedlium-test-epoch-5-no_aug.jsonl
tedlium,test,no_aug,post_update,262,4,0.0204379440,0.0061982670,0.0154474871,0.0289763622,5,9e-05,0,0,0,raw/tedlium-test-epoch-5-no_aug.jsonl
tedlium,test,no_aug,post_update,263,4,0.0194445834,0.0068638229,0.0118390778,0.0261118487,5,9e-05,0,0,0,raw/tedlium-test-epoch-5-no_aug.jsonl
tedlium,test,no_aug,post_update,264,4,0.0221869610,0.0030390898,0.0180800781,0.0245257523,5,9e-05,0,0,0,raw/tedlium-test-epoch-5-no_aug.jsonl
tedlium,test,no_aug,post_update,265,4,0.0220192266,0.0028361084,0.0200356841,0.0261624344,5,9e-05,0,0,0,raw/tedlium-test-epoch-5-no_aug.jsonl
tedlium,test,no_aug,post_update,266,4,0.0293550808,0.0109629854,0.0189257078,0.0441828817,5,9e-05,0,0,0,raw/tedlium-test-epoch-5-no_aug.jsonl
tedlium,test,no_aug,post_update,267,4,0.0226644794,0.0029358803,0.0196009558,0.0266193226,5,9e-05,0,0,0,raw/tedlium-test-epoch-5-no_aug.jsonl
tedlium,test,no_aug,post_update,268,4,0.0256323987,0.0096279304,0.0155210700,0.0381874293,5,9e-05,0,0,0,raw/tedlium-test-epoch-5-no_aug.jsonl
tedlium,test,no_aug,post_update,269,4,0.0224359781,0.0037943394,0.0189565346,0.0276979282,5,9e-05,0,0,0,raw/tedlium-test-epoch-5-no_aug.jsonl
tedlium,test,no_aug,post_update,270,4,0.0193526074,0.0050458817,0.0133833401,0.0254741199,5,9e-05,0,0,0,raw/tedlium-test-epoch-5-no_aug.jsonl
tedlium,test,no_aug,post_update,271,2,0.0210438427,0.0049085089,0.0175730027,0.0245146826,5,9e-05,0,0,0,raw/tedlium-test-epoch-5-no_aug.jsonl
tedlium,test,no_aug,post_update,272,2,0.0212299814,0.0041549298,0.0182920024,0.0241679605,5,9e-05,0,0,0,raw/tedlium-test-epoch-5-no_aug.jsonl
tedlium,test,no_aug,post_update,273,2,0.0254340246,0.0078455358,0.0198863931,0.0309816562,5,9e-05,0,0,0,raw/tedlium-test-epoch-5-no_aug.jsonl
tedlium,test,no_aug,post_update,274,2,0.0184626654,0.0020386799,0.0170211010,0.0199042298,5,9e-05,0,0,0,raw/tedlium-test-epoch-5-no_aug.jsonl
tedlium,test,no_aug,post_update,275,2,0.0231398791,0.0054836369,0.0192623623,0.0270173959,5,9e-05,0,0,0,raw/tedlium-test-epoch-5-no_aug.jsonl
tedlium,test,no_aug,post_update,276,2,0.0217463933,0.0073614950,0.0165410303,0.0269517563,5,9e-05,0,0,0,raw/tedlium-test-epoch-5-no_aug.jsonl
tedlium,test,no_aug,post_update,277,2,0.0203196574,0.0009318062,0.0196607709,0.0209785439,5,9e-05,0,0,0,raw/tedlium-test-epoch-5-no_aug.jsonl
tedlium,test,no_aug,post_update,278,2,0.0213441728,0.0028525553,0.0193271115,0.0233612340,5,9e-05,0,0,0,raw/tedlium-test-epoch-5-no_aug.jsonl
tedlium,test,no_aug,post_update,279,2,0.0229653511,0.0081405136,0.0172091387,0.0287215635,5,9e-05,0,0,0,raw/tedlium-test-epoch-5-no_aug.jsonl
tedlium,test,no_aug,post_update,280,2,0.0193925593,0.0038405446,0.0166768841,0.0221082345,5,9e-05,0,0,0,raw/tedlium-test-epoch-5-no_aug.jsonl
tedlium,test,no_aug,post_update,281,2,0.0210304866,0.0069188306,0.0161381345,0.0259228386,5,9e-05,0,0,0,raw/tedlium-test-epoch-5-no_aug.jsonl
tedlium,test,no_aug,post_update,282,2,0.0207522288,0.0045386150,0.0175429434,0.0239615142,5,9e-05,0,0,0,raw/tedlium-test-epoch-5-no_aug.jsonl
tedlium,test,no_aug,post_update,283,2,0.0237937104,0.0062338587,0.0193857066,0.0282017142,5,9e-05,0,0,0,raw/tedlium-test-epoch-5-no_aug.jsonl
tedlium,test,no_aug,post_update,284,2,0.0193139203,0.0034964341,0.0168415681,0.0217862725,5,9e-05,0,0,0,raw/tedlium-test-epoch-5-no_aug.jsonl
tedlium,test,no_aug,post_update,285,2,0.0203145985,0.0024896539,0.0185541473,0.0220750496,5,9e-05,0,0,0,raw/tedlium-test-epoch-5-no_aug.jsonl
tedlium,test,no_aug,post_update,286,2,0.0214168970,0.0002361936,0.0212498829,0.0215839110,5,9e-05,0,0,0,raw/tedlium-test-epoch-5-no_aug.jsonl
tedlium,test,no_aug,post_update,287,2,0.0230459785,0.0068987081,0.0181678552,0.0279241018,5,9e-05,0,0,0,raw/tedlium-test-epoch-5-no_aug.jsonl
tedlium,test,no_aug,post_update,288,2,0.0224024011,0.0088325847,0.0161568206,0.0286479816,5,9e-05,0,0,0,raw/tedlium-test-epoch-5-no_aug.jsonl
tedlium,test,no_aug,post_update,289,2,0.0181673570,0.0028825692,0.0161290728,0.0202056412,5,9e-05,0,0,0,raw/tedlium-test-epoch-5-no_aug.jsonl
tedlium,test,no_aug,post_update,290,2,0.0224640854,0.0039972756,0.0196375847,0.0252905861,5,9e-05,0,0,0,raw/tedlium-test-epoch-5-no_aug.jsonl
tedlium,test,no_aug,post_update,291,1,0.0203566086,,0.0203566086,0.0203566086,5,9e-05,0,0,0,raw/tedlium-test-epoch-5-no_aug.jsonl
tedlium,test,no_aug,post_update,292,1,0.0226233806,,0.0226233806,0.0226233806,5,9e-05,0,0,0,raw/tedlium-test-epoch-5-no_aug.jsonl
tedlium,test,no_aug,post_update,293,1,0.0239241309,,0.0239241309,0.0239241309,5,9e-05,0,0,0,raw/tedlium-test-epoch-5-no_aug.jsonl
tedlium,test,no_aug,post_update,294,1,0.0267803185,,0.0267803185,0.0267803185,5,9e-05,0,0,0,raw/tedlium-test-epoch-5-no_aug.jsonl
tedlium,test,no_aug,post_update,295,1,0.0271198750,,0.0271198750,0.0271198750,5,9e-05,0,0,0,raw/tedlium-test-epoch-5-no_aug.jsonl
tedlium,test,no_aug,post_update,296,1,0.0190983322,,0.0190983322,0.0190983322,5,9e-05,0,0,0,raw/tedlium-test-epoch-5-no_aug.jsonl
tedlium,test,no_aug,post_update,297,1,0.0182121806,,0.0182121806,0.0182121806,5,9e-05,0,0,0,raw/tedlium-test-epoch-5-no_aug.jsonl
tedlium,test,no_aug,post_update,298,1,0.0227375068,,0.0227375068,0.0227375068,5,9e-05,0,0,0,raw/tedlium-test-epoch-5-no_aug.jsonl
tedlium,test,no_aug,post_update,299,1,0.0243413541,,0.0243413541,0.0243413541,5,9e-05,0,0,0,raw/tedlium-test-epoch-5-no_aug.jsonl
tedlium,test,no_aug,post_update,300,1,0.0243178606,,0.0243178606,0.0243178606,5,9e-05,0,0,0,raw/tedlium-test-epoch-5-no_aug.jsonl
tedlium,test,no_aug,post_update,301,1,0.0099889170,,0.0099889170,0.0099889170,5,9e-05,0,0,0,raw/tedlium-test-epoch-5-no_aug.jsonl
tedlium,test,no_aug,post_update,302,1,0.0225299075,,0.0225299075,0.0225299075,5,9e-05,0,0,0,raw/tedlium-test-epoch-5-no_aug.jsonl
tedlium,test,no_aug,post_update,303,1,0.0255460702,,0.0255460702,0.0255460702,5,9e-05,0,0,0,raw/tedlium-test-epoch-5-no_aug.jsonl
tedlium,test,no_aug,post_update,304,1,0.0224446617,,0.0224446617,0.0224446617,5,9e-05,0,0,0,raw/tedlium-test-epoch-5-no_aug.jsonl
tedlium,test,no_aug,post_update,305,1,0.0262751430,,0.0262751430,0.0262751430,5,9e-05,0,0,0,raw/tedlium-test-epoch-5-no_aug.jsonl
tedlium,test,no_aug,post_update,306,1,0.0184270181,,0.0184270181,0.0184270181,5,9e-05,0,0,0,raw/tedlium-test-epoch-5-no_aug.jsonl
tedlium,test,no_aug,post_update,307,1,0.0215622187,,0.0215622187,0.0215622187,5,9e-05,0,0,0,raw/tedlium-test-epoch-5-no_aug.jsonl
tedlium,test,no_aug,post_update,308,1,0.0254077017,,0.0254077017,0.0254077017,5,9e-05,0,0,0,raw/tedlium-test-epoch-5-no_aug.jsonl
tedlium,test,no_aug,post_update,309,1,0.0201390721,,0.0201390721,0.0201390721,5,9e-05,0,0,0,raw/tedlium-test-epoch-5-no_aug.jsonl
tedlium,test,no_aug,post_update,310,1,0.0241549686,,0.0241549686,0.0241549686,5,9e-05,0,0,0,raw/tedlium-test-epoch-5-no_aug.jsonl
tedlium,test,no_aug,post_update,311,1,0.0255742371,,0.0255742371,0.0255742371,5,9e-05,0,0,0,raw/tedlium-test-epoch-5-no_aug.jsonl
tedlium,test,no_aug,post_update,312,1,0.0222190451,,0.0222190451,0.0222190451,5,9e-05,0,0,0,raw/tedlium-test-epoch-5-no_aug.jsonl
tedlium,test,no_aug,post_update,313,1,0.0210399851,,0.0210399851,0.0210399851,5,9e-05,0,0,0,raw/tedlium-test-epoch-5-no_aug.jsonl
tedlium,test,no_aug,post_update,314,1,0.0199661478,,0.0199661478,0.0199661478,5,9e-05,0,0,0,raw/tedlium-test-epoch-5-no_aug.jsonl
tedlium,test,no_aug,post_update,315,1,0.0215274505,,0.0215274505,0.0215274505,5,9e-05,0,0,0,raw/tedlium-test-epoch-5-no_aug.jsonl
tedlium,test,no_aug,post_update,316,1,0.0217847228,,0.0217847228,0.0217847228,5,9e-05,0,0,0,raw/tedlium-test-epoch-5-no_aug.jsonl
tedlium,test,no_aug,post_update,317,1,0.0303034019,,0.0303034019,0.0303034019,5,9e-05,0,0,0,raw/tedlium-test-epoch-5-no_aug.jsonl
tedlium,test,no_aug,post_update,318,1,0.0216881242,,0.0216881242,0.0216881242,5,9e-05,0,0,0,raw/tedlium-test-epoch-5-no_aug.jsonl
tedlium,test,no_aug,post_update,319,1,0.0215471853,,0.0215471853,0.0215471853,5,9e-05,0,0,0,raw/tedlium-test-epoch-5-no_aug.jsonl
tedlium,test,no_aug,post_update,320,1,0.0230929814,,0.0230929814,0.0230929814,5,9e-05,0,0,0,raw/tedlium-test-epoch-5-no_aug.jsonl
tedlium,test,no_aug,post_update,321,1,0.0260680988,,0.0260680988,0.0260680988,5,9e-05,0,0,0,raw/tedlium-test-epoch-5-no_aug.jsonl
tedlium,test,no_aug,post_update,322,1,0.0206131339,,0.0206131339,0.0206131339,5,9e-05,0,0,0,raw/tedlium-test-epoch-5-no_aug.jsonl
tedlium,test,no_aug,post_update,323,1,0.0339818299,,0.0339818299,0.0339818299,5,9e-05,0,0,0,raw/tedlium-test-epoch-5-no_aug.jsonl
tedlium,test,no_aug,post_update,324,1,0.0247740336,,0.0247740336,0.0247740336,5,9e-05,0,0,0,raw/tedlium-test-epoch-5-no_aug.jsonl
tedlium,test,no_aug,post_update,325,1,0.0223118253,,0.0223118253,0.0223118253,5,9e-05,0,0,0,raw/tedlium-test-epoch-5-no_aug.jsonl
tedlium,test,no_aug,post_update,326,1,0.0228188820,,0.0228188820,0.0228188820,5,9e-05,0,0,0,raw/tedlium-test-epoch-5-no_aug.jsonl
tedlium,test,no_aug,post_update,327,1,0.0223437138,,0.0223437138,0.0223437138,5,9e-05,0,0,0,raw/tedlium-test-epoch-5-no_aug.jsonl
tedlium,test,no_aug,post_update,328,1,0.0244924240,,0.0244924240,0.0244924240,5,9e-05,0,0,0,raw/tedlium-test-epoch-5-no_aug.jsonl
tedlium,test,no_aug,post_update,329,1,0.0216050148,,0.0216050148,0.0216050148,5,9e-05,0,0,0,raw/tedlium-test-epoch-5-no_aug.jsonl
tedlium,test,no_aug,post_update,330,1,0.0258830488,,0.0258830488,0.0258830488,5,9e-05,0,0,0,raw/tedlium-test-epoch-5-no_aug.jsonl
tedlium,test,no_aug,post_update,331,1,0.0183137469,,0.0183137469,0.0183137469,5,9e-05,0,0,0,raw/tedlium-test-epoch-5-no_aug.jsonl
tedlium,test,no_aug,post_update,332,1,0.0250056870,,0.0250056870,0.0250056870,5,9e-05,0,0,0,raw/tedlium-test-epoch-5-no_aug.jsonl
tedlium,test,no_aug,post_update,333,1,0.0265065357,,0.0265065357,0.0265065357,5,9e-05,0,0,0,raw/tedlium-test-epoch-5-no_aug.jsonl
tedlium,test,no_aug,post_update,334,1,0.0205296017,,0.0205296017,0.0205296017,5,9e-05,0,0,0,raw/tedlium-test-epoch-5-no_aug.jsonl
tedlium,test,no_aug,post_update,335,1,0.0134672262,,0.0134672262,0.0134672262,5,9e-05,0,0,0,raw/tedlium-test-epoch-5-no_aug.jsonl
tedlium,test,no_aug,post_update,336,1,0.0248485059,,0.0248485059,0.0248485059,5,9e-05,0,0,0,raw/tedlium-test-epoch-5-no_aug.jsonl
tedlium,test,no_aug,post_update,337,1,0.0208070818,,0.0208070818,0.0208070818,5,9e-05,0,0,0,raw/tedlium-test-epoch-5-no_aug.jsonl
tedlium,test,no_aug,post_update,338,1,0.0094344569,,0.0094344569,0.0094344569,5,9e-05,0,0,0,raw/tedlium-test-epoch-5-no_aug.jsonl
tedlium,test,no_aug,post_update,339,1,0.0180481933,,0.0180481933,0.0180481933,5,9e-05,0,0,0,raw/tedlium-test-epoch-5-no_aug.jsonl
tedlium,test,no_aug,post_update,340,1,0.0219103321,,0.0219103321,0.0219103321,5,9e-05,0,0,0,raw/tedlium-test-epoch-5-no_aug.jsonl
tedlium,test,no_aug,post_update,341,1,0.0179389901,,0.0179389901,0.0179389901,5,9e-05,0,0,0,raw/tedlium-test-epoch-5-no_aug.jsonl
tedlium,test,no_aug,post_update,342,1,0.0117176054,,0.0117176054,0.0117176054,5,9e-05,0,0,0,raw/tedlium-test-epoch-5-no_aug.jsonl
tedlium,test,no_aug,post_update,343,1,0.0280108079,,0.0280108079,0.0280108079,5,9e-05,0,0,0,raw/tedlium-test-epoch-5-no_aug.jsonl
tedlium,test,no_aug,post_update,344,1,0.0249067210,,0.0249067210,0.0249067210,5,9e-05,0,0,0,raw/tedlium-test-epoch-5-no_aug.jsonl
tedlium,test,no_aug,post_update,345,1,0.0186013989,,0.0186013989,0.0186013989,5,9e-05,0,0,0,raw/tedlium-test-epoch-5-no_aug.jsonl
tedlium,test,no_aug,post_update,346,1,0.0236097686,,0.0236097686,0.0236097686,5,9e-05,0,0,0,raw/tedlium-test-epoch-5-no_aug.jsonl
tedlium,test,no_aug,post_update,347,1,0.0202657413,,0.0202657413,0.0202657413,5,9e-05,0,0,0,raw/tedlium-test-epoch-5-no_aug.jsonl
tedlium,test,no_aug,post_update,348,1,0.0270659365,,0.0270659365,0.0270659365,5,9e-05,0,0,0,raw/tedlium-test-epoch-5-no_aug.jsonl
tedlium,test,no_aug,post_update,349,1,0.0206381697,,0.0206381697,0.0206381697,5,9e-05,0,0,0,raw/tedlium-test-epoch-5-no_aug.jsonl
tedlium,test,no_aug,post_update,350,1,0.0231332779,,0.0231332779,0.0231332779,5,9e-05,0,0,0,raw/tedlium-test-epoch-5-no_aug.jsonl
tedlium,test,no_aug,post_update,351,1,0.0192549881,,0.0192549881,0.0192549881,5,9e-05,0,0,0,raw/tedlium-test-epoch-5-no_aug.jsonl
tedlium,test,no_aug,post_update,352,1,0.0250249282,,0.0250249282,0.0250249282,5,9e-05,0,0,0,raw/tedlium-test-epoch-5-no_aug.jsonl
tedlium,test,no_aug,post_update,353,1,0.0207982808,,0.0207982808,0.0207982808,5,9e-05,0,0,0,raw/tedlium-test-epoch-5-no_aug.jsonl
tedlium,test,no_aug,post_update,354,1,0.0249933470,,0.0249933470,0.0249933470,5,9e-05,0,0,0,raw/tedlium-test-epoch-5-no_aug.jsonl
tedlium,test,no_aug,post_update,355,1,0.0185541417,,0.0185541417,0.0185541417,5,9e-05,0,0,0,raw/tedlium-test-epoch-5-no_aug.jsonl
tedlium,test,no_aug,post_update,356,1,0.0262232572,,0.0262232572,0.0262232572,5,9e-05,0,0,0,raw/tedlium-test-epoch-5-no_aug.jsonl
tedlium,test,no_aug,post_update,357,1,0.0230894350,,0.0230894350,0.0230894350,5,9e-05,0,0,0,raw/tedlium-test-epoch-5-no_aug.jsonl
tedlium,test,no_aug,post_update,358,1,0.0251942389,,0.0251942389,0.0251942389,5,9e-05,0,0,0,raw/tedlium-test-epoch-5-no_aug.jsonl
tedlium,test,no_aug,post_update,359,1,0.0207754299,,0.0207754299,0.0207754299,5,9e-05,0,0,0,raw/tedlium-test-epoch-5-no_aug.jsonl
tedlium,test,no_aug,post_update,360,1,0.0206066817,,0.0206066817,0.0206066817,5,9e-05,0,0,0,raw/tedlium-test-epoch-5-no_aug.jsonl
tedlium,test,no_aug,post_update,361,1,0.0288757700,,0.0288757700,0.0288757700,5,9e-05,0,0,0,raw/tedlium-test-epoch-5-no_aug.jsonl
tedlium,test,no_aug,post_update,362,1,0.0180702247,,0.0180702247,0.0180702247,5,9e-05,0,0,0,raw/tedlium-test-epoch-5-no_aug.jsonl
tedlium,test,no_aug,post_update,363,1,0.0261322595,,0.0261322595,0.0261322595,5,9e-05,0,0,0,raw/tedlium-test-epoch-5-no_aug.jsonl
tedlium,test,no_aug,post_update,364,1,0.0253889766,,0.0253889766,0.0253889766,5,9e-05,0,0,0,raw/tedlium-test-epoch-5-no_aug.jsonl
tedlium,test,no_aug,post_update,365,1,0.0277597364,,0.0277597364,0.0277597364,5,9e-05,0,0,0,raw/tedlium-test-epoch-5-no_aug.jsonl
tedlium,test,no_aug,post_update,366,1,0.0253566355,,0.0253566355,0.0253566355,5,9e-05,0,0,0,raw/tedlium-test-epoch-5-no_aug.jsonl
tedlium,test,no_aug,post_update,367,1,0.0186094269,,0.0186094269,0.0186094269,5,9e-05,0,0,0,raw/tedlium-test-epoch-5-no_aug.jsonl
tedlium,test,no_aug,post_update,368,1,0.0198171567,,0.0198171567,0.0198171567,5,9e-05,0,0,0,raw/tedlium-test-epoch-5-no_aug.jsonl
tedlium,test,no_aug,post_update,369,1,0.0244152229,,0.0244152229,0.0244152229,5,9e-05,0,0,0,raw/tedlium-test-epoch-5-no_aug.jsonl
tedlium,test,no_aug,post_update,370,1,0.0208659805,,0.0208659805,0.0208659805,5,9e-05,0,0,0,raw/tedlium-test-epoch-5-no_aug.jsonl
tedlium,test,no_aug,post_update,371,1,0.0214340929,,0.0214340929,0.0214340929,5,9e-05,0,0,0,raw/tedlium-test-epoch-5-no_aug.jsonl
tedlium,test,no_aug,post_update,372,1,0.0180976801,,0.0180976801,0.0180976801,5,9e-05,0,0,0,raw/tedlium-test-epoch-5-no_aug.jsonl
tedlium,test,no_aug,post_update,373,1,0.0216538813,,0.0216538813,0.0216538813,5,9e-05,0,0,0,raw/tedlium-test-epoch-5-no_aug.jsonl
tedlium,test,no_aug,post_update,374,1,0.0242289566,,0.0242289566,0.0242289566,5,9e-05,0,0,0,raw/tedlium-test-epoch-5-no_aug.jsonl
tedlium,test,no_aug,post_update,375,1,0.0239561591,,0.0239561591,0.0239561591,5,9e-05,0,0,0,raw/tedlium-test-epoch-5-no_aug.jsonl
tedlium,test,no_aug,post_update,376,1,0.0229011681,,0.0229011681,0.0229011681,5,9e-05,0,0,0,raw/tedlium-test-epoch-5-no_aug.jsonl
tedlium,test,no_aug,post_update,377,1,0.0164346900,,0.0164346900,0.0164346900,5,9e-05,0,0,0,raw/tedlium-test-epoch-5-no_aug.jsonl
tedlium,test,no_aug,post_update,378,1,0.0378895551,,0.0378895551,0.0378895551,5,9e-05,0,0,0,raw/tedlium-test-epoch-5-no_aug.jsonl
tedlium,test,no_aug,post_update,379,1,0.0205819663,,0.0205819663,0.0205819663,5,9e-05,0,0,0,raw/tedlium-test-epoch-5-no_aug.jsonl
tedlium,test,no_aug,post_update,380,1,0.0206870697,,0.0206870697,0.0206870697,5,9e-05,0,0,0,raw/tedlium-test-epoch-5-no_aug.jsonl
tedlium,test,no_aug,post_update,381,1,0.0218153261,,0.0218153261,0.0218153261,5,9e-05,0,0,0,raw/tedlium-test-epoch-5-no_aug.jsonl
tedlium,test,no_aug,post_update,382,1,0.0197030492,,0.0197030492,0.0197030492,5,9e-05,0,0,0,raw/tedlium-test-epoch-5-no_aug.jsonl
tedlium,test,no_aug,post_update,383,1,0.0203076378,,0.0203076378,0.0203076378,5,9e-05,0,0,0,raw/tedlium-test-epoch-5-no_aug.jsonl
tedlium,test,no_aug,post_update,384,1,0.0232411940,,0.0232411940,0.0232411940,5,9e-05,0,0,0,raw/tedlium-test-epoch-5-no_aug.jsonl
tedlium,test,no_aug,post_update,385,1,0.0196728166,,0.0196728166,0.0196728166,5,9e-05,0,0,0,raw/tedlium-test-epoch-5-no_aug.jsonl
tedlium,test,no_aug,post_update,386,1,0.0324870050,,0.0324870050,0.0324870050,5,9e-05,0,0,0,raw/tedlium-test-epoch-5-no_aug.jsonl
tedlium,test,no_aug,post_update,387,1,0.0223723184,,0.0223723184,0.0223723184,5,9e-05,0,0,0,raw/tedlium-test-epoch-5-no_aug.jsonl
tedlium,test,no_aug,post_update,388,1,0.0236894712,,0.0236894712,0.0236894712,5,9e-05,0,0,0,raw/tedlium-test-epoch-5-no_aug.jsonl
tedlium,test,no_aug,post_update,389,1,0.0189722329,,0.0189722329,0.0189722329,5,9e-05,0,0,0,raw/tedlium-test-epoch-5-no_aug.jsonl
tedlium,test,no_aug,post_update,390,1,0.0209591258,,0.0209591258,0.0209591258,5,9e-05,0,0,0,raw/tedlium-test-epoch-5-no_aug.jsonl
tedlium,test,no_aug,post_update,391,1,0.0186032653,,0.0186032653,0.0186032653,5,9e-05,0,0,0,raw/tedlium-test-epoch-5-no_aug.jsonl
tedlium,test,no_aug,post_update,392,1,0.0216061361,,0.0216061361,0.0216061361,5,9e-05,0,0,0,raw/tedlium-test-epoch-5-no_aug.jsonl
tedlium,test,no_aug,post_update,393,1,0.0215301681,,0.0215301681,0.0215301681,5,9e-05,0,0,0,raw/tedlium-test-epoch-5-no_aug.jsonl
tedlium,test,no_aug,post_update,394,1,0.0238230005,,0.0238230005,0.0238230005,5,9e-05,0,0,0,raw/tedlium-test-epoch-5-no_aug.jsonl
tedlium,test,no_aug,post_update,395,1,0.0177513808,,0.0177513808,0.0177513808,5,9e-05,0,0,0,raw/tedlium-test-epoch-5-no_aug.jsonl
tedlium,test,no_aug,post_update,396,1,0.0261235144,,0.0261235144,0.0261235144,5,9e-05,0,0,0,raw/tedlium-test-epoch-5-no_aug.jsonl
tedlium,test,no_aug,post_update,397,1,0.0194021389,,0.0194021389,0.0194021389,5,9e-05,0,0,0,raw/tedlium-test-epoch-5-no_aug.jsonl
tedlium,test,no_aug,post_update,398,1,0.0212449878,,0.0212449878,0.0212449878,5,9e-05,0,0,0,raw/tedlium-test-epoch-5-no_aug.jsonl
tedlium,test,no_aug,post_update,399,1,0.0189071000,,0.0189071000,0.0189071000,5,9e-05,0,0,0,raw/tedlium-test-epoch-5-no_aug.jsonl
tedlium,test,no_aug,post_update,400,1,0.0249102488,,0.0249102488,0.0249102488,5,9e-05,0,0,0,raw/tedlium-test-epoch-5-no_aug.jsonl
tedlium,test,no_aug,pre_update,0,11,0.1930897771,0.1683275347,0.1001306474,0.6944646835,5,9e-05,0,0,0,raw/tedlium-test-epoch-5-no_aug.jsonl
tedlium,test,no_aug,pre_update,1,11,0.1702627391,0.1407183474,0.0717924833,0.5886983871,5,9e-05,0,0,0,raw/tedlium-test-epoch-5-no_aug.jsonl
tedlium,test,no_aug,pre_update,2,11,0.1326200590,0.0308112964,0.0943177938,0.1891834438,5,9e-05,0,0,0,raw/tedlium-test-epoch-5-no_aug.jsonl
tedlium,test,no_aug,pre_update,3,11,0.1379825310,0.0325017609,0.0672538280,0.1818176508,5,9e-05,0,0,0,raw/tedlium-test-epoch-5-no_aug.jsonl
tedlium,test,no_aug,pre_update,4,11,0.1228481606,0.0211597737,0.0896267816,0.1624487638,5,9e-05,0,0,0,raw/tedlium-test-epoch-5-no_aug.jsonl
tedlium,test,no_aug,pre_update,5,11,0.1299266578,0.0221296889,0.0988354534,0.1620224267,5,9e-05,0,0,0,raw/tedlium-test-epoch-5-no_aug.jsonl
tedlium,test,no_aug,pre_update,6,11,0.1265423359,0.0253186610,0.0891226158,0.1654950827,5,9e-05,0,0,0,raw/tedlium-test-epoch-5-no_aug.jsonl
tedlium,test,no_aug,pre_update,7,11,0.1161201048,0.0289167298,0.0559208617,0.1566761136,5,9e-05,0,0,0,raw/tedlium-test-epoch-5-no_aug.jsonl
tedlium,test,no_aug,pre_update,8,11,0.1177542494,0.0257299098,0.0781435668,0.1557174474,5,9e-05,0,0,0,raw/tedlium-test-epoch-5-no_aug.jsonl
tedlium,test,no_aug,pre_update,9,11,0.1137980365,0.0258650486,0.0608959720,0.1593121290,5,9e-05,0,0,0,raw/tedlium-test-epoch-5-no_aug.jsonl
tedlium,test,no_aug,pre_update,10,11,0.1024211306,0.0218040697,0.0562483892,0.1321112812,5,9e-05,0,0,0,raw/tedlium-test-epoch-5-no_aug.jsonl
tedlium,test,no_aug,pre_update,11,11,0.0979586112,0.0310021582,0.0284505673,0.1368755102,5,9e-05,0,0,0,raw/tedlium-test-epoch-5-no_aug.jsonl
tedlium,test,no_aug,pre_update,12,11,0.0958561559,0.0302331774,0.0207745135,0.1228509992,5,9e-05,0,0,0,raw/tedlium-test-epoch-5-no_aug.jsonl
tedlium,test,no_aug,pre_update,13,11,0.1104961444,0.0306032316,0.0493476093,0.1560798287,5,9e-05,0,0,0,raw/tedlium-test-epoch-5-no_aug.jsonl
tedlium,test,no_aug,pre_update,14,11,0.0853885753,0.0285711004,0.0153894974,0.1148506552,5,9e-05,0,0,0,raw/tedlium-test-epoch-5-no_aug.jsonl
tedlium,test,no_aug,pre_update,15,11,0.0774359774,0.0309207843,0.0097107626,0.1315035373,5,9e-05,0,0,0,raw/tedlium-test-epoch-5-no_aug.jsonl
tedlium,test,no_aug,pre_update,16,11,0.0846137520,0.0251654692,0.0428312123,0.1193404049,5,9e-05,0,0,0,raw/tedlium-test-epoch-5-no_aug.jsonl
tedlium,test,no_aug,pre_update,17,11,0.0748226220,0.0343232726,0.0066636512,0.1194578782,5,9e-05,0,0,0,raw/tedlium-test-epoch-5-no_aug.jsonl
tedlium,test,no_aug,pre_update,18,11,0.0814621364,0.0266566903,0.0420993008,0.1177556366,5,9e-05,0,0,0,raw/tedlium-test-epoch-5-no_aug.jsonl
tedlium,test,no_aug,pre_update,19,11,0.0800877136,0.0208753128,0.0515183955,0.1191926226,5,9e-05,0,0,0,raw/tedlium-test-epoch-5-no_aug.jsonl
tedlium,test,no_aug,pre_update,20,11,0.0758843605,0.0251631735,0.0331910327,0.1113980263,5,9e-05,0,0,0,raw/tedlium-test-epoch-5-no_aug.jsonl
tedlium,test,no_aug,pre_update,21,11,0.0709463544,0.0294877911,0.0037174597,0.1115939692,5,9e-05,0,0,0,raw/tedlium-test-epoch-5-no_aug.jsonl
tedlium,test,no_aug,pre_update,22,11,0.0625354835,0.0296977888,0.0032733695,0.1056236997,5,9e-05,0,0,0,raw/tedlium-test-epoch-5-no_aug.jsonl
tedlium,test,no_aug,pre_update,23,11,0.0693330389,0.0164678576,0.0453647412,0.0921209976,5,9e-05,0,0,0,raw/tedlium-test-epoch-5-no_aug.jsonl
tedlium,test,no_aug,pre_update,24,11,0.0651439262,0.0237030553,0.0319679193,0.1139996871,5,9e-05,0,0,0,raw/tedlium-test-epoch-5-no_aug.jsonl
tedlium,test,no_aug,pre_update,25,11,0.0639782150,0.0234100514,0.0259999130,0.1053645015,5,9e-05,0,0,0,raw/tedlium-test-epoch-5-no_aug.jsonl
tedlium,test,no_aug,pre_update,26,11,0.0569118545,0.0230377472,0.0020791094,0.0855187625,5,9e-05,0,0,0,raw/tedlium-test-epoch-5-no_aug.jsonl
tedlium,test,no_aug,pre_update,27,11,0.0634947223,0.0156002181,0.0371605419,0.0845783725,5,9e-05,0,0,0,raw/tedlium-test-epoch-5-no_aug.jsonl
tedlium,test,no_aug,pre_update,28,11,0.0517625576,0.0245089525,0.0017186974,0.0924546123,5,9e-05,0,0,0,raw/tedlium-test-epoch-5-no_aug.jsonl
tedlium,test,no_aug,pre_update,29,11,0.0547923835,0.0150734728,0.0221842416,0.0676857233,5,9e-05,0,0,0,raw/tedlium-test-epoch-5-no_aug.jsonl
tedlium,test,no_aug,pre_update,30,11,0.0615699400,0.0106955786,0.0489261374,0.0824104473,5,9e-05,0,0,0,raw/tedlium-test-epoch-5-no_aug.jsonl
tedlium,test,no_aug,pre_update,31,11,0.0498317930,0.0243762012,0.0013372076,0.0863076299,5,9e-05,0,0,0,raw/tedlium-test-epoch-5-no_aug.jsonl
tedlium,test,no_aug,pre_update,32,11,0.0540860768,0.0248565943,0.0012387545,0.0858300179,5,9e-05,0,0,0,raw/tedlium-test-epoch-5-no_aug.jsonl
tedlium,test,no_aug,pre_update,33,11,0.0557457447,0.0175714766,0.0290629957,0.0906697288,5,9e-05,0,0,0,raw/tedlium-test-epoch-5-no_aug.jsonl
tedlium,test,no_aug,pre_update,34,11,0.0449476242,0.0184600298,0.0094938967,0.0733035728,5,9e-05,0,0,0,raw/tedlium-test-epoch-5-no_aug.jsonl
tedlium,test,no_aug,pre_update,35,11,0.0462546069,0.0241523519,0.0010087166,0.0915763080,5,9e-05,0,0,0,raw/tedlium-test-epoch-5-no_aug.jsonl
tedlium,test,no_aug,pre_update,36,11,0.0503128923,0.0219803842,0.0009490144,0.0858545452,5,9e-05,0,0,0,raw/tedlium-test-epoch-5-no_aug.jsonl
tedlium,test,no_aug,pre_update,37,11,0.0445090542,0.0214824963,0.0008939349,0.0829289854,5,9e-05,0,0,0,raw/tedlium-test-epoch-5-no_aug.jsonl
tedlium,test,no_aug,pre_update,38,11,0.0488189690,0.0194540537,0.0019655761,0.0722296089,5,9e-05,0,0,0,raw/tedlium-test-epoch-5-no_aug.jsonl
tedlium,test,no_aug,pre_update,39,11,0.0477481020,0.0118704338,0.0345741548,0.0760200769,5,9e-05,0,0,0,raw/tedlium-test-epoch-5-no_aug.jsonl
tedlium,test,no_aug,pre_update,40,11,0.0462469483,0.0236798447,0.0007497326,0.0898106322,5,9e-05,0,0,0,raw/tedlium-test-epoch-5-no_aug.jsonl
tedlium,test,no_aug,pre_update,41,11,0.0411273484,0.0171301233,0.0007098644,0.0662092268,5,9e-05,0,0,0,raw/tedlium-test-epoch-5-no_aug.jsonl
tedlium,test,no_aug,pre_update,42,11,0.0418208161,0.0189813751,0.0006734479,0.0740502179,5,9e-05,0,0,0,raw/tedlium-test-epoch-5-no_aug.jsonl
tedlium,test,no_aug,pre_update,43,11,0.0385028041,0.0164629062,0.0009323859,0.0640518442,5,9e-05,0,0,0,raw/tedlium-test-epoch-5-no_aug.jsonl
tedlium,test,no_aug,pre_update,44,11,0.0472945486,0.0116297256,0.0246165805,0.0665400624,5,9e-05,0,0,0,raw/tedlium-test-epoch-5-no_aug.jsonl
tedlium,test,no_aug,pre_update,45,11,0.0360141615,0.0197508301,0.0005789603,0.0671797693,5,9e-05,0,0,0,raw/tedlium-test-epoch-5-no_aug.jsonl
tedlium,test,no_aug,pre_update,46,11,0.0375305247,0.0101846112,0.0214894228,0.0538979322,5,9e-05,0,0,0,raw/tedlium-test-epoch-5-no_aug.jsonl
tedlium,test,no_aug,pre_update,47,11,0.0423274939,0.0114517388,0.0208684318,0.0551932678,5,9e-05,0,0,0,raw/tedlium-test-epoch-5-no_aug.jsonl
tedlium,test,no_aug,pre_update,48,11,0.0363010685,0.0124954306,0.0140504101,0.0570723265,5,9e-05,0,0,0,raw/tedlium-test-epoch-5-no_aug.jsonl
tedlium,test,no_aug,pre_update,49,11,0.0437859046,0.0160438582,0.0226040110,0.0786318406,5,9e-05,0,0,0,raw/tedlium-test-epoch-5-no_aug.jsonl
tedlium,test,no_aug,pre_update,50,11,0.0420199545,0.0070943854,0.0287942253,0.0517214350,5,9e-05,0,0,0,raw/tedlium-test-epoch-5-no_aug.jsonl
tedlium,test,no_aug,pre_update,51,11,0.0407442948,0.0108992739,0.0253288001,0.0584244803,5,9e-05,0,0,0,raw/tedlium-test-epoch-5-no_aug.jsonl
tedlium,test,no_aug,pre_update,52,11,0.0422269688,0.0147047775,0.0219884589,0.0797980726,5,9e-05,0,0,0,raw/tedlium-test-epoch-5-no_aug.jsonl
tedlium,test,no_aug,pre_update,53,11,0.0418627191,0.0114324429,0.0255649518,0.0622914582,5,9e-05,0,0,0,raw/tedlium-test-epoch-5-no_aug.jsonl
tedlium,test,no_aug,pre_update,54,11,0.0400275427,0.0098844772,0.0243800990,0.0564869344,5,9e-05,0,0,0,raw/tedlium-test-epoch-5-no_aug.jsonl
tedlium,test,no_aug,pre_update,55,11,0.0412849169,0.0191296053,0.0230607837,0.0780706108,5,9e-05,0,0,0,raw/tedlium-test-epoch-5-no_aug.jsonl
tedlium,test,no_aug,pre_update,56,11,0.0417501111,0.0214450781,0.0025494893,0.0770446137,5,9e-05,0,0,0,raw/tedlium-test-epoch-5-no_aug.jsonl
tedlium,test,no_aug,pre_update,57,11,0.0385544963,0.0177321718,0.0003869278,0.0718135387,5,9e-05,0,0,0,raw/tedlium-test-epoch-5-no_aug.jsonl
tedlium,test,no_aug,pre_update,58,11,0.0380184341,0.0079906147,0.0288021211,0.0534923449,5,9e-05,0,0,0,raw/tedlium-test-epoch-5-no_aug.jsonl
tedlium,test,no_aug,pre_update,59,11,0.0367921860,0.0159957625,0.0003701498,0.0616639480,5,9e-05,0,0,0,raw/tedlium-test-epoch-5-no_aug.jsonl
tedlium,test,no_aug,pre_update,60,11,0.0377454726,0.0105346916,0.0228456929,0.0557040870,5,9e-05,0,0,0,raw/tedlium-test-epoch-5-no_aug.jsonl
tedlium,test,no_aug,pre_update,61,11,0.0304849572,0.0151066543,0.0003550174,0.0571121387,5,9e-05,0,0,0,raw/tedlium-test-epoch-5-no_aug.jsonl
tedlium,test,no_aug,pre_update,62,11,0.0321303294,0.0073905882,0.0213562530,0.0459869802,5,9e-05,0,0,0,raw/tedlium-test-epoch-5-no_aug.jsonl
tedlium,test,no_aug,pre_update,63,11,0.0386516306,0.0125239647,0.0226651579,0.0634718761,5,9e-05,0,0,0,raw/tedlium-test-epoch-5-no_aug.jsonl
tedlium,test,no_aug,pre_update,64,11,0.0373537026,0.0069819346,0.0277544633,0.0513525605,5,9e-05,0,0,0,raw/tedlium-test-epoch-5-no_aug.jsonl
tedlium,test,no_aug,pre_update,65,11,0.0332846379,0.0141928889,0.0003288835,0.0507306494,5,9e-05,0,0,0,raw/tedlium-test-epoch-5-no_aug.jsonl
tedlium,test,no_aug,pre_update,66,11,0.0345029616,0.0126211118,0.0003229405,0.0453382321,5,9e-05,0,0,0,raw/tedlium-test-epoch-5-no_aug.jsonl
tedlium,test,no_aug,pre_update,67,11,0.0376148776,0.0105546592,0.0222445950,0.0568370372,5,9e-05,0,0,0,raw/tedlium-test-epoch-5-no_aug.jsonl
tedlium,test,no_aug,pre_update,68,11,0.0396455775,0.0135447124,0.0229852255,0.0748909637,5,9e-05,0,0,0,raw/tedlium-test-epoch-5-no_aug.jsonl
tedlium,test,no_aug,pre_update,69,11,0.0363591572,0.0107339153,0.0165420622,0.0585143305,5,9e-05,0,0,0,raw/tedlium-test-epoch-5-no_aug.jsonl
tedlium,test,no_aug,pre_update,70,10,0.0349895677,0.0055819827,0.0268899538,0.0444335155,5,9e-05,0,0,0,raw/tedlium-test-epoch-5-no_aug.jsonl
tedlium,test,no_aug,pre_update,71,10,0.0395712744,0.0124910729,0.0257549733,0.0660294294,5,9e-05,0,0,0,raw/tedlium-test-epoch-5-no_aug.jsonl
tedlium,test,no_aug,pre_update,72,10,0.0340369238,0.0115445825,0.0121840518,0.0504752472,5,9e-05,0,0,0,raw/tedlium-test-epoch-5-no_aug.jsonl
tedlium,test,no_aug,pre_update,73,10,0.0308674245,0.0141963244,0.0004472053,0.0529731214,5,9e-05,0,0,0,raw/tedlium-test-epoch-5-no_aug.jsonl
tedlium,test,no_aug,pre_update,74,10,0.0341150586,0.0165860386,0.0002845097,0.0648229867,5,9e-05,0,0,0,raw/tedlium-test-epoch-5-no_aug.jsonl
tedlium,test,no_aug,pre_update,75,9,0.0330448102,0.0097352936,0.0109594213,0.0457797050,5,9e-05,0,0,0,raw/tedlium-test-epoch-5-no_aug.jsonl
tedlium,test,no_aug,pre_update,76,9,0.0360499947,0.0160958528,0.0002748666,0.0564827621,5,9e-05,0,0,0,raw/tedlium-test-epoch-5-no_aug.jsonl
tedlium,test,no_aug,pre_update,77,9,0.0291358142,0.0130009894,0.0002701661,0.0459979698,5,9e-05,0,0,0,raw/tedlium-test-epoch-5-no_aug.jsonl
tedlium,test,no_aug,pre_update,78,9,0.0363934541,0.0136066022,0.0168977696,0.0570710860,5,9e-05,0,0,0,raw/tedlium-test-epoch-5-no_aug.jsonl
tedlium,test,no_aug,pre_update,79,9,0.0329650305,0.0188309214,0.0002608894,0.0683219284,5,9e-05,0,0,0,raw/tedlium-test-epoch-5-no_aug.jsonl
tedlium,test,no_aug,pre_update,80,9,0.0335015096,0.0086732418,0.0215437897,0.0484238714,5,9e-05,0,0,0,raw/tedlium-test-epoch-5-no_aug.jsonl
tedlium,test,no_aug,pre_update,81,9,0.0333455325,0.0117718624,0.0168126635,0.0589933023,5,9e-05,0,0,0,raw/tedlium-test-epoch-5-no_aug.jsonl
tedlium,test,no_aug,pre_update,82,9,0.0314167420,0.0146899204,0.0002481016,0.0461284593,5,9e-05,0,0,0,raw/tedlium-test-epoch-5-no_aug.jsonl
tedlium,test,no_aug,pre_update,83,9,0.0341363326,0.0081920366,0.0253468752,0.0516990796,5,9e-05,0,0,0,raw/tedlium-test-epoch-5-no_aug.jsonl
tedlium,test,no_aug,pre_update,84,9,0.0289833596,0.0132069848,0.0006416744,0.0430555865,5,9e-05,0,0,0,raw/tedlium-test-epoch-5-no_aug.jsonl
tedlium,test,no_aug,pre_update,85,9,0.0333353941,0.0149339999,0.0088110510,0.0615140125,5,9e-05,0,0,0,raw/tedlium-test-epoch-5-no_aug.jsonl
tedlium,test,no_aug,pre_update,86,9,0.0285769271,0.0133777064,0.0002313023,0.0473376736,5,9e-05,0,0,0,raw/tedlium-test-epoch-5-no_aug.jsonl
tedlium,test,no_aug,pre_update,87,9,0.0310371459,0.0125614086,0.0002270819,0.0412436351,5,9e-05,0,0,0,raw/tedlium-test-epoch-5-no_aug.jsonl
tedlium,test,no_aug,pre_update,88,9,0.0326862954,0.0066882817,0.0251122490,0.0420878232,5,9e-05,0,0,0,raw/tedlium-test-epoch-5-no_aug.jsonl
tedlium,test,no_aug,pre_update,89,9,0.0311581216,0.0123527205,0.0002189360,0.0405641869,5,9e-05,0,0,0,raw/tedlium-test-epoch-5-no_aug.jsonl
tedlium,test,no_aug,pre_update,90,9,0.0356396236,0.0085016522,0.0238810591,0.0538387895,5,9e-05,0,0,0,raw/tedlium-test-epoch-5-no_aug.jsonl
tedlium,test,no_aug,pre_update,91,9,0.0299307284,0.0050733659,0.0234286450,0.0383312963,5,9e-05,0,0,0,raw/tedlium-test-epoch-5-no_aug.jsonl
tedlium,test,no_aug,pre_update,92,9,0.0325760825,0.0100264929,0.0136205517,0.0485481545,5,9e-05,0,0,0,raw/tedlium-test-epoch-5-no_aug.jsonl
tedlium,test,no_aug,pre_update,93,9,0.0343178648,0.0118698319,0.0154490387,0.0530152917,5,9e-05,0,0,0,raw/tedlium-test-epoch-5-no_aug.jsonl
tedlium,test,no_aug,pre_update,94,9,0.0282795439,0.0126267570,0.0002017702,0.0418976396,5,9e-05,0,0,0,raw/tedlium-test-epoch-5-no_aug.jsonl
tedlium,test,no_aug,pre_update,95,9,0.0301588465,0.0158493118,0.0001983584,0.0592783876,5,9e-05,0,0,0,raw/tedlium-test-epoch-5-no_aug.jsonl
tedlium,test,no_aug,pre_update,96,9,0.0348984801,0.0200551774,0.0005059568,0.0678092539,5,9e-05,0,0,0,raw/tedlium-test-epoch-5-no_aug.jsonl
tedlium,test,no_aug,pre_update,97,9,0.0270709305,0.0158695961,0.0001921549,0.0457873605,5,9e-05,0,0,0,raw/tedlium-test-epoch-5-no_aug.jsonl
tedlium,test,no_aug,pre_update,98,9,0.0315245938,0.0064603747,0.0244642831,0.0444386303,5,9e-05,0,0,0,raw/tedlium-test-epoch-5-no_aug.jsonl
tedlium,test,no_aug,pre_update,99,9,0.0287316550,0.0140110240,0.0001854976,0.0493012816,5,9e-05,0,0,0,raw/tedlium-test-epoch-5-no_aug.jsonl
tedlium,test,no_aug,pre_update,100,8,0.0257595616,0.0129302298,0.0001825065,0.0415077247,5,9e-05,0,0,0,raw/tedlium-test-epoch-5-no_aug.jsonl
tedlium,test,no_aug,pre_update,101,8,0.0312209020,0.0057099857,0.0234471560,0.0389742143,5,9e-05,0,0,0,raw/tedlium-test-epoch-5-no_aug.jsonl
tedlium,test,no_aug,pre_update,102,8,0.0272763490,0.0086201069,0.0074594840,0.0355847627,5,9e-05,0,0,0,raw/tedlium-test-epoch-5-no_aug.jsonl
tedlium,test,no_aug,pre_update,103,8,0.0281847629,0.0129526779,0.0001735498,0.0413693860,5,9e-05,0,0,0,raw/tedlium-test-epoch-5-no_aug.jsonl
tedlium,test,no_aug,pre_update,104,8,0.0317198934,0.0058033002,0.0251406953,0.0434210896,5,9e-05,0,0,0,raw/tedlium-test-epoch-5-no_aug.jsonl
tedlium,test,no_aug,pre_update,105,8,0.0287986958,0.0143382530,0.0002517169,0.0494658649,5,9e-05,0,0,0,raw/tedlium-test-epoch-5-no_aug.jsonl
tedlium,test,no_aug,pre_update,106,8,0.0289267472,0.0074179996,0.0187200122,0.0403040424,5,9e-05,0,0,0,raw/tedlium-test-epoch-5-no_aug.jsonl
tedlium,test,no_aug,pre_update,107,8,0.0317408377,0.0078606403,0.0207601115,0.0418914296,5,9e-05,0,0,0,raw/tedlium-test-epoch-5-no_aug.jsonl
tedlium,test,no_aug,pre_update,108,8,0.0317708366,0.0095342545,0.0181678794,0.0488699600,5,9e-05,0,0,0,raw/tedlium-test-epoch-5-no_aug.jsonl
tedlium,test,no_aug,pre_update,109,8,0.0264527175,0.0128849881,0.0001580499,0.0396992192,5,9e-05,0,0,0,raw/tedlium-test-epoch-5-no_aug.jsonl
tedlium,test,no_aug,pre_update,110,8,0.0249836236,0.0114024695,0.0001558631,0.0359165668,5,9e-05,0,0,0,raw/tedlium-test-epoch-5-no_aug.jsonl
tedlium,test,no_aug,pre_update,111,8,0.0252612692,0.0116560602,0.0011717660,0.0376181789,5,9e-05,0,0,0,raw/tedlium-test-epoch-5-no_aug.jsonl
tedlium,test,no_aug,pre_update,112,8,0.0298813763,0.0087739210,0.0203282330,0.0437993333,5,9e-05,0,0,0,raw/tedlium-test-epoch-5-no_aug.jsonl
tedlium,test,no_aug,pre_update,113,8,0.0293432088,0.0072830837,0.0177993812,0.0368751958,5,9e-05,0,0,0,raw/tedlium-test-epoch-5-no_aug.jsonl
tedlium,test,no_aug,pre_update,114,8,0.0293460088,0.0060919963,0.0211556740,0.0383635759,5,9e-05,0,0,0,raw/tedlium-test-epoch-5-no_aug.jsonl
tedlium,test,no_aug,pre_update,115,8,0.0235415498,0.0127511475,0.0081482595,0.0479309335,5,9e-05,0,0,0,raw/tedlium-test-epoch-5-no_aug.jsonl
tedlium,test,no_aug,pre_update,116,8,0.0257628339,0.0117399845,0.0001438875,0.0381568372,5,9e-05,0,0,0,raw/tedlium-test-epoch-5-no_aug.jsonl
tedlium,test,no_aug,pre_update,117,8,0.0311047584,0.0066364318,0.0225422755,0.0394526869,5,9e-05,0,0,0,raw/tedlium-test-epoch-5-no_aug.jsonl
tedlium,test,no_aug,pre_update,118,8,0.0282762564,0.0168634110,0.0001404521,0.0588898174,5,9e-05,0,0,0,raw/tedlium-test-epoch-5-no_aug.jsonl
tedlium,test,no_aug,pre_update,119,8,0.0256531421,0.0142906852,0.0001387547,0.0514259934,5,9e-05,0,0,0,raw/tedlium-test-epoch-5-no_aug.jsonl
tedlium,test,no_aug,pre_update,120,8,0.0255363194,0.0113111233,0.0001365891,0.0375297405,5,9e-05,0,0,0,raw/tedlium-test-epoch-5-no_aug.jsonl
tedlium,test,no_aug,pre_update,121,8,0.0294052146,0.0050125517,0.0234193020,0.0364205837,5,9e-05,0,0,0,raw/tedlium-test-epoch-5-no_aug.jsonl
tedlium,test,no_aug,pre_update,122,8,0.0307385861,0.0102126759,0.0216203611,0.0525885411,5,9e-05,0,0,0,raw/tedlium-test-epoch-5-no_aug.jsonl
tedlium,test,no_aug,pre_update,123,8,0.0262742256,0.0148682048,0.0001321315,0.0450065583,5,9e-05,0,0,0,raw/tedlium-test-epoch-5-no_aug.jsonl
tedlium,test,no_aug,pre_update,124,8,0.0256760281,0.0127051808,0.0001305843,0.0444151908,5,9e-05,0,0,0,raw/tedlium-test-epoch-5-no_aug.jsonl
tedlium,test,no_aug,pre_update,125,8,0.0296007634,0.0169800962,0.0001910044,0.0550130904,5,9e-05,0,0,0,raw/tedlium-test-epoch-5-no_aug.jsonl
tedlium,test,no_aug,pre_update,126,8,0.0292156794,0.0179724557,0.0001274822,0.0613559037,5,9e-05,0,0,0,raw/tedlium-test-epoch-5-no_aug.jsonl
tedlium,test,no_aug,pre_update,127,8,0.0227115774,0.0117895242,0.0027809239,0.0386119634,5,9e-05,0,0,0,raw/tedlium-test-epoch-5-no_aug.jsonl
tedlium,test,no_aug,pre_update,128,8,0.0292658480,0.0063444555,0.0214299373,0.0373543352,5,9e-05,0,0,0,raw/tedlium-test-epoch-5-no_aug.jsonl
tedlium,test,no_aug,pre_update,129,8,0.0255633299,0.0084296110,0.0099938996,0.0339749418,5,9e-05,0,0,0,raw/tedlium-test-epoch-5-no_aug.jsonl
tedlium,test,no_aug,pre_update,130,8,0.0301781129,0.0045561787,0.0228485540,0.0354464352,5,9e-05,0,0,0,raw/tedlium-test-epoch-5-no_aug.jsonl
tedlium,test,no_aug,pre_update,131,8,0.0260516210,0.0151718569,0.0002906734,0.0491736233,5,9e-05,0,0,0,raw/tedlium-test-epoch-5-no_aug.jsonl
tedlium,test,no_aug,pre_update,132,8,0.0267006536,0.0065823453,0.0193838980,0.0392815322,5,9e-05,0,0,0,raw/tedlium-test-epoch-5-no_aug.jsonl
tedlium,test,no_aug,pre_update,133,8,0.0262454280,0.0073495684,0.0165586639,0.0355663225,5,9e-05,0,0,0,raw/tedlium-test-epoch-5-no_aug.jsonl
tedlium,test,no_aug,pre_update,134,8,0.0300365990,0.0129861440,0.0132252825,0.0570417494,5,9e-05,0,0,0,raw/tedlium-test-epoch-5-no_aug.jsonl
tedlium,test,no_aug,pre_update,135,8,0.0259772241,0.0107101631,0.0117142275,0.0423203930,5,9e-05,0,0,0,raw/tedlium-test-epoch-5-no_aug.jsonl
tedlium,test,no_aug,pre_update,136,8,0.0238096313,0.0110907238,0.0001133976,0.0359103084,5,9e-05,0,0,0,raw/tedlium-test-epoch-5-no_aug.jsonl
tedlium,test,no_aug,pre_update,137,8,0.0249367342,0.0140495709,0.0001121326,0.0508565977,5,9e-05,0,0,0,raw/tedlium-test-epoch-5-no_aug.jsonl
tedlium,test,no_aug,pre_update,138,8,0.0256349668,0.0055912969,0.0156744458,0.0342954695,5,9e-05,0,0,0,raw/tedlium-test-epoch-5-no_aug.jsonl
tedlium,test,no_aug,pre_update,139,8,0.0255253987,0.0105617810,0.0060087657,0.0411484689,5,9e-05,0,0,0,raw/tedlium-test-epoch-5-no_aug.jsonl
tedlium,test,no_aug,pre_update,140,8,0.0262929108,0.0057795376,0.0151596889,0.0337274820,5,9e-05,0,0,0,raw/tedlium-test-epoch-5-no_aug.jsonl
tedlium,test,no_aug,pre_update,141,8,0.0275057386,0.0127408725,0.0001072223,0.0412877351,5,9e-05,0,0,0,raw/tedlium-test-epoch-5-no_aug.jsonl
tedlium,test,no_aug,pre_update,142,8,0.0263412601,0.0074419551,0.0139397243,0.0369958654,5,9e-05,0,0,0,raw/tedlium-test-epoch-5-no_aug.jsonl
tedlium,test,no_aug,pre_update,143,8,0.0300472269,0.0063945958,0.0220801998,0.0407373793,5,9e-05,0,0,0,raw/tedlium-test-epoch-5-no_aug.jsonl
tedlium,test,no_aug,pre_update,144,8,0.0320790082,0.0079636898,0.0208771974,0.0434107333,5,9e-05,0,0,0,raw/tedlium-test-epoch-5-no_aug.jsonl
tedlium,test,no_aug,pre_update,145,7,0.0269908474,0.0074203084,0.0174413808,0.0402158871,5,9e-05,0,0,0,raw/tedlium-test-epoch-5-no_aug.jsonl
tedlium,test,no_aug,pre_update,146,7,0.0286120291,0.0063314321,0.0206789952,0.0368774757,5,9e-05,0,0,0,raw/tedlium-test-epoch-5-no_aug.jsonl
tedlium,test,no_aug,pre_update,147,7,0.0251823539,0.0085886354,0.0170643441,0.0405795574,5,9e-05,0,0,0,raw/tedlium-test-epoch-5-no_aug.jsonl
tedlium,test,no_aug,pre_update,148,7,0.0260801271,0.0071245899,0.0146150859,0.0367101505,5,9e-05,0,0,0,raw/tedlium-test-epoch-5-no_aug.jsonl
tedlium,test,no_aug,pre_update,149,7,0.0285767942,0.0052166056,0.0225489233,0.0359305665,5,9e-05,0,0,0,raw/tedlium-test-epoch-5-no_aug.jsonl
tedlium,test,no_aug,pre_update,150,7,0.0314946994,0.0131293474,0.0204493254,0.0589559749,5,9e-05,0,0,0,raw/tedlium-test-epoch-5-no_aug.jsonl
tedlium,test,no_aug,pre_update,151,7,0.0287993282,0.0063544168,0.0194016453,0.0373991430,5,9e-05,0,0,0,raw/tedlium-test-epoch-5-no_aug.jsonl
tedlium,test,no_aug,pre_update,152,7,0.0232872702,0.0115594221,0.0006986368,0.0371275321,5,9e-05,0,0,0,raw/tedlium-test-epoch-5-no_aug.jsonl
tedlium,test,no_aug,pre_update,153,7,0.0270357185,0.0040931141,0.0224411469,0.0352052823,5,9e-05,0,0,0,raw/tedlium-test-epoch-5-no_aug.jsonl
tedlium,test,no_aug,pre_update,154,7,0.0302125777,0.0125379289,0.0164417103,0.0511949211,5,9e-05,0,0,0,raw/tedlium-test-epoch-5-no_aug.jsonl
tedlium,test,no_aug,pre_update,155,7,0.0250202053,0.0063918772,0.0158249289,0.0329655185,5,9e-05,0,0,0,raw/tedlium-test-epoch-5-no_aug.jsonl
tedlium,test,no_aug,pre_update,156,7,0.0242204757,0.0119556604,0.0022457619,0.0427289084,5,9e-05,0,0,0,raw/tedlium-test-epoch-5-no_aug.jsonl
tedlium,test,no_aug,pre_update,157,7,0.0269852193,0.0052163509,0.0189123191,0.0333749503,5,9e-05,0,0,0,raw/tedlium-test-epoch-5-no_aug.jsonl
tedlium,test,no_aug,pre_update,158,7,0.0294284163,0.0067751264,0.0206841156,0.0401667543,5,9e-05,0,0,0,raw/tedlium-test-epoch-5-no_aug.jsonl
tedlium,test,no_aug,pre_update,159,7,0.0257456891,0.0080553317,0.0172566921,0.0415688865,5,9e-05,0,0,0,raw/tedlium-test-epoch-5-no_aug.jsonl
tedlium,test,no_aug,pre_update,160,7,0.0309696533,0.0093002104,0.0206444245,0.0465138257,5,9e-05,0,0,0,raw/tedlium-test-epoch-5-no_aug.jsonl
tedlium,test,no_aug,pre_update,161,7,0.0290503260,0.0113820118,0.0131652299,0.0498863272,5,9e-05,0,0,0,raw/tedlium-test-epoch-5-no_aug.jsonl
tedlium,test,no_aug,pre_update,162,7,0.0219497154,0.0066130695,0.0100027882,0.0282623935,5,9e-05,0,0,0,raw/tedlium-test-epoch-5-no_aug.jsonl
tedlium,test,no_aug,pre_update,163,7,0.0294112587,0.0080247675,0.0234431326,0.0459288955,5,9e-05,0,0,0,raw/tedlium-test-epoch-5-no_aug.jsonl
tedlium,test,no_aug,pre_update,164,7,0.0306833929,0.0100626084,0.0197665691,0.0476242378,5,9e-05,0,0,0,raw/tedlium-test-epoch-5-no_aug.jsonl
tedlium,test,no_aug,pre_update,165,7,0.0276852093,0.0062661980,0.0183621272,0.0343675762,5,9e-05,0,0,0,raw/tedlium-test-epoch-5-no_aug.jsonl
tedlium,test,no_aug,pre_update,166,7,0.0260259283,0.0063883826,0.0182468258,0.0366449431,5,9e-05,0,0,0,raw/tedlium-test-epoch-5-no_aug.jsonl
tedlium,test,no_aug,pre_update,167,7,0.0304204228,0.0127139052,0.0201847255,0.0567778237,5,9e-05,0,0,0,raw/tedlium-test-epoch-5-no_aug.jsonl
tedlium,test,no_aug,pre_update,168,7,0.0265143479,0.0038251336,0.0219491608,0.0329974815,5,9e-05,0,0,0,raw/tedlium-test-epoch-5-no_aug.jsonl
tedlium,test,no_aug,pre_update,169,7,0.0273599867,0.0076003252,0.0164365768,0.0348685160,5,9e-05,0,0,0,raw/tedlium-test-epoch-5-no_aug.jsonl
tedlium,test,no_aug,pre_update,170,7,0.0273771134,0.0040127593,0.0210226253,0.0324914046,5,9e-05,0,0,0,raw/tedlium-test-epoch-5-no_aug.jsonl
tedlium,test,no_aug,pre_update,171,7,0.0282381174,0.0051638243,0.0222586188,0.0342753567,5,9e-05,0,0,0,raw/tedlium-test-epoch-5-no_aug.jsonl
tedlium,test,no_aug,pre_update,172,7,0.0274750534,0.0067582617,0.0189682245,0.0385601372,5,9e-05,0,0,0,raw/tedlium-test-epoch-5-no_aug.jsonl
tedlium,test,no_aug,pre_update,173,7,0.0231690268,0.0043491850,0.0184161365,0.0294398852,5,9e-05,0,0,0,raw/tedlium-test-epoch-5-no_aug.jsonl
tedlium,test,no_aug,pre_update,174,7,0.0250447621,0.0053272048,0.0206176601,0.0364553146,5,9e-05,0,0,0,raw/tedlium-test-epoch-5-no_aug.jsonl
tedlium,test,no_aug,pre_update,175,7,0.0259062100,0.0076032610,0.0157995243,0.0385529399,5,9e-05,0,0,0,raw/tedlium-test-epoch-5-no_aug.jsonl
tedlium,test,no_aug,pre_update,176,7,0.0290621343,0.0072951112,0.0224239752,0.0412169620,5,9e-05,0,0,0,raw/tedlium-test-epoch-5-no_aug.jsonl
tedlium,test,no_aug,pre_update,177,7,0.0306683585,0.0100961389,0.0176724046,0.0480411127,5,9e-05,0,0,0,raw/tedlium-test-epoch-5-no_aug.jsonl
tedlium,test,no_aug,pre_update,178,7,0.0282080493,0.0115863625,0.0141014792,0.0511033610,5,9e-05,0,0,0,raw/tedlium-test-epoch-5-no_aug.jsonl
tedlium,test,no_aug,pre_update,179,7,0.0253084297,0.0035662917,0.0212032460,0.0296936147,5,9e-05,0,0,0,raw/tedlium-test-epoch-5-no_aug.jsonl
tedlium,test,no_aug,pre_update,180,7,0.0263080639,0.0067019776,0.0180221926,0.0352554321,5,9e-05,0,0,0,raw/tedlium-test-epoch-5-no_aug.jsonl
tedlium,test,no_aug,pre_update,181,7,0.0265610599,0.0057054925,0.0189454406,0.0356306396,5,9e-05,0,0,0,raw/tedlium-test-epoch-5-no_aug.jsonl
tedlium,test,no_aug,pre_update,182,7,0.0325369468,0.0107530756,0.0197782367,0.0478042737,5,9e-05,0,0,0,raw/tedlium-test-epoch-5-no_aug.jsonl
tedlium,test,no_aug,pre_update,183,7,0.0246668775,0.0049159580,0.0177326836,0.0327692702,5,9e-05,0,0,0,raw/tedlium-test-epoch-5-no_aug.jsonl
tedlium,test,no_aug,pre_update,184,7,0.0251302860,0.0062599069,0.0160825960,0.0343552232,5,9e-05,0,0,0,raw/tedlium-test-epoch-5-no_aug.jsonl
tedlium,test,no_aug,pre_update,185,7,0.0219578523,0.0067428014,0.0084520755,0.0294191614,5,9e-05,0,0,0,raw/tedlium-test-epoch-5-no_aug.jsonl
tedlium,test,no_aug,pre_update,186,7,0.0220974693,0.0060032804,0.0153660057,0.0310592223,5,9e-05,0,0,0,raw/tedlium-test-epoch-5-no_aug.jsonl
tedlium,test,no_aug,pre_update,187,7,0.0243548740,0.0053226159,0.0173809640,0.0319184810,5,9e-05,0,0,0,raw/tedlium-test-epoch-5-no_aug.jsonl
tedlium,test,no_aug,pre_update,188,7,0.0266333244,0.0082872985,0.0182294659,0.0439652354,5,9e-05,0,0,0,raw/tedlium-test-epoch-5-no_aug.jsonl
tedlium,test,no_aug,pre_update,189,7,0.0240988666,0.0066926289,0.0143972328,0.0313441083,5,9e-05,0,0,0,raw/tedlium-test-epoch-5-no_aug.jsonl
tedlium,test,no_aug,pre_update,190,7,0.0286345775,0.0054551928,0.0232697781,0.0368974954,5,9e-05,0,0,0,raw/tedlium-test-epoch-5-no_aug.jsonl
tedlium,test,no_aug,pre_update,191,7,0.0265016872,0.0081395962,0.0158190373,0.0388967730,5,9e-05,0,0,0,raw/tedlium-test-epoch-5-no_aug.jsonl
tedlium,test,no_aug,pre_update,192,7,0.0220485758,0.0056357486,0.0141595006,0.0330896862,5,9e-05,0,0,0,raw/tedlium-test-epoch-5-no_aug.jsonl
tedlium,test,no_aug,pre_update,193,7,0.0284656941,0.0081260941,0.0219428129,0.0412730277,5,9e-05,0,0,0,raw/tedlium-test-epoch-5-no_aug.jsonl
tedlium,test,no_aug,pre_update,194,7,0.0283027334,0.0108819499,0.0167620257,0.0494693890,5,9e-05,0,0,0,raw/tedlium-test-epoch-5-no_aug.jsonl
tedlium,test,no_aug,pre_update,195,7,0.0247895989,0.0065943684,0.0154810492,0.0336478800,5,9e-05,0,0,0,raw/tedlium-test-epoch-5-no_aug.jsonl
tedlium,test,no_aug,pre_update,196,7,0.0231273886,0.0061055401,0.0147088235,0.0328769907,5,9e-05,0,0,0,raw/tedlium-test-epoch-5-no_aug.jsonl
tedlium,test,no_aug,pre_update,197,7,0.0276044346,0.0114724914,0.0156501830,0.0496277213,5,9e-05,0,0,0,raw/tedlium-test-epoch-5-no_aug.jsonl
tedlium,test,no_aug,pre_update,198,7,0.0261989760,0.0083948351,0.0172547959,0.0425357744,5,9e-05,0,0,0,raw/tedlium-test-epoch-5-no_aug.jsonl
tedlium,test,no_aug,pre_update,199,7,0.0241490869,0.0076183234,0.0121887848,0.0349125043,5,9e-05,0,0,0,raw/tedlium-test-epoch-5-no_aug.jsonl
tedlium,test,no_aug,pre_update,200,7,0.0260333026,0.0088796299,0.0137672937,0.0373587273,5,9e-05,0,0,0,raw/tedlium-test-epoch-5-no_aug.jsonl
tedlium,test,no_aug,pre_update,201,7,0.0270114405,0.0067519235,0.0189952701,0.0365815908,5,9e-05,0,0,0,raw/tedlium-test-epoch-5-no_aug.jsonl
tedlium,test,no_aug,pre_update,202,7,0.0245235357,0.0058868858,0.0179562010,0.0336732194,5,9e-05,0,0,0,raw/tedlium-test-epoch-5-no_aug.jsonl
tedlium,test,no_aug,pre_update,203,7,0.0264599890,0.0101976415,0.0165270697,0.0439166240,5,9e-05,0,0,0,raw/tedlium-test-epoch-5-no_aug.jsonl
tedlium,test,no_aug,pre_update,204,7,0.0236347900,0.0058721379,0.0155444834,0.0339020118,5,9e-05,0,0,0,raw/tedlium-test-epoch-5-no_aug.jsonl
tedlium,test,no_aug,pre_update,205,7,0.0231937463,0.0054331977,0.0149882268,0.0285179019,5,9e-05,0,0,0,raw/tedlium-test-epoch-5-no_aug.jsonl
tedlium,test,no_aug,pre_update,206,7,0.0267071817,0.0095532868,0.0135046653,0.0420990810,5,9e-05,0,0,0,raw/tedlium-test-epoch-5-no_aug.jsonl
tedlium,test,no_aug,pre_update,207,7,0.0203114801,0.0072252132,0.0078889225,0.0277655311,5,9e-05,0,0,0,raw/tedlium-test-epoch-5-no_aug.jsonl
tedlium,test,no_aug,pre_update,208,7,0.0261895098,0.0050858136,0.0198989902,0.0326537564,5,9e-05,0,0,0,raw/tedlium-test-epoch-5-no_aug.jsonl
tedlium,test,no_aug,pre_update,209,7,0.0247219189,0.0068028283,0.0150820855,0.0338674262,5,9e-05,0,0,0,raw/tedlium-test-epoch-5-no_aug.jsonl
tedlium,test,no_aug,pre_update,210,7,0.0270962119,0.0064004196,0.0187516883,0.0343458354,5,9e-05,0,0,0,raw/tedlium-test-epoch-5-no_aug.jsonl
tedlium,test,no_aug,pre_update,211,7,0.0242500228,0.0060988088,0.0146849304,0.0320594981,5,9e-05,0,0,0,raw/tedlium-test-epoch-5-no_aug.jsonl
tedlium,test,no_aug,pre_update,212,7,0.0242184701,0.0051249653,0.0185411759,0.0317604132,5,9e-05,0,0,0,raw/tedlium-test-epoch-5-no_aug.jsonl
tedlium,test,no_aug,pre_update,213,7,0.0234703076,0.0061707634,0.0154684484,0.0317235962,5,9e-05,0,0,0,raw/tedlium-test-epoch-5-no_aug.jsonl
tedlium,test,no_aug,pre_update,214,7,0.0257641463,0.0029206934,0.0208180547,0.0304521639,5,9e-05,0,0,0,raw/tedlium-test-epoch-5-no_aug.jsonl
tedlium,test,no_aug,pre_update,215,7,0.0236547265,0.0076091004,0.0116991084,0.0317748673,5,9e-05,0,0,0,raw/tedlium-test-epoch-5-no_aug.jsonl
tedlium,test,no_aug,pre_update,216,7,0.0249773887,0.0065306195,0.0173787009,0.0335000828,5,9e-05,0,0,0,raw/tedlium-test-epoch-5-no_aug.jsonl
tedlium,test,no_aug,pre_update,217,7,0.0262106952,0.0069468945,0.0202084333,0.0390971452,5,9e-05,0,0,0,raw/tedlium-test-epoch-5-no_aug.jsonl
tedlium,test,no_aug,pre_update,218,7,0.0229579833,0.0045339441,0.0175180435,0.0307478961,5,9e-05,0,0,0,raw/tedlium-test-epoch-5-no_aug.jsonl
tedlium,test,no_aug,pre_update,219,7,0.0226109881,0.0061350161,0.0115723098,0.0301630832,5,9e-05,0,0,0,raw/tedlium-test-epoch-5-no_aug.jsonl
tedlium,test,no_aug,pre_update,220,7,0.0220132550,0.0037824215,0.0156561136,0.0276418366,5,9e-05,0,0,0,raw/tedlium-test-epoch-5-no_aug.jsonl
tedlium,test,no_aug,pre_update,221,7,0.0211920785,0.0119118603,0.0085211284,0.0446147025,5,9e-05,0,0,0,raw/tedlium-test-epoch-5-no_aug.jsonl
tedlium,test,no_aug,pre_update,222,7,0.0246703438,0.0056322852,0.0165232718,0.0321928971,5,9e-05,0,0,0,raw/tedlium-test-epoch-5-no_aug.jsonl
tedlium,test,no_aug,pre_update,223,7,0.0256195135,0.0065345465,0.0162939727,0.0352788381,5,9e-05,0,0,0,raw/tedlium-test-epoch-5-no_aug.jsonl
tedlium,test,no_aug,pre_update,224,7,0.0232273181,0.0046755247,0.0173525941,0.0299286954,5,9e-05,0,0,0,raw/tedlium-test-epoch-5-no_aug.jsonl
tedlium,test,no_aug,pre_update,225,6,0.0230788331,0.0075049769,0.0135550052,0.0325783826,5,9e-05,0,0,0,raw/tedlium-test-epoch-5-no_aug.jsonl
tedlium,test,no_aug,pre_update,226,6,0.0233298891,0.0060899633,0.0158932619,0.0295459479,5,9e-05,0,0,0,raw/tedlium-test-epoch-5-no_aug.jsonl
tedlium,test,no_aug,pre_update,227,6,0.0228220855,0.0052207409,0.0178590789,0.0297701247,5,9e-05,0,0,0,raw/tedlium-test-epoch-5-no_aug.jsonl
tedlium,test,no_aug,pre_update,228,6,0.0282305973,0.0121822604,0.0189220775,0.0507266968,5,9e-05,0,0,0,raw/tedlium-test-epoch-5-no_aug.jsonl
tedlium,test,no_aug,pre_update,229,6,0.0178442446,0.0089210723,0.0017356372,0.0262380801,5,9e-05,0,0,0,raw/tedlium-test-epoch-5-no_aug.jsonl
tedlium,test,no_aug,pre_update,230,6,0.0246010823,0.0045262483,0.0171098057,0.0295131914,5,9e-05,0,0,0,raw/tedlium-test-epoch-5-no_aug.jsonl
tedlium,test,no_aug,pre_update,231,6,0.0188571499,0.0095260754,0.0004203552,0.0264275521,5,9e-05,0,0,0,raw/tedlium-test-epoch-5-no_aug.jsonl
tedlium,test,no_aug,pre_update,232,6,0.0234062001,0.0067327306,0.0144184753,0.0343396142,5,9e-05,0,0,0,raw/tedlium-test-epoch-5-no_aug.jsonl
tedlium,test,no_aug,pre_update,233,6,0.0228691436,0.0084976273,0.0143587589,0.0385646597,5,9e-05,0,0,0,raw/tedlium-test-epoch-5-no_aug.jsonl
tedlium,test,no_aug,pre_update,234,6,0.0224245256,0.0056372457,0.0158831701,0.0300739799,5,9e-05,0,0,0,raw/tedlium-test-epoch-5-no_aug.jsonl
tedlium,test,no_aug,pre_update,235,6,0.0235346213,0.0074967597,0.0145122735,0.0318154991,5,9e-05,0,0,0,raw/tedlium-test-epoch-5-no_aug.jsonl
tedlium,test,no_aug,pre_update,236,6,0.0229117613,0.0063726115,0.0178482812,0.0347500853,5,9e-05,0,0,0,raw/tedlium-test-epoch-5-no_aug.jsonl
tedlium,test,no_aug,pre_update,237,6,0.0241769709,0.0088399687,0.0153754326,0.0410361029,5,9e-05,0,0,0,raw/tedlium-test-epoch-5-no_aug.jsonl
tedlium,test,no_aug,pre_update,238,6,0.0230614096,0.0056964796,0.0161292888,0.0294141360,5,9e-05,0,0,0,raw/tedlium-test-epoch-5-no_aug.jsonl
tedlium,test,no_aug,pre_update,239,6,0.0227217623,0.0123956411,0.0113812843,0.0435038209,5,9e-05,0,0,0,raw/tedlium-test-epoch-5-no_aug.jsonl
tedlium,test,no_aug,pre_update,240,6,0.0263165608,0.0072153077,0.0164074618,0.0365805998,5,9e-05,0,0,0,raw/tedlium-test-epoch-5-no_aug.jsonl
tedlium,test,no_aug,pre_update,241,6,0.0240030314,0.0048577657,0.0184721388,0.0315026902,5,9e-05,0,0,0,raw/tedlium-test-epoch-5-no_aug.jsonl
tedlium,test,no_aug,pre_update,242,6,0.0251827914,0.0072505534,0.0163616762,0.0332756713,5,9e-05,0,0,0,raw/tedlium-test-epoch-5-no_aug.jsonl
tedlium,test,no_aug,pre_update,243,6,0.0189507591,0.0087072029,0.0138375293,0.0365666002,5,9e-05,0,0,0,raw/tedlium-test-epoch-5-no_aug.jsonl
tedlium,test,no_aug,pre_update,244,6,0.0230449778,0.0077307206,0.0109125311,0.0315788537,5,9e-05,0,0,0,raw/tedlium-test-epoch-5-no_aug.jsonl
tedlium,test,no_aug,pre_update,245,5,0.0241791651,0.0056596797,0.0189079437,0.0316909850,5,9e-05,0,0,0,raw/tedlium-test-epoch-5-no_aug.jsonl
tedlium,test,no_aug,pre_update,246,5,0.0242330480,0.0091559478,0.0152554903,0.0383659452,5,9e-05,0,0,0,raw/tedlium-test-epoch-5-no_aug.jsonl
tedlium,test,no_aug,pre_update,247,5,0.0205158040,0.0032047096,0.0167674776,0.0253592040,5,9e-05,0,0,0,raw/tedlium-test-epoch-5-no_aug.jsonl
tedlium,test,no_aug,pre_update,248,5,0.0210547093,0.0037348952,0.0177836083,0.0274707954,5,9e-05,0,0,0,raw/tedlium-test-epoch-5-no_aug.jsonl
tedlium,test,no_aug,pre_update,249,5,0.0223919995,0.0028181789,0.0203783773,0.0273678638,5,9e-05,0,0,0,raw/tedlium-test-epoch-5-no_aug.jsonl
tedlium,test,no_aug,pre_update,250,5,0.0201053292,0.0053207505,0.0131581500,0.0277407318,5,9e-05,0,0,0,raw/tedlium-test-epoch-5-no_aug.jsonl
tedlium,test,no_aug,pre_update,251,5,0.0231484115,0.0071568411,0.0184960291,0.0353016257,5,9e-05,0,0,0,raw/tedlium-test-epoch-5-no_aug.jsonl
tedlium,test,no_aug,pre_update,252,5,0.0274345730,0.0134816064,0.0162902568,0.0446207672,5,9e-05,0,0,0,raw/tedlium-test-epoch-5-no_aug.jsonl
tedlium,test,no_aug,pre_update,253,5,0.0213119553,0.0052108723,0.0143597787,0.0283131488,5,9e-05,0,0,0,raw/tedlium-test-epoch-5-no_aug.jsonl
tedlium,test,no_aug,pre_update,254,5,0.0219636057,0.0021957272,0.0192226823,0.0248263478,5,9e-05,0,0,0,raw/tedlium-test-epoch-5-no_aug.jsonl
tedlium,test,no_aug,pre_update,255,4,0.0279395487,0.0135664139,0.0134559665,0.0441076793,5,9e-05,0,0,0,raw/tedlium-test-epoch-5-no_aug.jsonl
tedlium,test,no_aug,pre_update,256,4,0.0260873162,0.0102276446,0.0160459578,0.0394577906,5,9e-05,0,0,0,raw/tedlium-test-epoch-5-no_aug.jsonl
tedlium,test,no_aug,pre_update,257,4,0.0214851401,0.0013716214,0.0200538337,0.0227318630,5,9e-05,0,0,0,raw/tedlium-test-epoch-5-no_aug.jsonl
tedlium,test,no_aug,pre_update,258,4,0.0216763960,0.0048410884,0.0164874028,0.0278213061,5,9e-05,0,0,0,raw/tedlium-test-epoch-5-no_aug.jsonl
tedlium,test,no_aug,pre_update,259,4,0.0213359699,0.0073268971,0.0135024926,0.0298131499,5,9e-05,0,0,0,raw/tedlium-test-epoch-5-no_aug.jsonl
tedlium,test,no_aug,pre_update,260,4,0.0244269557,0.0048026076,0.0186381564,0.0293698572,5,9e-05,0,0,0,raw/tedlium-test-epoch-5-no_aug.jsonl
tedlium,test,no_aug,pre_update,261,4,0.0204814507,0.0062177813,0.0154744992,0.0290472042,5,9e-05,0,0,0,raw/tedlium-test-epoch-5-no_aug.jsonl
tedlium,test,no_aug,pre_update,262,4,0.0195235289,0.0068741771,0.0118950009,0.0262171552,5,9e-05,0,0,0,raw/tedlium-test-epoch-5-no_aug.jsonl
tedlium,test,no_aug,pre_update,263,4,0.0222530458,0.0030669461,0.0181080885,0.0246462114,5,9e-05,0,0,0,raw/tedlium-test-epoch-5-no_aug.jsonl
tedlium,test,no_aug,pre_update,264,4,0.0220131371,0.0028819073,0.0199055392,0.0262053926,5,9e-05,0,0,0,raw/tedlium-test-epoch-5-no_aug.jsonl
tedlium,test,no_aug,pre_update,265,4,0.0294119134,0.0109963314,0.0189606771,0.0442909747,5,9e-05,0,0,0,raw/tedlium-test-epoch-5-no_aug.jsonl
tedlium,test,no_aug,pre_update,266,4,0.0227124202,0.0029575940,0.0196414366,0.0267074853,5,9e-05,0,0,0,raw/tedlium-test-epoch-5-no_aug.jsonl
tedlium,test,no_aug,pre_update,267,4,0.0256810731,0.0096450952,0.0155675830,0.0382685810,5,9e-05,0,0,0,raw/tedlium-test-epoch-5-no_aug.jsonl
tedlium,test,no_aug,pre_update,268,4,0.0225046212,0.0038483727,0.0190073252,0.0278564710,5,9e-05,0,0,0,raw/tedlium-test-epoch-5-no_aug.jsonl
tedlium,test,no_aug,pre_update,269,4,0.0193913667,0.0050597291,0.0134025607,0.0255321376,5,9e-05,0,0,0,raw/tedlium-test-epoch-5-no_aug.jsonl
tedlium,test,no_aug,pre_update,270,2,0.0212395275,0.0047004075,0.0179158375,0.0245632175,5,9e-05,0,0,0,raw/tedlium-test-epoch-5-no_aug.jsonl
tedlium,test,no_aug,pre_update,271,2,0.0212240173,0.0042195067,0.0182403754,0.0242076591,5,9e-05,0,0,0,raw/tedlium-test-epoch-5-no_aug.jsonl
tedlium,test,no_aug,pre_update,272,2,0.0255094515,0.0079206375,0.0199087150,0.0311101880,5,9e-05,0,0,0,raw/tedlium-test-epoch-5-no_aug.jsonl
tedlium,test,no_aug,pre_update,273,2,0.0186086977,0.0018992516,0.0172657240,0.0199516714,5,9e-05,0,0,0,raw/tedlium-test-epoch-5-no_aug.jsonl
tedlium,test,no_aug,pre_update,274,2,0.0231909631,0.0055032786,0.0192995574,0.0270823687,5,9e-05,0,0,0,raw/tedlium-test-epoch-5-no_aug.jsonl
tedlium,test,no_aug,pre_update,275,2,0.0217966316,0.0074024894,0.0165622812,0.0270309821,5,9e-05,0,0,0,raw/tedlium-test-epoch-5-no_aug.jsonl
tedlium,test,no_aug,pre_update,276,2,0.0203589769,0.0009201803,0.0197083112,0.0210096426,5,9e-05,0,0,0,raw/tedlium-test-epoch-5-no_aug.jsonl
tedlium,test,no_aug,pre_update,277,2,0.0213994905,0.0028544480,0.0193810910,0.0234178901,5,9e-05,0,0,0,raw/tedlium-test-epoch-5-no_aug.jsonl
tedlium,test,no_aug,pre_update,278,2,0.0230271015,0.0082029700,0.0172267258,0.0288274772,5,9e-05,0,0,0,raw/tedlium-test-epoch-5-no_aug.jsonl
tedlium,test,no_aug,pre_update,279,2,0.0194339780,0.0038454903,0.0167148057,0.0221531503,5,9e-05,0,0,0,raw/tedlium-test-epoch-5-no_aug.jsonl
tedlium,test,no_aug,pre_update,280,2,0.0210588574,0.0069127838,0.0161707811,0.0259469338,5,9e-05,0,0,0,raw/tedlium-test-epoch-5-no_aug.jsonl
tedlium,test,no_aug,pre_update,281,2,0.0208136514,0.0045294349,0.0176108573,0.0240164455,5,9e-05,0,0,0,raw/tedlium-test-epoch-5-no_aug.jsonl
tedlium,test,no_aug,pre_update,282,2,0.0238355342,0.0062434418,0.0194207542,0.0282503143,5,9e-05,0,0,0,raw/tedlium-test-epoch-5-no_aug.jsonl
tedlium,test,no_aug,pre_update,283,2,0.0193384001,0.0035087396,0.0168573465,0.0218194537,5,9e-05,0,0,0,raw/tedlium-test-epoch-5-no_aug.jsonl
tedlium,test,no_aug,pre_update,284,2,0.0203531049,0.0024950987,0.0185888037,0.0221174061,5,9e-05,0,0,0,raw/tedlium-test-epoch-5-no_aug.jsonl
tedlium,test,no_aug,pre_update,285,2,0.0214783605,0.0002906473,0.0212728418,0.0216838792,5,9e-05,0,0,0,raw/tedlium-test-epoch-5-no_aug.jsonl
tedlium,test,no_aug,pre_update,286,2,0.0230755359,0.0069093937,0.0181898568,0.0279612150,5,9e-05,0,0,0,raw/tedlium-test-epoch-5-no_aug.jsonl
tedlium,test,no_aug,pre_update,287,2,0.0224351631,0.0088484556,0.0161783602,0.0286919661,5,9e-05,0,0,0,raw/tedlium-test-epoch-5-no_aug.jsonl
tedlium,test,no_aug,pre_update,288,2,0.0183722405,0.0026516624,0.0164972320,0.0202472489,5,9e-05,0,0,0,raw/tedlium-test-epoch-5-no_aug.jsonl
tedlium,test,no_aug,pre_update,289,2,0.0224918826,0.0040011650,0.0196626317,0.0253211334,5,9e-05,0,0,0,raw/tedlium-test-epoch-5-no_aug.jsonl
tedlium,test,no_aug,pre_update,290,1,0.0204061083,,0.0204061083,0.0204061083,5,9e-05,0,0,0,raw/tedlium-test-epoch-5-no_aug.jsonl
tedlium,test,no_aug,pre_update,291,1,0.0226772558,,0.0226772558,0.0226772558,5,9e-05,0,0,0,raw/tedlium-test-epoch-5-no_aug.jsonl
tedlium,test,no_aug,pre_update,292,1,0.0240309723,,0.0240309723,0.0240309723,5,9e-05,0,0,0,raw/tedlium-test-epoch-5-no_aug.jsonl
tedlium,test,no_aug,pre_update,293,1,0.0268362612,,0.0268362612,0.0268362612,5,9e-05,0,0,0,raw/tedlium-test-epoch-5-no_aug.jsonl
tedlium,test,no_aug,pre_update,294,1,0.0271870848,,0.0271870848,0.0271870848,5,9e-05,0,0,0,raw/tedlium-test-epoch-5-no_aug.jsonl
tedlium,test,no_aug,pre_update,295,1,0.0191282928,,0.0191282928,0.0191282928,5,9e-05,0,0,0,raw/tedlium-test-epoch-5-no_aug.jsonl
tedlium,test,no_aug,pre_update,296,1,0.0182584822,,0.0182584822,0.0182584822,5,9e-05,0,0,0,raw/tedlium-test-epoch-5-no_aug.jsonl
tedlium,test,no_aug,pre_update,297,1,0.0230160933,,0.0230160933,0.0230160933,5,9e-05,0,0,0,raw/tedlium-test-epoch-5-no_aug.jsonl
tedlium,test,no_aug,pre_update,298,1,0.0243967716,,0.0243967716,0.0243967716,5,9e-05,0,0,0,raw/tedlium-test-epoch-5-no_aug.jsonl
tedlium,test,no_aug,pre_update,299,1,0.0243658423,,0.0243658423,0.0243658423,5,9e-05,0,0,0,raw/tedlium-test-epoch-5-no_aug.jsonl
tedlium,test,no_aug,pre_update,300,1,0.0100313891,,0.0100313891,0.0100313891,5,9e-05,0,0,0,raw/tedlium-test-epoch-5-no_aug.jsonl
tedlium,test,no_aug,pre_update,301,1,0.0226360112,,0.0226360112,0.0226360112,5,9e-05,0,0,0,raw/tedlium-test-epoch-5-no_aug.jsonl
tedlium,test,no_aug,pre_update,302,1,0.0255639162,,0.0255639162,0.0255639162,5,9e-05,0,0,0,raw/tedlium-test-epoch-5-no_aug.jsonl
tedlium,test,no_aug,pre_update,303,1,0.0226356164,,0.0226356164,0.0226356164,5,9e-05,0,0,0,raw/tedlium-test-epoch-5-no_aug.jsonl
tedlium,test,no_aug,pre_update,304,1,0.0263039675,,0.0263039675,0.0263039675,5,9e-05,0,0,0,raw/tedlium-test-epoch-5-no_aug.jsonl
tedlium,test,no_aug,pre_update,305,1,0.0185118765,,0.0185118765,0.0185118765,5,9e-05,0,0,0,raw/tedlium-test-epoch-5-no_aug.jsonl
tedlium,test,no_aug,pre_update,306,1,0.0215723217,,0.0215723217,0.0215723217,5,9e-05,0,0,0,raw/tedlium-test-epoch-5-no_aug.jsonl
tedlium,test,no_aug,pre_update,307,1,0.0254326276,,0.0254326276,0.0254326276,5,9e-05,0,0,0,raw/tedlium-test-epoch-5-no_aug.jsonl
tedlium,test,no_aug,pre_update,308,1,0.0201828666,,0.0201828666,0.0201828666,5,9e-05,0,0,0,raw/tedlium-test-epoch-5-no_aug.jsonl
tedlium,test,no_aug,pre_update,309,1,0.0241756272,,0.0241756272,0.0241756272,5,9e-05,0,0,0,raw/tedlium-test-epoch-5-no_aug.jsonl
tedlium,test,no_aug,pre_update,310,1,0.0256101713,,0.0256101713,0.0256101713,5,9e-05,0,0,0,raw/tedlium-test-epoch-5-no_aug.jsonl
tedlium,test,no_aug,pre_update,311,1,0.0222661272,,0.0222661272,0.0222661272,5,9e-05,0,0,0,raw/tedlium-test-epoch-5-no_aug.jsonl
tedlium,test,no_aug,pre_update,312,1,0.0211263169,,0.0211263169,0.0211263169,5,9e-05,0,0,0,raw/tedlium-test-epoch-5-no_aug.jsonl
tedlium,test,no_aug,pre_update,313,1,0.0200150628,,0.0200150628,0.0200150628,5,9e-05,0,0,0,raw/tedlium-test-epoch-5-no_aug.jsonl
tedlium,test,no_aug,pre_update,314,1,0.0215576738,,0.0215576738,0.0215576738,5,9e-05,0,0,0,raw/tedlium-test-epoch-5-no_aug.jsonl
tedlium,test,no_aug,pre_update,315,1,0.0217985436,,0.0217985436,0.0217985436,5,9e-05,0,0,0,raw/tedlium-test-epoch-5-no_aug.jsonl
tedlium,test,no_aug,pre_update,316,1,0.0303337891,,0.0303337891,0.0303337891,5,9e-05,0,0,0,raw/tedlium-test-epoch-5-no_aug.jsonl
tedlium,test,no_aug,pre_update,317,1,0.0216746442,,0.0216746442,0.0216746442,5,9e-05,0,0,0,raw/tedlium-test-epoch-5-no_aug.jsonl
tedlium,test,no_aug,pre_update,318,1,0.0215714239,,0.0215714239,0.0215714239,5,9e-05,0,0,0,raw/tedlium-test-epoch-5-no_aug.jsonl
tedlium,test,no_aug,pre_update,319,1,0.0231192932,,0.0231192932,0.0231192932,5,9e-05,0,0,0,raw/tedlium-test-epoch-5-no_aug.jsonl
tedlium,test,no_aug,pre_update,320,1,0.0261132438,,0.0261132438,0.0261132438,5,9e-05,0,0,0,raw/tedlium-test-epoch-5-no_aug.jsonl
tedlium,test,no_aug,pre_update,321,1,0.0206524227,,0.0206524227,0.0206524227,5,9e-05,0,0,0,raw/tedlium-test-epoch-5-no_aug.jsonl
tedlium,test,no_aug,pre_update,322,1,0.0340365395,,0.0340365395,0.0340365395,5,9e-05,0,0,0,raw/tedlium-test-epoch-5-no_aug.jsonl
tedlium,test,no_aug,pre_update,323,1,0.0248209778,,0.0248209778,0.0248209778,5,9e-05,0,0,0,raw/tedlium-test-epoch-5-no_aug.jsonl
tedlium,test,no_aug,pre_update,324,1,0.0223670304,,0.0223670304,0.0223670304,5,9e-05,0,0,0,raw/tedlium-test-epoch-5-no_aug.jsonl
tedlium,test,no_aug,pre_update,325,1,0.0228696130,,0.0228696130,0.0228696130,5,9e-05,0,0,0,raw/tedlium-test-epoch-5-no_aug.jsonl
tedlium,test,no_aug,pre_update,326,1,0.0223654751,,0.0223654751,0.0223654751,5,9e-05,0,0,0,raw/tedlium-test-epoch-5-no_aug.jsonl
tedlium,test,no_aug,pre_update,327,1,0.0245176628,,0.0245176628,0.0245176628,5,9e-05,0,0,0,raw/tedlium-test-epoch-5-no_aug.jsonl
tedlium,test,no_aug,pre_update,328,1,0.0216457881,,0.0216457881,0.0216457881,5,9e-05,0,0,0,raw/tedlium-test-epoch-5-no_aug.jsonl
tedlium,test,no_aug,pre_update,329,1,0.0259091407,,0.0259091407,0.0259091407,5,9e-05,0,0,0,raw/tedlium-test-epoch-5-no_aug.jsonl
tedlium,test,no_aug,pre_update,330,1,0.0183495730,,0.0183495730,0.0183495730,5,9e-05,0,0,0,raw/tedlium-test-epoch-5-no_aug.jsonl
tedlium,test,no_aug,pre_update,331,1,0.0250399020,,0.0250399020,0.0250399020,5,9e-05,0,0,0,raw/tedlium-test-epoch-5-no_aug.jsonl
tedlium,test,no_aug,pre_update,332,1,0.0265486538,,0.0265486538,0.0265486538,5,9e-05,0,0,0,raw/tedlium-test-epoch-5-no_aug.jsonl
tedlium,test,no_aug,pre_update,333,1,0.0206403099,,0.0206403099,0.0206403099,5,9e-05,0,0,0,raw/tedlium-test-epoch-5-no_aug.jsonl
tedlium,test,no_aug,pre_update,334,1,0.0134866452,,0.0134866452,0.0134866452,5,9e-05,0,0,0,raw/tedlium-test-epoch-5-no_aug.jsonl
tedlium,test,no_aug,pre_update,335,1,0.0249073990,,0.0249073990,0.0249073990,5,9e-05,0,0,0,raw/tedlium-test-epoch-5-no_aug.jsonl
tedlium,test,no_aug,pre_update,336,1,0.0208542608,,0.0208542608,0.0208542608,5,9e-05,0,0,0,raw/tedlium-test-epoch-5-no_aug.jsonl
tedlium,test,no_aug,pre_update,337,1,0.0094648236,,0.0094648236,0.0094648236,5,9e-05,0,0,0,raw/tedlium-test-epoch-5-no_aug.jsonl
tedlium,test,no_aug,pre_update,338,1,0.0180645138,,0.0180645138,0.0180645138,5,9e-05,0,0,0,raw/tedlium-test-epoch-5-no_aug.jsonl
tedlium,test,no_aug,pre_update,339,1,0.0219740011,,0.0219740011,0.0219740011,5,9e-05,0,0,0,raw/tedlium-test-epoch-5-no_aug.jsonl
tedlium,test,no_aug,pre_update,340,1,0.0179469921,,0.0179469921,0.0179469921,5,9e-05,0,0,0,raw/tedlium-test-epoch-5-no_aug.jsonl
tedlium,test,no_aug,pre_update,341,1,0.0117363874,,0.0117363874,0.0117363874,5,9e-05,0,0,0,raw/tedlium-test-epoch-5-no_aug.jsonl
tedlium,test,no_aug,pre_update,342,1,0.0280410945,,0.0280410945,0.0280410945,5,9e-05,0,0,0,raw/tedlium-test-epoch-5-no_aug.jsonl
tedlium,test,no_aug,pre_update,343,1,0.0249387510,,0.0249387510,0.0249387510,5,9e-05,0,0,0,raw/tedlium-test-epoch-5-no_aug.jsonl
tedlium,test,no_aug,pre_update,344,1,0.0186282992,,0.0186282992,0.0186282992,5,9e-05,0,0,0,raw/tedlium-test-epoch-5-no_aug.jsonl
tedlium,test,no_aug,pre_update,345,1,0.0236648154,,0.0236648154,0.0236648154,5,9e-05,0,0,0,raw/tedlium-test-epoch-5-no_aug.jsonl
tedlium,test,no_aug,pre_update,346,1,0.0202849954,,0.0202849954,0.0202849954,5,9e-05,0,0,0,raw/tedlium-test-epoch-5-no_aug.jsonl
tedlium,test,no_aug,pre_update,347,1,0.0271013491,,0.0271013491,0.0271013491,5,9e-05,0,0,0,raw/tedlium-test-epoch-5-no_aug.jsonl
tedlium,test,no_aug,pre_update,348,1,0.0206796341,,0.0206796341,0.0206796341,5,9e-05,0,0,0,raw/tedlium-test-epoch-5-no_aug.jsonl
tedlium,test,no_aug,pre_update,349,1,0.0231727492,,0.0231727492,0.0231727492,5,9e-05,0,0,0,raw/tedlium-test-epoch-5-no_aug.jsonl
tedlium,test,no_aug,pre_update,350,1,0.0192788150,,0.0192788150,0.0192788150,5,9e-05,0,0,0,raw/tedlium-test-epoch-5-no_aug.jsonl
tedlium,test,no_aug,pre_update,351,1,0.0250627287,,0.0250627287,0.0250627287,5,9e-05,0,0,0,raw/tedlium-test-epoch-5-no_aug.jsonl
tedlium,test,no_aug,pre_update,352,1,0.0212299451,,0.0212299451,0.0212299451,5,9e-05,0,0,0,raw/tedlium-test-epoch-5-no_aug.jsonl
tedlium,test,no_aug,pre_update,353,1,0.0250063632,,0.0250063632,0.0250063632,5,9e-05,0,0,0,raw/tedlium-test-epoch-5-no_aug.jsonl
tedlium,test,no_aug,pre_update,354,1,0.0184064656,,0.0184064656,0.0184064656,5,9e-05,0,0,0,raw/tedlium-test-epoch-5-no_aug.jsonl
tedlium,test,no_aug,pre_update,355,1,0.0262887627,,0.0262887627,0.0262887627,5,9e-05,0,0,0,raw/tedlium-test-epoch-5-no_aug.jsonl
tedlium,test,no_aug,pre_update,356,1,0.0231248401,,0.0231248401,0.0231248401,5,9e-05,0,0,0,raw/tedlium-test-epoch-5-no_aug.jsonl
tedlium,test,no_aug,pre_update,357,1,0.0252311025,,0.0252311025,0.0252311025,5,9e-05,0,0,0,raw/tedlium-test-epoch-5-no_aug.jsonl
tedlium,test,no_aug,pre_update,358,1,0.0208227728,,0.0208227728,0.0208227728,5,9e-05,0,0,0,raw/tedlium-test-epoch-5-no_aug.jsonl
tedlium,test,no_aug,pre_update,359,1,0.0206387248,,0.0206387248,0.0206387248,5,9e-05,0,0,0,raw/tedlium-test-epoch-5-no_aug.jsonl
tedlium,test,no_aug,pre_update,360,1,0.0289557632,,0.0289557632,0.0289557632,5,9e-05,0,0,0,raw/tedlium-test-epoch-5-no_aug.jsonl
tedlium,test,no_aug,pre_update,361,1,0.0180857424,,0.0180857424,0.0180857424,5,9e-05,0,0,0,raw/tedlium-test-epoch-5-no_aug.jsonl
tedlium,test,no_aug,pre_update,362,1,0.0261624120,,0.0261624120,0.0261624120,5,9e-05,0,0,0,raw/tedlium-test-epoch-5-no_aug.jsonl
tedlium,test,no_aug,pre_update,363,1,0.0254968051,,0.0254968051,0.0254968051,5,9e-05,0,0,0,raw/tedlium-test-epoch-5-no_aug.jsonl
tedlium,test,no_aug,pre_update,364,1,0.0277843028,,0.0277843028,0.0277843028,5,9e-05,0,0,0,raw/tedlium-test-epoch-5-no_aug.jsonl
tedlium,test,no_aug,pre_update,365,1,0.0254836474,,0.0254836474,0.0254836474,5,9e-05,0,0,0,raw/tedlium-test-epoch-5-no_aug.jsonl
tedlium,test,no_aug,pre_update,366,1,0.0187667459,,0.0187667459,0.0187667459,5,9e-05,0,0,0,raw/tedlium-test-epoch-5-no_aug.jsonl
tedlium,test,no_aug,pre_update,367,1,0.0198529884,,0.0198529884,0.0198529884,5,9e-05,0,0,0,raw/tedlium-test-epoch-5-no_aug.jsonl
tedlium,test,no_aug,pre_update,368,1,0.0244956668,,0.0244956668,0.0244956668,5,9e-05,0,0,0,raw/tedlium-test-epoch-5-no_aug.jsonl
tedlium,test,no_aug,pre_update,369,1,0.0208904222,,0.0208904222,0.0208904222,5,9e-05,0,0,0,raw/tedlium-test-epoch-5-no_aug.jsonl
tedlium,test,no_aug,pre_update,370,1,0.0214722902,,0.0214722902,0.0214722902,5,9e-05,0,0,0,raw/tedlium-test-epoch-5-no_aug.jsonl
tedlium,test,no_aug,pre_update,371,1,0.0181612652,,0.0181612652,0.0181612652,5,9e-05,0,0,0,raw/tedlium-test-epoch-5-no_aug.jsonl
tedlium,test,no_aug,pre_update,372,1,0.0217119399,,0.0217119399,0.0217119399,5,9e-05,0,0,0,raw/tedlium-test-epoch-5-no_aug.jsonl
tedlium,test,no_aug,pre_update,373,1,0.0242585503,,0.0242585503,0.0242585503,5,9e-05,0,0,0,raw/tedlium-test-epoch-5-no_aug.jsonl
tedlium,test,no_aug,pre_update,374,1,0.0239892676,,0.0239892676,0.0239892676,5,9e-05,0,0,0,raw/tedlium-test-epoch-5-no_aug.jsonl
tedlium,test,no_aug,pre_update,375,1,0.0229317136,,0.0229317136,0.0229317136,5,9e-05,0,0,0,raw/tedlium-test-epoch-5-no_aug.jsonl
tedlium,test,no_aug,pre_update,376,1,0.0164739899,,0.0164739899,0.0164739899,5,9e-05,0,0,0,raw/tedlium-test-epoch-5-no_aug.jsonl
tedlium,test,no_aug,pre_update,377,1,0.0379921570,,0.0379921570,0.0379921570,5,9e-05,0,0,0,raw/tedlium-test-epoch-5-no_aug.jsonl
tedlium,test,no_aug,pre_update,378,1,0.0206395313,,0.0206395313,0.0206395313,5,9e-05,0,0,0,raw/tedlium-test-epoch-5-no_aug.jsonl
tedlium,test,no_aug,pre_update,379,1,0.0207240134,,0.0207240134,0.0207240134,5,9e-05,0,0,0,raw/tedlium-test-epoch-5-no_aug.jsonl
tedlium,test,no_aug,pre_update,380,1,0.0219050199,,0.0219050199,0.0219050199,5,9e-05,0,0,0,raw/tedlium-test-epoch-5-no_aug.jsonl
tedlium,test,no_aug,pre_update,381,1,0.0197364725,,0.0197364725,0.0197364725,5,9e-05,0,0,0,raw/tedlium-test-epoch-5-no_aug.jsonl
tedlium,test,no_aug,pre_update,382,1,0.0203350745,,0.0203350745,0.0203350745,5,9e-05,0,0,0,raw/tedlium-test-epoch-5-no_aug.jsonl
tedlium,test,no_aug,pre_update,383,1,0.0232737288,,0.0232737288,0.0232737288,5,9e-05,0,0,0,raw/tedlium-test-epoch-5-no_aug.jsonl
tedlium,test,no_aug,pre_update,384,1,0.0196985193,,0.0196985193,0.0196985193,5,9e-05,0,0,0,raw/tedlium-test-epoch-5-no_aug.jsonl
tedlium,test,no_aug,pre_update,385,1,0.0325401537,,0.0325401537,0.0325401537,5,9e-05,0,0,0,raw/tedlium-test-epoch-5-no_aug.jsonl
tedlium,test,no_aug,pre_update,386,1,0.0223949067,,0.0223949067,0.0223949067,5,9e-05,0,0,0,raw/tedlium-test-epoch-5-no_aug.jsonl
tedlium,test,no_aug,pre_update,387,1,0.0237327032,,0.0237327032,0.0237327032,5,9e-05,0,0,0,raw/tedlium-test-epoch-5-no_aug.jsonl
tedlium,test,no_aug,pre_update,388,1,0.0190167278,,0.0190167278,0.0190167278,5,9e-05,0,0,0,raw/tedlium-test-epoch-5-no_aug.jsonl
tedlium,test,no_aug,pre_update,389,1,0.0209101643,,0.0209101643,0.0209101643,5,9e-05,0,0,0,raw/tedlium-test-epoch-5-no_aug.jsonl
tedlium,test,no_aug,pre_update,390,1,0.0186043940,,0.0186043940,0.0186043940,5,9e-05,0,0,0,raw/tedlium-test-epoch-5-no_aug.jsonl
tedlium,test,no_aug,pre_update,391,1,0.0216772780,,0.0216772780,0.0216772780,5,9e-05,0,0,0,raw/tedlium-test-epoch-5-no_aug.jsonl
tedlium,test,no_aug,pre_update,392,1,0.0215571858,,0.0215571858,0.0215571858,5,9e-05,0,0,0,raw/tedlium-test-epoch-5-no_aug.jsonl
tedlium,test,no_aug,pre_update,393,1,0.0242253374,,0.0242253374,0.0242253374,5,9e-05,0,0,0,raw/tedlium-test-epoch-5-no_aug.jsonl
tedlium,test,no_aug,pre_update,394,1,0.0177706406,,0.0177706406,0.0177706406,5,9e-05,0,0,0,raw/tedlium-test-epoch-5-no_aug.jsonl
tedlium,test,no_aug,pre_update,395,1,0.0262954496,,0.0262954496,0.0262954496,5,9e-05,0,0,0,raw/tedlium-test-epoch-5-no_aug.jsonl
tedlium,test,no_aug,pre_update,396,1,0.0195080340,,0.0195080340,0.0195080340,5,9e-05,0,0,0,raw/tedlium-test-epoch-5-no_aug.jsonl
tedlium,test,no_aug,pre_update,397,1,0.0213886239,,0.0213886239,0.0213886239,5,9e-05,0,0,0,raw/tedlium-test-epoch-5-no_aug.jsonl
tedlium,test,no_aug,pre_update,398,1,0.0189269129,,0.0189269129,0.0189269129,5,9e-05,0,0,0,raw/tedlium-test-epoch-5-no_aug.jsonl
tedlium,test,no_aug,pre_update,399,1,0.0249178167,,0.0249178167,0.0249178167,5,9e-05,0,0,0,raw/tedlium-test-epoch-5-no_aug.jsonl
